{"type": "FeatureCollection", "name": "Indicative proximity grid", "license": "OpenStreetMap data © OpenStreetMap contributors, ODbL 1.0", "features": [{"type": "Feature", "properties": {"nearest_m": 550.1, "band": "400–800 m"}, "geometry": {"type": "Polygon", "coordinates": [[[76.90499999999999, 11.114999999999998], [76.90999999999998, 11.114999999999998], [76.90999999999998, 11.12], [76.90499999999999, 11.12], [76.90499999999999, 11.114999999999998]]]}}, {"type": "Feature", "properties": {"nearest_m": 318.6, "band": "0–400 m"}, "geometry": {"type": "Polygon", "coordinates": [[[76.91, 11.114999999999998], [76.91499999999999, 11.114999999999998], [76.91499999999999, 11.12], [76.91, 11.12], [76.91, 11.114999999999998]]]}}, {"type": "Feature", "properties": {"nearest_m": 705.3, "band": "400–800 m"}, "geometry": {"type": "Polygon", "coordinates": [[[76.91499999999999, 11.114999999999998], [76.91999999999999, 11.114999999999998], [76.91999999999999, 11.12], [76.91499999999999, 11.12], [76.91499999999999, 11.114999999999998]]]}}, {"type": "Feature", "properties": {"nearest_m": 631.1, "band": "400–800 m"}, "geometry": {"type": "Polygon", "coordinates": [[[77.035, 11.114999999999998], [77.03999999999999, 11.114999999999998], [77.03999999999999, 11.12], [77.035, 11.12], [77.035, 11.114999999999998]]]}}, {"type": "Feature", "properties": {"nearest_m": 172.0, "band": "0–400 m"}, "geometry": {"type": "Polygon", "coordinates": [[[77.03999999999999, 11.114999999999998], [77.04499999999999, 11.114999999999998], [77.04499999999999, 11.12], [77.03999999999999, 11.12], [77.03999999999999, 11.114999999999998]]]}}, {"type": "Feature", "properties": {"nearest_m": 151.8, "band": "0–400 m"}, "geometry": {"type": "Polygon", "coordinates": [[[77.04499999999999, 11.114999999999998], [77.04999999999998, 11.114999999999998], [77.04999999999998, 11.12], [77.04499999999999, 11.12], [77.04499999999999, 11.114999999999998]]]}}, {"type": "Feature", "properties": {"nearest_m": 485.4, "band": "400–800 m"}, "geometry": {"type": "Polygon", "coordinates": [[[77.05, 11.114999999999998], [77.05499999999999, 11.114999999999998], [77.05499999999999, 11.12], [77.05, 11.12], [77.05, 11.114999999999998]]]}}, {"type": "Feature", "properties": {"nearest_m": 521.5, "band": "400–800 m"}, "geometry": {"type": "Polygon", "coordinates": [[[76.90499999999999, 11.109999999999998], [76.90999999999998, 11.109999999999998], [76.90999999999998, 11.114999999999998], [76.90499999999999, 11.114999999999998], [76.90499999999999, 11.109999999999998]]]}}, {"type": "Feature", "properties": {"nearest_m": 266.1, "band": "0–400 m"}, "geometry": {"type": "Polygon", "coordinates": [[[76.91, 11.109999999999998], [76.91499999999999, 11.109999999999998], [76.91499999999999, 11.114999999999998], [76.91, 11.114999999999998], [76.91, 11.109999999999998]]]}}, {"type": "Feature", "properties": {"nearest_m": 683.1, "band": "400–800 m"}, "geometry": {"type": "Polygon", "coordinates": [[[76.91499999999999, 11.109999999999998], [76.91999999999999, 11.109999999999998], [76.91999999999999, 11.114999999999998], [76.91499999999999, 11.114999999999998], [76.91499999999999, 11.109999999999998]]]}}, {"type": "Feature", "properties": {"nearest_m": 597.1, "band": "400–800 m"}, "geometry": {"type": "Polygon", "coordinates": [[[77.02, 11.109999999999998], [77.02499999999999, 11.109999999999998], [77.02499999999999, 11.114999999999998], [77.02, 11.114999999999998], [77.02, 11.109999999999998]]]}}, {"type": "Feature", "properties": {"nearest_m": 707.0, "band": "400–800 m"}, "geometry": {"type": "Polygon", "coordinates": [[[77.02499999999999, 11.109999999999998], [77.02999999999999, 11.109999999999998], [77.02999999999999, 11.114999999999998], [77.02499999999999, 11.114999999999998], [77.02499999999999, 11.109999999999998]]]}}, {"type": "Feature", "properties": {"nearest_m": 728.3, "band": "400–800 m"}, "geometry": {"type": "Polygon", "coordinates": [[[77.035, 11.109999999999998], [77.03999999999999, 11.109999999999998], [77.03999999999999, 11.114999999999998], [77.035, 11.114999999999998], [77.035, 11.109999999999998]]]}}, {"type": "Feature", "properties": {"nearest_m": 402.2, "band": "400–800 m"}, "geometry": {"type": "Polygon", "coordinates": [[[77.03999999999999, 11.109999999999998], [77.04499999999999, 11.109999999999998], [77.04499999999999, 11.114999999999998], [77.03999999999999, 11.114999999999998], [77.03999999999999, 11.109999999999998]]]}}, {"type": "Feature", "properties": {"nearest_m": 433.9, "band": "400–800 m"}, "geometry": {"type": "Polygon", "coordinates": [[[77.04499999999999, 11.109999999999998], [77.04999999999998, 11.109999999999998], [77.04999999999998, 11.114999999999998], [77.04499999999999, 11.114999999999998], [77.04499999999999, 11.109999999999998]]]}}, {"type": "Feature", "properties": {"nearest_m": 633.1, "band": "400–800 m"}, "geometry": {"type": "Polygon", "coordinates": [[[77.05, 11.109999999999998], [77.05499999999999, 11.109999999999998], [77.05499999999999, 11.114999999999998], [77.05, 11.114999999999998], [77.05, 11.109999999999998]]]}}, {"type": "Feature", "properties": {"nearest_m": 684.3, "band": "400–800 m"}, "geometry": {"type": "Polygon", "coordinates": [[[76.96, 11.104999999999999], [76.96499999999999, 11.104999999999999], [76.96499999999999, 11.11], [76.96, 11.11], [76.96, 11.104999999999999]]]}}, {"type": "Feature", "properties": {"nearest_m": 607.9, "band": "400–800 m"}, "geometry": {"type": "Polygon", "coordinates": [[[76.96499999999999, 11.104999999999999], [76.96999999999998, 11.104999999999999], [76.96999999999998, 11.11], [76.96499999999999, 11.11], [76.96499999999999, 11.104999999999999]]]}}, {"type": "Feature", "properties": {"nearest_m": 751.2, "band": "400–800 m"}, "geometry": {"type": "Polygon", "coordinates": [[[76.97, 11.104999999999999], [76.975, 11.104999999999999], [76.975, 11.11], [76.97, 11.11], [76.97, 11.104999999999999]]]}}, {"type": "Feature", "properties": {"nearest_m": 499.0, "band": "400–800 m"}, "geometry": {"type": "Polygon", "coordinates": [[[76.97999999999999, 11.104999999999999], [76.98499999999999, 11.104999999999999], [76.98499999999999, 11.11], [76.97999999999999, 11.11], [76.97999999999999, 11.104999999999999]]]}}, {"type": "Feature", "properties": {"nearest_m": 601.4, "band": "400–800 m"}, "geometry": {"type": "Polygon", "coordinates": [[[76.985, 11.104999999999999], [76.99, 11.104999999999999], [76.99, 11.11], [76.985, 11.11], [76.985, 11.104999999999999]]]}}, {"type": "Feature", "properties": {"nearest_m": 642.5, "band": "400–800 m"}, "geometry": {"type": "Polygon", "coordinates": [[[77.015, 11.104999999999999], [77.02, 11.104999999999999], [77.02, 11.11], [77.015, 11.11], [77.015, 11.104999999999999]]]}}, {"type": "Feature", "properties": {"nearest_m": 144.0, "band": "0–400 m"}, "geometry": {"type": "Polygon", "coordinates": [[[77.02, 11.104999999999999], [77.02499999999999, 11.104999999999999], [77.02499999999999, 11.11], [77.02, 11.11], [77.02, 11.104999999999999]]]}}, {"type": "Feature", "properties": {"nearest_m": 236.8, "band": "0–400 m"}, "geometry": {"type": "Polygon", "coordinates": [[[77.02499999999999, 11.104999999999999], [77.02999999999999, 11.104999999999999], [77.02999999999999, 11.11], [77.02499999999999, 11.11], [77.02499999999999, 11.104999999999999]]]}}, {"type": "Feature", "properties": {"nearest_m": 472.1, "band": "400–800 m"}, "geometry": {"type": "Polygon", "coordinates": [[[77.03, 11.104999999999999], [77.035, 11.104999999999999], [77.035, 11.11], [77.03, 11.11], [77.03, 11.104999999999999]]]}}, {"type": "Feature", "properties": {"nearest_m": 613.2, "band": "400–800 m"}, "geometry": {"type": "Polygon", "coordinates": [[[76.955, 11.099999999999998], [76.96, 11.099999999999998], [76.96, 11.104999999999999], [76.955, 11.104999999999999], [76.955, 11.099999999999998]]]}}, {"type": "Feature", "properties": {"nearest_m": 165.9, "band": "0–400 m"}, "geometry": {"type": "Polygon", "coordinates": [[[76.96, 11.099999999999998], [76.96499999999999, 11.099999999999998], [76.96499999999999, 11.104999999999999], [76.96, 11.104999999999999], [76.96, 11.099999999999998]]]}}, {"type": "Feature", "properties": {"nearest_m": 104.6, "band": "0–400 m"}, "geometry": {"type": "Polygon", "coordinates": [[[76.96499999999999, 11.099999999999998], [76.96999999999998, 11.099999999999998], [76.96999999999998, 11.104999999999999], [76.96499999999999, 11.104999999999999], [76.96499999999999, 11.099999999999998]]]}}, {"type": "Feature", "properties": {"nearest_m": 453.5, "band": "400–800 m"}, "geometry": {"type": "Polygon", "coordinates": [[[76.97, 11.099999999999998], [76.975, 11.099999999999998], [76.975, 11.104999999999999], [76.97, 11.104999999999999], [76.97, 11.099999999999998]]]}}, {"type": "Feature", "properties": {"nearest_m": 721.8, "band": "400–800 m"}, "geometry": {"type": "Polygon", "coordinates": [[[76.975, 11.099999999999998], [76.97999999999999, 11.099999999999998], [76.97999999999999, 11.104999999999999], [76.975, 11.104999999999999], [76.975, 11.099999999999998]]]}}, {"type": "Feature", "properties": {"nearest_m": 191.3, "band": "0–400 m"}, "geometry": {"type": "Polygon", "coordinates": [[[76.97999999999999, 11.099999999999998], [76.98499999999999, 11.099999999999998], [76.98499999999999, 11.104999999999999], [76.97999999999999, 11.104999999999999], [76.97999999999999, 11.099999999999998]]]}}, {"type": "Feature", "properties": {"nearest_m": 386.3, "band": "0–400 m"}, "geometry": {"type": "Polygon", "coordinates": [[[76.985, 11.099999999999998], [76.99, 11.099999999999998], [76.99, 11.104999999999999], [76.985, 11.104999999999999], [76.985, 11.099999999999998]]]}}, {"type": "Feature", "properties": {"nearest_m": 710.4, "band": "400–800 m"}, "geometry": {"type": "Polygon", "coordinates": [[[77.005, 11.099999999999998], [77.00999999999999, 11.099999999999998], [77.00999999999999, 11.104999999999999], [77.005, 11.104999999999999], [77.005, 11.099999999999998]]]}}, {"type": "Feature", "properties": {"nearest_m": 510.1, "band": "400–800 m"}, "geometry": {"type": "Polygon", "coordinates": [[[77.00999999999999, 11.099999999999998], [77.01499999999999, 11.099999999999998], [77.01499999999999, 11.104999999999999], [77.00999999999999, 11.104999999999999], [77.00999999999999, 11.099999999999998]]]}}, {"type": "Feature", "properties": {"nearest_m": 430.8, "band": "400–800 m"}, "geometry": {"type": "Polygon", "coordinates": [[[77.015, 11.099999999999998], [77.02, 11.099999999999998], [77.02, 11.104999999999999], [77.015, 11.104999999999999], [77.015, 11.099999999999998]]]}}, {"type": "Feature", "properties": {"nearest_m": 115.8, "band": "0–400 m"}, "geometry": {"type": "Polygon", "coordinates": [[[77.02, 11.099999999999998], [77.02499999999999, 11.099999999999998], [77.02499999999999, 11.104999999999999], [77.02, 11.104999999999999], [77.02, 11.099999999999998]]]}}, {"type": "Feature", "properties": {"nearest_m": 88.1, "band": "0–400 m"}, "geometry": {"type": "Polygon", "coordinates": [[[77.02499999999999, 11.099999999999998], [77.02999999999999, 11.099999999999998], [77.02999999999999, 11.104999999999999], [77.02499999999999, 11.104999999999999], [77.02499999999999, 11.099999999999998]]]}}, {"type": "Feature", "properties": {"nearest_m": 498.1, "band": "400–800 m"}, "geometry": {"type": "Polygon", "coordinates": [[[77.03, 11.099999999999998], [77.035, 11.099999999999998], [77.035, 11.104999999999999], [77.03, 11.104999999999999], [77.03, 11.099999999999998]]]}}, {"type": "Feature", "properties": {"nearest_m": 590.7, "band": "400–800 m"}, "geometry": {"type": "Polygon", "coordinates": [[[77.03999999999999, 11.099999999999998], [77.04499999999999, 11.099999999999998], [77.04499999999999, 11.104999999999999], [77.03999999999999, 11.104999999999999], [77.03999999999999, 11.099999999999998]]]}}, {"type": "Feature", "properties": {"nearest_m": 680.6, "band": "400–800 m"}, "geometry": {"type": "Polygon", "coordinates": [[[77.04499999999999, 11.099999999999998], [77.04999999999998, 11.099999999999998], [77.04999999999998, 11.104999999999999], [77.04499999999999, 11.104999999999999], [77.04499999999999, 11.099999999999998]]]}}, {"type": "Feature", "properties": {"nearest_m": 716.1, "band": "400–800 m"}, "geometry": {"type": "Polygon", "coordinates": [[[77.065, 11.099999999999998], [77.07, 11.099999999999998], [77.07, 11.104999999999999], [77.065, 11.104999999999999], [77.065, 11.099999999999998]]]}}, {"type": "Feature", "properties": {"nearest_m": 672.7, "band": "400–800 m"}, "geometry": {"type": "Polygon", "coordinates": [[[77.07, 11.099999999999998], [77.07499999999999, 11.099999999999998], [77.07499999999999, 11.104999999999999], [77.07, 11.104999999999999], [77.07, 11.099999999999998]]]}}, {"type": "Feature", "properties": {"nearest_m": 787.8, "band": "400–800 m"}, "geometry": {"type": "Polygon", "coordinates": [[[76.93499999999999, 11.094999999999999], [76.93999999999998, 11.094999999999999], [76.93999999999998, 11.1], [76.93499999999999, 11.1], [76.93499999999999, 11.094999999999999]]]}}, {"type": "Feature", "properties": {"nearest_m": 713.0, "band": "400–800 m"}, "geometry": {"type": "Polygon", "coordinates": [[[76.955, 11.094999999999999], [76.96, 11.094999999999999], [76.96, 11.1], [76.955, 11.1], [76.955, 11.094999999999999]]]}}, {"type": "Feature", "properties": {"nearest_m": 365.2, "band": "0–400 m"}, "geometry": {"type": "Polygon", "coordinates": [[[76.96, 11.094999999999999], [76.96499999999999, 11.094999999999999], [76.96499999999999, 11.1], [76.96, 11.1], [76.96, 11.094999999999999]]]}}, {"type": "Feature", "properties": {"nearest_m": 374.6, "band": "0–400 m"}, "geometry": {"type": "Polygon", "coordinates": [[[76.96499999999999, 11.094999999999999], [76.96999999999998, 11.094999999999999], [76.96999999999998, 11.1], [76.96499999999999, 11.1], [76.96499999999999, 11.094999999999999]]]}}, {"type": "Feature", "properties": {"nearest_m": 669.4, "band": "400–800 m"}, "geometry": {"type": "Polygon", "coordinates": [[[76.97, 11.094999999999999], [76.975, 11.094999999999999], [76.975, 11.1], [76.97, 11.1], [76.97, 11.094999999999999]]]}}, {"type": "Feature", "properties": {"nearest_m": 666.1, "band": "400–800 m"}, "geometry": {"type": "Polygon", "coordinates": [[[76.97999999999999, 11.094999999999999], [76.98499999999999, 11.094999999999999], [76.98499999999999, 11.1], [76.97999999999999, 11.1], [76.97999999999999, 11.094999999999999]]]}}, {"type": "Feature", "properties": {"nearest_m": 745.9, "band": "400–800 m"}, "geometry": {"type": "Polygon", "coordinates": [[[76.985, 11.094999999999999], [76.99, 11.094999999999999], [76.99, 11.1], [76.985, 11.1], [76.985, 11.094999999999999]]]}}, {"type": "Feature", "properties": {"nearest_m": 402.7, "band": "400–800 m"}, "geometry": {"type": "Polygon", "coordinates": [[[77.005, 11.094999999999999], [77.00999999999999, 11.094999999999999], [77.00999999999999, 11.1], [77.005, 11.1], [77.005, 11.094999999999999]]]}}, {"type": "Feature", "properties": {"nearest_m": 69.6, "band": "0–400 m"}, "geometry": {"type": "Polygon", "coordinates": [[[77.00999999999999, 11.094999999999999], [77.01499999999999, 11.094999999999999], [77.01499999999999, 11.1], [77.00999999999999, 11.1], [77.00999999999999, 11.094999999999999]]]}}, {"type": "Feature", "properties": {"nearest_m": 597.9, "band": "400–800 m"}, "geometry": {"type": "Polygon", "coordinates": [[[77.015, 11.094999999999999], [77.02, 11.094999999999999], [77.02, 11.1], [77.015, 11.1], [77.015, 11.094999999999999]]]}}, {"type": "Feature", "properties": {"nearest_m": 562.9, "band": "400–800 m"}, "geometry": {"type": "Polygon", "coordinates": [[[77.02, 11.094999999999999], [77.02499999999999, 11.094999999999999], [77.02499999999999, 11.1], [77.02, 11.1], [77.02, 11.094999999999999]]]}}, {"type": "Feature", "properties": {"nearest_m": 365.3, "band": "0–400 m"}, "geometry": {"type": "Polygon", "coordinates": [[[77.02499999999999, 11.094999999999999], [77.02999999999999, 11.094999999999999], [77.02999999999999, 11.1], [77.02499999999999, 11.1], [77.02499999999999, 11.094999999999999]]]}}, {"type": "Feature", "properties": {"nearest_m": 661.3, "band": "400–800 m"}, "geometry": {"type": "Polygon", "coordinates": [[[77.03, 11.094999999999999], [77.035, 11.094999999999999], [77.035, 11.1], [77.03, 11.1], [77.03, 11.094999999999999]]]}}, {"type": "Feature", "properties": {"nearest_m": 715.0, "band": "400–800 m"}, "geometry": {"type": "Polygon", "coordinates": [[[77.035, 11.094999999999999], [77.03999999999999, 11.094999999999999], [77.03999999999999, 11.1], [77.035, 11.1], [77.035, 11.094999999999999]]]}}, {"type": "Feature", "properties": {"nearest_m": 168.9, "band": "0–400 m"}, "geometry": {"type": "Polygon", "coordinates": [[[77.03999999999999, 11.094999999999999], [77.04499999999999, 11.094999999999999], [77.04499999999999, 11.1], [77.03999999999999, 11.1], [77.03999999999999, 11.094999999999999]]]}}, {"type": "Feature", "properties": {"nearest_m": 377.8, "band": "0–400 m"}, "geometry": {"type": "Polygon", "coordinates": [[[77.04499999999999, 11.094999999999999], [77.04999999999998, 11.094999999999999], [77.04999999999998, 11.1], [77.04499999999999, 11.1], [77.04499999999999, 11.094999999999999]]]}}, {"type": "Feature", "properties": {"nearest_m": 337.9, "band": "0–400 m"}, "geometry": {"type": "Polygon", "coordinates": [[[77.065, 11.094999999999999], [77.07, 11.094999999999999], [77.07, 11.1], [77.065, 11.1], [77.065, 11.094999999999999]]]}}, {"type": "Feature", "properties": {"nearest_m": 232.1, "band": "0–400 m"}, "geometry": {"type": "Polygon", "coordinates": [[[77.07, 11.094999999999999], [77.07499999999999, 11.094999999999999], [77.07499999999999, 11.1], [77.07, 11.1], [77.07, 11.094999999999999]]]}}, {"type": "Feature", "properties": {"nearest_m": 768.5, "band": "400–800 m"}, "geometry": {"type": "Polygon", "coordinates": [[[77.07499999999999, 11.094999999999999], [77.07999999999998, 11.094999999999999], [77.07999999999998, 11.1], [77.07499999999999, 11.1], [77.07499999999999, 11.094999999999999]]]}}, {"type": "Feature", "properties": {"nearest_m": 745.7, "band": "400–800 m"}, "geometry": {"type": "Polygon", "coordinates": [[[76.91499999999999, 11.089999999999998], [76.91999999999999, 11.089999999999998], [76.91999999999999, 11.094999999999999], [76.91499999999999, 11.094999999999999], [76.91499999999999, 11.089999999999998]]]}}, {"type": "Feature", "properties": {"nearest_m": 682.5, "band": "400–800 m"}, "geometry": {"type": "Polygon", "coordinates": [[[76.92999999999999, 11.089999999999998], [76.93499999999999, 11.089999999999998], [76.93499999999999, 11.094999999999999], [76.92999999999999, 11.094999999999999], [76.92999999999999, 11.089999999999998]]]}}, {"type": "Feature", "properties": {"nearest_m": 245.5, "band": "0–400 m"}, "geometry": {"type": "Polygon", "coordinates": [[[76.93499999999999, 11.089999999999998], [76.93999999999998, 11.089999999999998], [76.93999999999998, 11.094999999999999], [76.93499999999999, 11.094999999999999], [76.93499999999999, 11.089999999999998]]]}}, {"type": "Feature", "properties": {"nearest_m": 290.4, "band": "0–400 m"}, "geometry": {"type": "Polygon", "coordinates": [[[76.94, 11.089999999999998], [76.945, 11.089999999999998], [76.945, 11.094999999999999], [76.94, 11.094999999999999], [76.94, 11.089999999999998]]]}}, {"type": "Feature", "properties": {"nearest_m": 631.3, "band": "400–800 m"}, "geometry": {"type": "Polygon", "coordinates": [[[76.945, 11.089999999999998], [76.94999999999999, 11.089999999999998], [76.94999999999999, 11.094999999999999], [76.945, 11.094999999999999], [76.945, 11.089999999999998]]]}}, {"type": "Feature", "properties": {"nearest_m": 335.9, "band": "0–400 m"}, "geometry": {"type": "Polygon", "coordinates": [[[76.96499999999999, 11.089999999999998], [76.96999999999998, 11.089999999999998], [76.96999999999998, 11.094999999999999], [76.96499999999999, 11.094999999999999], [76.96499999999999, 11.089999999999998]]]}}, {"type": "Feature", "properties": {"nearest_m": 231.9, "band": "0–400 m"}, "geometry": {"type": "Polygon", "coordinates": [[[76.97, 11.089999999999998], [76.975, 11.089999999999998], [76.975, 11.094999999999999], [76.97, 11.094999999999999], [76.97, 11.089999999999998]]]}}, {"type": "Feature", "properties": {"nearest_m": 769.3, "band": "400–800 m"}, "geometry": {"type": "Polygon", "coordinates": [[[76.975, 11.089999999999998], [76.97999999999999, 11.089999999999998], [76.97999999999999, 11.094999999999999], [76.975, 11.094999999999999], [76.975, 11.089999999999998]]]}}, {"type": "Feature", "properties": {"nearest_m": 696.7, "band": "400–800 m"}, "geometry": {"type": "Polygon", "coordinates": [[[76.97999999999999, 11.089999999999998], [76.98499999999999, 11.089999999999998], [76.98499999999999, 11.094999999999999], [76.97999999999999, 11.094999999999999], [76.97999999999999, 11.089999999999998]]]}}, {"type": "Feature", "properties": {"nearest_m": 738.4, "band": "400–800 m"}, "geometry": {"type": "Polygon", "coordinates": [[[76.985, 11.089999999999998], [76.99, 11.089999999999998], [76.99, 11.094999999999999], [76.985, 11.094999999999999], [76.985, 11.089999999999998]]]}}, {"type": "Feature", "properties": {"nearest_m": 761.0, "band": "400–800 m"}, "geometry": {"type": "Polygon", "coordinates": [[[76.99499999999999, 11.089999999999998], [76.99999999999999, 11.089999999999998], [76.99999999999999, 11.094999999999999], [76.99499999999999, 11.094999999999999], [76.99499999999999, 11.089999999999998]]]}}, {"type": "Feature", "properties": {"nearest_m": 547.4, "band": "400–800 m"}, "geometry": {"type": "Polygon", "coordinates": [[[77.0, 11.089999999999998], [77.005, 11.089999999999998], [77.005, 11.094999999999999], [77.0, 11.094999999999999], [77.0, 11.089999999999998]]]}}, {"type": "Feature", "properties": {"nearest_m": 325.7, "band": "0–400 m"}, "geometry": {"type": "Polygon", "coordinates": [[[77.005, 11.089999999999998], [77.00999999999999, 11.089999999999998], [77.00999999999999, 11.094999999999999], [77.005, 11.094999999999999], [77.005, 11.089999999999998]]]}}, {"type": "Feature", "properties": {"nearest_m": 285.5, "band": "0–400 m"}, "geometry": {"type": "Polygon", "coordinates": [[[77.00999999999999, 11.089999999999998], [77.01499999999999, 11.089999999999998], [77.01499999999999, 11.094999999999999], [77.00999999999999, 11.094999999999999], [77.00999999999999, 11.089999999999998]]]}}, {"type": "Feature", "properties": {"nearest_m": 685.4, "band": "400–800 m"}, "geometry": {"type": "Polygon", "coordinates": [[[77.015, 11.089999999999998], [77.02, 11.089999999999998], [77.02, 11.094999999999999], [77.015, 11.094999999999999], [77.015, 11.089999999999998]]]}}, {"type": "Feature", "properties": {"nearest_m": 572.5, "band": "400–800 m"}, "geometry": {"type": "Polygon", "coordinates": [[[77.03999999999999, 11.089999999999998], [77.04499999999999, 11.089999999999998], [77.04499999999999, 11.094999999999999], [77.03999999999999, 11.094999999999999], [77.03999999999999, 11.089999999999998]]]}}, {"type": "Feature", "properties": {"nearest_m": 664.8, "band": "400–800 m"}, "geometry": {"type": "Polygon", "coordinates": [[[77.04499999999999, 11.089999999999998], [77.04999999999998, 11.089999999999998], [77.04999999999998, 11.094999999999999], [77.04499999999999, 11.094999999999999], [77.04499999999999, 11.089999999999998]]]}}, {"type": "Feature", "properties": {"nearest_m": 579.0, "band": "400–800 m"}, "geometry": {"type": "Polygon", "coordinates": [[[77.065, 11.089999999999998], [77.07, 11.089999999999998], [77.07, 11.094999999999999], [77.065, 11.094999999999999], [77.065, 11.089999999999998]]]}}, {"type": "Feature", "properties": {"nearest_m": 524.3, "band": "400–800 m"}, "geometry": {"type": "Polygon", "coordinates": [[[77.07, 11.089999999999998], [77.07499999999999, 11.089999999999998], [77.07499999999999, 11.094999999999999], [77.07, 11.094999999999999], [77.07, 11.089999999999998]]]}}, {"type": "Feature", "properties": {"nearest_m": 475.5, "band": "400–800 m"}, "geometry": {"type": "Polygon", "coordinates": [[[76.82, 11.084999999999999], [76.82499999999999, 11.084999999999999], [76.82499999999999, 11.09], [76.82, 11.09], [76.82, 11.084999999999999]]]}}, {"type": "Feature", "properties": {"nearest_m": 763.8, "band": "400–800 m"}, "geometry": {"type": "Polygon", "coordinates": [[[76.865, 11.084999999999999], [76.86999999999999, 11.084999999999999], [76.86999999999999, 11.09], [76.865, 11.09], [76.865, 11.084999999999999]]]}}, {"type": "Feature", "properties": {"nearest_m": 492.5, "band": "400–800 m"}, "geometry": {"type": "Polygon", "coordinates": [[[76.91, 11.084999999999999], [76.91499999999999, 11.084999999999999], [76.91499999999999, 11.09], [76.91, 11.09], [76.91, 11.084999999999999]]]}}, {"type": "Feature", "properties": {"nearest_m": 204.3, "band": "0–400 m"}, "geometry": {"type": "Polygon", "coordinates": [[[76.91499999999999, 11.084999999999999], [76.91999999999999, 11.084999999999999], [76.91999999999999, 11.09], [76.91499999999999, 11.09], [76.91499999999999, 11.084999999999999]]]}}, {"type": "Feature", "properties": {"nearest_m": 661.8, "band": "400–800 m"}, "geometry": {"type": "Polygon", "coordinates": [[[76.91999999999999, 11.084999999999999], [76.92499999999998, 11.084999999999999], [76.92499999999998, 11.09], [76.91999999999999, 11.09], [76.91999999999999, 11.084999999999999]]]}}, {"type": "Feature", "properties": {"nearest_m": 672.0, "band": "400–800 m"}, "geometry": {"type": "Polygon", "coordinates": [[[76.92999999999999, 11.084999999999999], [76.93499999999999, 11.084999999999999], [76.93499999999999, 11.09], [76.92999999999999, 11.09], [76.92999999999999, 11.084999999999999]]]}}, {"type": "Feature", "properties": {"nearest_m": 210.5, "band": "0–400 m"}, "geometry": {"type": "Polygon", "coordinates": [[[76.93499999999999, 11.084999999999999], [76.93999999999998, 11.084999999999999], [76.93999999999998, 11.09], [76.93499999999999, 11.09], [76.93499999999999, 11.084999999999999]]]}}, {"type": "Feature", "properties": {"nearest_m": 266.9, "band": "0–400 m"}, "geometry": {"type": "Polygon", "coordinates": [[[76.94, 11.084999999999999], [76.945, 11.084999999999999], [76.945, 11.09], [76.94, 11.09], [76.94, 11.084999999999999]]]}}, {"type": "Feature", "properties": {"nearest_m": 599.7, "band": "400–800 m"}, "geometry": {"type": "Polygon", "coordinates": [[[76.945, 11.084999999999999], [76.94999999999999, 11.084999999999999], [76.94999999999999, 11.09], [76.945, 11.09], [76.945, 11.084999999999999]]]}}, {"type": "Feature", "properties": {"nearest_m": 598.3, "band": "400–800 m"}, "geometry": {"type": "Polygon", "coordinates": [[[76.955, 11.084999999999999], [76.96, 11.084999999999999], [76.96, 11.09], [76.955, 11.09], [76.955, 11.084999999999999]]]}}, {"type": "Feature", "properties": {"nearest_m": 336.6, "band": "0–400 m"}, "geometry": {"type": "Polygon", "coordinates": [[[76.96, 11.084999999999999], [76.96499999999999, 11.084999999999999], [76.96499999999999, 11.09], [76.96, 11.09], [76.96, 11.084999999999999]]]}}, {"type": "Feature", "properties": {"nearest_m": 418.8, "band": "400–800 m"}, "geometry": {"type": "Polygon", "coordinates": [[[76.96499999999999, 11.084999999999999], [76.96999999999998, 11.084999999999999], [76.96999999999998, 11.09], [76.96499999999999, 11.09], [76.96499999999999, 11.084999999999999]]]}}, {"type": "Feature", "properties": {"nearest_m": 528.3, "band": "400–800 m"}, "geometry": {"type": "Polygon", "coordinates": [[[76.97, 11.084999999999999], [76.975, 11.084999999999999], [76.975, 11.09], [76.97, 11.09], [76.97, 11.084999999999999]]]}}, {"type": "Feature", "properties": {"nearest_m": 772.0, "band": "400–800 m"}, "geometry": {"type": "Polygon", "coordinates": [[[76.975, 11.084999999999999], [76.97999999999999, 11.084999999999999], [76.97999999999999, 11.09], [76.975, 11.09], [76.975, 11.084999999999999]]]}}, {"type": "Feature", "properties": {"nearest_m": 242.4, "band": "0–400 m"}, "geometry": {"type": "Polygon", "coordinates": [[[76.97999999999999, 11.084999999999999], [76.98499999999999, 11.084999999999999], [76.98499999999999, 11.09], [76.97999999999999, 11.09], [76.97999999999999, 11.084999999999999]]]}}, {"type": "Feature", "properties": {"nearest_m": 256.8, "band": "0–400 m"}, "geometry": {"type": "Polygon", "coordinates": [[[76.985, 11.084999999999999], [76.99, 11.084999999999999], [76.99, 11.09], [76.985, 11.09], [76.985, 11.084999999999999]]]}}, {"type": "Feature", "properties": {"nearest_m": 460.1, "band": "400–800 m"}, "geometry": {"type": "Polygon", "coordinates": [[[76.99, 11.084999999999999], [76.99499999999999, 11.084999999999999], [76.99499999999999, 11.09], [76.99, 11.09], [76.99, 11.084999999999999]]]}}, {"type": "Feature", "properties": {"nearest_m": 204.5, "band": "0–400 m"}, "geometry": {"type": "Polygon", "coordinates": [[[76.99499999999999, 11.084999999999999], [76.99999999999999, 11.084999999999999], [76.99999999999999, 11.09], [76.99499999999999, 11.09], [76.99499999999999, 11.084999999999999]]]}}, {"type": "Feature", "properties": {"nearest_m": 96.2, "band": "0–400 m"}, "geometry": {"type": "Polygon", "coordinates": [[[77.0, 11.084999999999999], [77.005, 11.084999999999999], [77.005, 11.09], [77.0, 11.09], [77.0, 11.084999999999999]]]}}, {"type": "Feature", "properties": {"nearest_m": 211.6, "band": "0–400 m"}, "geometry": {"type": "Polygon", "coordinates": [[[77.005, 11.084999999999999], [77.00999999999999, 11.084999999999999], [77.00999999999999, 11.09], [77.005, 11.09], [77.005, 11.084999999999999]]]}}, {"type": "Feature", "properties": {"nearest_m": 468.5, "band": "400–800 m"}, "geometry": {"type": "Polygon", "coordinates": [[[77.00999999999999, 11.084999999999999], [77.01499999999999, 11.084999999999999], [77.01499999999999, 11.09], [77.00999999999999, 11.09], [77.00999999999999, 11.084999999999999]]]}}, {"type": "Feature", "properties": {"nearest_m": 296.5, "band": "0–400 m"}, "geometry": {"type": "Polygon", "coordinates": [[[76.82, 11.079999999999998], [76.82499999999999, 11.079999999999998], [76.82499999999999, 11.084999999999999], [76.82, 11.084999999999999], [76.82, 11.079999999999998]]]}}, {"type": "Feature", "properties": {"nearest_m": 768.5, "band": "400–800 m"}, "geometry": {"type": "Polygon", "coordinates": [[[76.86, 11.079999999999998], [76.865, 11.079999999999998], [76.865, 11.084999999999999], [76.86, 11.084999999999999], [76.86, 11.079999999999998]]]}}, {"type": "Feature", "properties": {"nearest_m": 269.8, "band": "0–400 m"}, "geometry": {"type": "Polygon", "coordinates": [[[76.865, 11.079999999999998], [76.86999999999999, 11.079999999999998], [76.86999999999999, 11.084999999999999], [76.865, 11.084999999999999], [76.865, 11.079999999999998]]]}}, {"type": "Feature", "properties": {"nearest_m": 389.8, "band": "0–400 m"}, "geometry": {"type": "Polygon", "coordinates": [[[76.86999999999999, 11.079999999999998], [76.87499999999999, 11.079999999999998], [76.87499999999999, 11.084999999999999], [76.86999999999999, 11.084999999999999], [76.86999999999999, 11.079999999999998]]]}}, {"type": "Feature", "properties": {"nearest_m": 338.3, "band": "0–400 m"}, "geometry": {"type": "Polygon", "coordinates": [[[76.91, 11.079999999999998], [76.91499999999999, 11.079999999999998], [76.91499999999999, 11.084999999999999], [76.91, 11.084999999999999], [76.91, 11.079999999999998]]]}}, {"type": "Feature", "properties": {"nearest_m": 229.6, "band": "0–400 m"}, "geometry": {"type": "Polygon", "coordinates": [[[76.91499999999999, 11.079999999999998], [76.91999999999999, 11.079999999999998], [76.91999999999999, 11.084999999999999], [76.91499999999999, 11.084999999999999], [76.91499999999999, 11.079999999999998]]]}}, {"type": "Feature", "properties": {"nearest_m": 737.0, "band": "400–800 m"}, "geometry": {"type": "Polygon", "coordinates": [[[76.91999999999999, 11.079999999999998], [76.92499999999998, 11.079999999999998], [76.92499999999998, 11.084999999999999], [76.91999999999999, 11.084999999999999], [76.91999999999999, 11.079999999999998]]]}}, {"type": "Feature", "properties": {"nearest_m": 404.8, "band": "400–800 m"}, "geometry": {"type": "Polygon", "coordinates": [[[76.93499999999999, 11.079999999999998], [76.93999999999998, 11.079999999999998], [76.93999999999998, 11.084999999999999], [76.93499999999999, 11.084999999999999], [76.93499999999999, 11.079999999999998]]]}}, {"type": "Feature", "properties": {"nearest_m": 35.4, "band": "0–400 m"}, "geometry": {"type": "Polygon", "coordinates": [[[76.94, 11.079999999999998], [76.945, 11.079999999999998], [76.945, 11.084999999999999], [76.94, 11.084999999999999], [76.94, 11.079999999999998]]]}}, {"type": "Feature", "properties": {"nearest_m": 135.4, "band": "0–400 m"}, "geometry": {"type": "Polygon", "coordinates": [[[76.945, 11.079999999999998], [76.94999999999999, 11.079999999999998], [76.94999999999999, 11.084999999999999], [76.945, 11.084999999999999], [76.945, 11.079999999999998]]]}}, {"type": "Feature", "properties": {"nearest_m": 679.4, "band": "400–800 m"}, "geometry": {"type": "Polygon", "coordinates": [[[76.94999999999999, 11.079999999999998], [76.95499999999998, 11.079999999999998], [76.95499999999998, 11.084999999999999], [76.94999999999999, 11.084999999999999], [76.94999999999999, 11.079999999999998]]]}}, {"type": "Feature", "properties": {"nearest_m": 545.0, "band": "400–800 m"}, "geometry": {"type": "Polygon", "coordinates": [[[76.955, 11.079999999999998], [76.96, 11.079999999999998], [76.96, 11.084999999999999], [76.955, 11.084999999999999], [76.955, 11.079999999999998]]]}}, {"type": "Feature", "properties": {"nearest_m": 229.0, "band": "0–400 m"}, "geometry": {"type": "Polygon", "coordinates": [[[76.96, 11.079999999999998], [76.96499999999999, 11.079999999999998], [76.96499999999999, 11.084999999999999], [76.96, 11.084999999999999], [76.96, 11.079999999999998]]]}}, {"type": "Feature", "properties": {"nearest_m": 142.6, "band": "0–400 m"}, "geometry": {"type": "Polygon", "coordinates": [[[76.96499999999999, 11.079999999999998], [76.96999999999998, 11.079999999999998], [76.96999999999998, 11.084999999999999], [76.96499999999999, 11.084999999999999], [76.96499999999999, 11.079999999999998]]]}}, {"type": "Feature", "properties": {"nearest_m": 532.9, "band": "400–800 m"}, "geometry": {"type": "Polygon", "coordinates": [[[76.97, 11.079999999999998], [76.975, 11.079999999999998], [76.975, 11.084999999999999], [76.97, 11.084999999999999], [76.97, 11.079999999999998]]]}}, {"type": "Feature", "properties": {"nearest_m": 438.7, "band": "400–800 m"}, "geometry": {"type": "Polygon", "coordinates": [[[76.975, 11.079999999999998], [76.97999999999999, 11.079999999999998], [76.97999999999999, 11.084999999999999], [76.975, 11.084999999999999], [76.975, 11.079999999999998]]]}}, {"type": "Feature", "properties": {"nearest_m": 172.0, "band": "0–400 m"}, "geometry": {"type": "Polygon", "coordinates": [[[76.97999999999999, 11.079999999999998], [76.98499999999999, 11.079999999999998], [76.98499999999999, 11.084999999999999], [76.97999999999999, 11.084999999999999], [76.97999999999999, 11.079999999999998]]]}}, {"type": "Feature", "properties": {"nearest_m": 248.6, "band": "0–400 m"}, "geometry": {"type": "Polygon", "coordinates": [[[76.985, 11.079999999999998], [76.99, 11.079999999999998], [76.99, 11.084999999999999], [76.985, 11.084999999999999], [76.985, 11.079999999999998]]]}}, {"type": "Feature", "properties": {"nearest_m": 140.6, "band": "0–400 m"}, "geometry": {"type": "Polygon", "coordinates": [[[76.99, 11.079999999999998], [76.99499999999999, 11.079999999999998], [76.99499999999999, 11.084999999999999], [76.99, 11.084999999999999], [76.99, 11.079999999999998]]]}}, {"type": "Feature", "properties": {"nearest_m": 10.2, "band": "0–400 m"}, "geometry": {"type": "Polygon", "coordinates": [[[76.99499999999999, 11.079999999999998], [76.99999999999999, 11.079999999999998], [76.99999999999999, 11.084999999999999], [76.99499999999999, 11.084999999999999], [76.99499999999999, 11.079999999999998]]]}}, {"type": "Feature", "properties": {"nearest_m": 83.7, "band": "0–400 m"}, "geometry": {"type": "Polygon", "coordinates": [[[77.0, 11.079999999999998], [77.005, 11.079999999999998], [77.005, 11.084999999999999], [77.0, 11.084999999999999], [77.0, 11.079999999999998]]]}}, {"type": "Feature", "properties": {"nearest_m": 629.7, "band": "400–800 m"}, "geometry": {"type": "Polygon", "coordinates": [[[77.005, 11.079999999999998], [77.00999999999999, 11.079999999999998], [77.00999999999999, 11.084999999999999], [77.005, 11.084999999999999], [77.005, 11.079999999999998]]]}}, {"type": "Feature", "properties": {"nearest_m": 628.1, "band": "400–800 m"}, "geometry": {"type": "Polygon", "coordinates": [[[77.03, 11.079999999999998], [77.035, 11.079999999999998], [77.035, 11.084999999999999], [77.03, 11.084999999999999], [77.03, 11.079999999999998]]]}}, {"type": "Feature", "properties": {"nearest_m": 559.7, "band": "400–800 m"}, "geometry": {"type": "Polygon", "coordinates": [[[77.035, 11.079999999999998], [77.03999999999999, 11.079999999999998], [77.03999999999999, 11.084999999999999], [77.035, 11.084999999999999], [77.035, 11.079999999999998]]]}}, {"type": "Feature", "properties": {"nearest_m": 564.8, "band": "400–800 m"}, "geometry": {"type": "Polygon", "coordinates": [[[77.05999999999999, 11.079999999999998], [77.06499999999998, 11.079999999999998], [77.06499999999998, 11.084999999999999], [77.05999999999999, 11.084999999999999], [77.05999999999999, 11.079999999999998]]]}}, {"type": "Feature", "properties": {"nearest_m": 724.1, "band": "400–800 m"}, "geometry": {"type": "Polygon", "coordinates": [[[77.065, 11.079999999999998], [77.07, 11.079999999999998], [77.07, 11.084999999999999], [77.065, 11.084999999999999], [77.065, 11.079999999999998]]]}}, {"type": "Feature", "properties": {"nearest_m": 306.6, "band": "0–400 m"}, "geometry": {"type": "Polygon", "coordinates": [[[76.82, 11.075], [76.82499999999999, 11.075], [76.82499999999999, 11.08], [76.82, 11.08], [76.82, 11.075]]]}}, {"type": "Feature", "properties": {"nearest_m": 426.5, "band": "400–800 m"}, "geometry": {"type": "Polygon", "coordinates": [[[76.865, 11.075], [76.86999999999999, 11.075], [76.86999999999999, 11.08], [76.865, 11.08], [76.865, 11.075]]]}}, {"type": "Feature", "properties": {"nearest_m": 510.9, "band": "400–800 m"}, "geometry": {"type": "Polygon", "coordinates": [[[76.86999999999999, 11.075], [76.87499999999999, 11.075], [76.87499999999999, 11.08], [76.86999999999999, 11.08], [76.86999999999999, 11.075]]]}}, {"type": "Feature", "properties": {"nearest_m": 582.9, "band": "400–800 m"}, "geometry": {"type": "Polygon", "coordinates": [[[76.91, 11.075], [76.91499999999999, 11.075], [76.91499999999999, 11.08], [76.91, 11.08], [76.91, 11.075]]]}}, {"type": "Feature", "properties": {"nearest_m": 527.3, "band": "400–800 m"}, "geometry": {"type": "Polygon", "coordinates": [[[76.91499999999999, 11.075], [76.91999999999999, 11.075], [76.91999999999999, 11.08], [76.91499999999999, 11.08], [76.91499999999999, 11.075]]]}}, {"type": "Feature", "properties": {"nearest_m": 772.3, "band": "400–800 m"}, "geometry": {"type": "Polygon", "coordinates": [[[76.92999999999999, 11.075], [76.93499999999999, 11.075], [76.93499999999999, 11.08], [76.92999999999999, 11.08], [76.92999999999999, 11.075]]]}}, {"type": "Feature", "properties": {"nearest_m": 301.5, "band": "0–400 m"}, "geometry": {"type": "Polygon", "coordinates": [[[76.93499999999999, 11.075], [76.93999999999998, 11.075], [76.93999999999998, 11.08], [76.93499999999999, 11.08], [76.93499999999999, 11.075]]]}}, {"type": "Feature", "properties": {"nearest_m": 189.6, "band": "0–400 m"}, "geometry": {"type": "Polygon", "coordinates": [[[76.94, 11.075], [76.945, 11.075], [76.945, 11.08], [76.94, 11.08], [76.94, 11.075]]]}}, {"type": "Feature", "properties": {"nearest_m": 538.0, "band": "400–800 m"}, "geometry": {"type": "Polygon", "coordinates": [[[76.945, 11.075], [76.94999999999999, 11.075], [76.94999999999999, 11.08], [76.945, 11.08], [76.945, 11.075]]]}}, {"type": "Feature", "properties": {"nearest_m": 781.8, "band": "400–800 m"}, "geometry": {"type": "Polygon", "coordinates": [[[76.96, 11.075], [76.96499999999999, 11.075], [76.96499999999999, 11.08], [76.96, 11.08], [76.96, 11.075]]]}}, {"type": "Feature", "properties": {"nearest_m": 696.3, "band": "400–800 m"}, "geometry": {"type": "Polygon", "coordinates": [[[76.96499999999999, 11.075], [76.96999999999998, 11.075], [76.96999999999998, 11.08], [76.96499999999999, 11.08], [76.96499999999999, 11.075]]]}}, {"type": "Feature", "properties": {"nearest_m": 440.4, "band": "400–800 m"}, "geometry": {"type": "Polygon", "coordinates": [[[76.975, 11.075], [76.97999999999999, 11.075], [76.97999999999999, 11.08], [76.975, 11.08], [76.975, 11.075]]]}}, {"type": "Feature", "properties": {"nearest_m": 411.8, "band": "400–800 m"}, "geometry": {"type": "Polygon", "coordinates": [[[76.97999999999999, 11.075], [76.98499999999999, 11.075], [76.98499999999999, 11.08], [76.97999999999999, 11.08], [76.97999999999999, 11.075]]]}}, {"type": "Feature", "properties": {"nearest_m": 91.2, "band": "0–400 m"}, "geometry": {"type": "Polygon", "coordinates": [[[76.985, 11.075], [76.99, 11.075], [76.99, 11.08], [76.985, 11.08], [76.985, 11.075]]]}}, {"type": "Feature", "properties": {"nearest_m": 322.2, "band": "0–400 m"}, "geometry": {"type": "Polygon", "coordinates": [[[76.99, 11.075], [76.99499999999999, 11.075], [76.99499999999999, 11.08], [76.99, 11.08], [76.99, 11.075]]]}}, {"type": "Feature", "properties": {"nearest_m": 297.1, "band": "0–400 m"}, "geometry": {"type": "Polygon", "coordinates": [[[76.99499999999999, 11.075], [76.99999999999999, 11.075], [76.99999999999999, 11.08], [76.99499999999999, 11.08], [76.99499999999999, 11.075]]]}}, {"type": "Feature", "properties": {"nearest_m": 154.4, "band": "0–400 m"}, "geometry": {"type": "Polygon", "coordinates": [[[77.0, 11.075], [77.005, 11.075], [77.005, 11.08], [77.0, 11.08], [77.0, 11.075]]]}}, {"type": "Feature", "properties": {"nearest_m": 526.1, "band": "400–800 m"}, "geometry": {"type": "Polygon", "coordinates": [[[77.005, 11.075], [77.00999999999999, 11.075], [77.00999999999999, 11.08], [77.005, 11.08], [77.005, 11.075]]]}}, {"type": "Feature", "properties": {"nearest_m": 485.0, "band": "400–800 m"}, "geometry": {"type": "Polygon", "coordinates": [[[77.02499999999999, 11.075], [77.02999999999999, 11.075], [77.02999999999999, 11.08], [77.02499999999999, 11.08], [77.02499999999999, 11.075]]]}}, {"type": "Feature", "properties": {"nearest_m": 189.1, "band": "0–400 m"}, "geometry": {"type": "Polygon", "coordinates": [[[77.03, 11.075], [77.035, 11.075], [77.035, 11.08], [77.03, 11.08], [77.03, 11.075]]]}}, {"type": "Feature", "properties": {"nearest_m": 201.6, "band": "0–400 m"}, "geometry": {"type": "Polygon", "coordinates": [[[77.035, 11.075], [77.03999999999999, 11.075], [77.03999999999999, 11.08], [77.035, 11.08], [77.035, 11.075]]]}}, {"type": "Feature", "properties": {"nearest_m": 745.9, "band": "400–800 m"}, "geometry": {"type": "Polygon", "coordinates": [[[77.03999999999999, 11.075], [77.04499999999999, 11.075], [77.04499999999999, 11.08], [77.03999999999999, 11.08], [77.03999999999999, 11.075]]]}}, {"type": "Feature", "properties": {"nearest_m": 680.3, "band": "400–800 m"}, "geometry": {"type": "Polygon", "coordinates": [[[77.05, 11.075], [77.05499999999999, 11.075], [77.05499999999999, 11.08], [77.05, 11.08], [77.05, 11.075]]]}}, {"type": "Feature", "properties": {"nearest_m": 631.6, "band": "400–800 m"}, "geometry": {"type": "Polygon", "coordinates": [[[77.05499999999999, 11.075], [77.05999999999999, 11.075], [77.05999999999999, 11.08], [77.05499999999999, 11.08], [77.05499999999999, 11.075]]]}}, {"type": "Feature", "properties": {"nearest_m": 85.3, "band": "0–400 m"}, "geometry": {"type": "Polygon", "coordinates": [[[77.05999999999999, 11.075], [77.06499999999998, 11.075], [77.06499999999998, 11.08], [77.05999999999999, 11.08], [77.05999999999999, 11.075]]]}}, {"type": "Feature", "properties": {"nearest_m": 461.1, "band": "400–800 m"}, "geometry": {"type": "Polygon", "coordinates": [[[77.065, 11.075], [77.07, 11.075], [77.07, 11.08], [77.065, 11.08], [77.065, 11.075]]]}}, {"type": "Feature", "properties": {"nearest_m": 477.8, "band": "400–800 m"}, "geometry": {"type": "Polygon", "coordinates": [[[76.82, 11.069999999999999], [76.82499999999999, 11.069999999999999], [76.82499999999999, 11.075], [76.82, 11.075], [76.82, 11.069999999999999]]]}}, {"type": "Feature", "properties": {"nearest_m": 441.1, "band": "400–800 m"}, "geometry": {"type": "Polygon", "coordinates": [[[76.865, 11.069999999999999], [76.86999999999999, 11.069999999999999], [76.86999999999999, 11.075], [76.865, 11.075], [76.865, 11.069999999999999]]]}}, {"type": "Feature", "properties": {"nearest_m": 105.2, "band": "0–400 m"}, "geometry": {"type": "Polygon", "coordinates": [[[76.86999999999999, 11.069999999999999], [76.87499999999999, 11.069999999999999], [76.87499999999999, 11.075], [76.86999999999999, 11.075], [76.86999999999999, 11.069999999999999]]]}}, {"type": "Feature", "properties": {"nearest_m": 651.6, "band": "400–800 m"}, "geometry": {"type": "Polygon", "coordinates": [[[76.875, 11.069999999999999], [76.88, 11.069999999999999], [76.88, 11.075], [76.875, 11.075], [76.875, 11.069999999999999]]]}}, {"type": "Feature", "properties": {"nearest_m": 713.9, "band": "400–800 m"}, "geometry": {"type": "Polygon", "coordinates": [[[76.91499999999999, 11.069999999999999], [76.91999999999999, 11.069999999999999], [76.91999999999999, 11.075], [76.91499999999999, 11.075], [76.91499999999999, 11.069999999999999]]]}}, {"type": "Feature", "properties": {"nearest_m": 708.1, "band": "400–800 m"}, "geometry": {"type": "Polygon", "coordinates": [[[76.91999999999999, 11.069999999999999], [76.92499999999998, 11.069999999999999], [76.92499999999998, 11.075], [76.91999999999999, 11.075], [76.91999999999999, 11.069999999999999]]]}}, {"type": "Feature", "properties": {"nearest_m": 730.9, "band": "400–800 m"}, "geometry": {"type": "Polygon", "coordinates": [[[76.925, 11.069999999999999], [76.92999999999999, 11.069999999999999], [76.92999999999999, 11.075], [76.925, 11.075], [76.925, 11.069999999999999]]]}}, {"type": "Feature", "properties": {"nearest_m": 772.3, "band": "400–800 m"}, "geometry": {"type": "Polygon", "coordinates": [[[76.92999999999999, 11.069999999999999], [76.93499999999999, 11.069999999999999], [76.93499999999999, 11.075], [76.92999999999999, 11.075], [76.92999999999999, 11.069999999999999]]]}}, {"type": "Feature", "properties": {"nearest_m": 373.7, "band": "0–400 m"}, "geometry": {"type": "Polygon", "coordinates": [[[76.93499999999999, 11.069999999999999], [76.93999999999998, 11.069999999999999], [76.93999999999998, 11.075], [76.93499999999999, 11.075], [76.93499999999999, 11.069999999999999]]]}}, {"type": "Feature", "properties": {"nearest_m": 208.7, "band": "0–400 m"}, "geometry": {"type": "Polygon", "coordinates": [[[76.94, 11.069999999999999], [76.945, 11.069999999999999], [76.945, 11.075], [76.94, 11.075], [76.94, 11.069999999999999]]]}}, {"type": "Feature", "properties": {"nearest_m": 633.3, "band": "400–800 m"}, "geometry": {"type": "Polygon", "coordinates": [[[76.945, 11.069999999999999], [76.94999999999999, 11.069999999999999], [76.94999999999999, 11.075], [76.945, 11.075], [76.945, 11.069999999999999]]]}}, {"type": "Feature", "properties": {"nearest_m": 751.2, "band": "400–800 m"}, "geometry": {"type": "Polygon", "coordinates": [[[76.97, 11.069999999999999], [76.975, 11.069999999999999], [76.975, 11.075], [76.97, 11.075], [76.97, 11.069999999999999]]]}}, {"type": "Feature", "properties": {"nearest_m": 226.8, "band": "0–400 m"}, "geometry": {"type": "Polygon", "coordinates": [[[76.975, 11.069999999999999], [76.97999999999999, 11.069999999999999], [76.97999999999999, 11.075], [76.975, 11.075], [76.975, 11.069999999999999]]]}}, {"type": "Feature", "properties": {"nearest_m": 211.0, "band": "0–400 m"}, "geometry": {"type": "Polygon", "coordinates": [[[76.97999999999999, 11.069999999999999], [76.98499999999999, 11.069999999999999], [76.98499999999999, 11.075], [76.97999999999999, 11.075], [76.97999999999999, 11.069999999999999]]]}}, {"type": "Feature", "properties": {"nearest_m": 378.4, "band": "0–400 m"}, "geometry": {"type": "Polygon", "coordinates": [[[76.985, 11.069999999999999], [76.99, 11.069999999999999], [76.99, 11.075], [76.985, 11.075], [76.985, 11.069999999999999]]]}}, {"type": "Feature", "properties": {"nearest_m": 520.8, "band": "400–800 m"}, "geometry": {"type": "Polygon", "coordinates": [[[76.99, 11.069999999999999], [76.99499999999999, 11.069999999999999], [76.99499999999999, 11.075], [76.99, 11.075], [76.99, 11.069999999999999]]]}}, {"type": "Feature", "properties": {"nearest_m": 411.1, "band": "400–800 m"}, "geometry": {"type": "Polygon", "coordinates": [[[76.99499999999999, 11.069999999999999], [76.99999999999999, 11.069999999999999], [76.99999999999999, 11.075], [76.99499999999999, 11.075], [76.99499999999999, 11.069999999999999]]]}}, {"type": "Feature", "properties": {"nearest_m": 60.4, "band": "0–400 m"}, "geometry": {"type": "Polygon", "coordinates": [[[77.0, 11.069999999999999], [77.005, 11.069999999999999], [77.005, 11.075], [77.0, 11.075], [77.0, 11.069999999999999]]]}}, {"type": "Feature", "properties": {"nearest_m": 490.2, "band": "400–800 m"}, "geometry": {"type": "Polygon", "coordinates": [[[77.005, 11.069999999999999], [77.00999999999999, 11.069999999999999], [77.00999999999999, 11.075], [77.005, 11.075], [77.005, 11.069999999999999]]]}}, {"type": "Feature", "properties": {"nearest_m": 600.3, "band": "400–800 m"}, "geometry": {"type": "Polygon", "coordinates": [[[77.02499999999999, 11.069999999999999], [77.02999999999999, 11.069999999999999], [77.02999999999999, 11.075], [77.02499999999999, 11.075], [77.02499999999999, 11.069999999999999]]]}}, {"type": "Feature", "properties": {"nearest_m": 401.1, "band": "400–800 m"}, "geometry": {"type": "Polygon", "coordinates": [[[77.03, 11.069999999999999], [77.035, 11.069999999999999], [77.035, 11.075], [77.03, 11.075], [77.03, 11.069999999999999]]]}}, {"type": "Feature", "properties": {"nearest_m": 622.6, "band": "400–800 m"}, "geometry": {"type": "Polygon", "coordinates": [[[77.035, 11.069999999999999], [77.03999999999999, 11.069999999999999], [77.03999999999999, 11.075], [77.035, 11.075], [77.035, 11.069999999999999]]]}}, {"type": "Feature", "properties": {"nearest_m": 311.6, "band": "0–400 m"}, "geometry": {"type": "Polygon", "coordinates": [[[77.05, 11.069999999999999], [77.05499999999999, 11.069999999999999], [77.05499999999999, 11.075], [77.05, 11.075], [77.05, 11.069999999999999]]]}}, {"type": "Feature", "properties": {"nearest_m": 226.7, "band": "0–400 m"}, "geometry": {"type": "Polygon", "coordinates": [[[77.05499999999999, 11.069999999999999], [77.05999999999999, 11.069999999999999], [77.05999999999999, 11.075], [77.05499999999999, 11.075], [77.05499999999999, 11.069999999999999]]]}}, {"type": "Feature", "properties": {"nearest_m": 561.4, "band": "400–800 m"}, "geometry": {"type": "Polygon", "coordinates": [[[77.05999999999999, 11.069999999999999], [77.06499999999998, 11.069999999999999], [77.06499999999998, 11.075], [77.05999999999999, 11.075], [77.05999999999999, 11.069999999999999]]]}}, {"type": "Feature", "properties": {"nearest_m": 721.4, "band": "400–800 m"}, "geometry": {"type": "Polygon", "coordinates": [[[77.065, 11.069999999999999], [77.07, 11.069999999999999], [77.07, 11.075], [77.065, 11.075], [77.065, 11.069999999999999]]]}}, {"type": "Feature", "properties": {"nearest_m": 579.2, "band": "400–800 m"}, "geometry": {"type": "Polygon", "coordinates": [[[77.08999999999999, 11.069999999999999], [77.09499999999998, 11.069999999999999], [77.09499999999998, 11.075], [77.08999999999999, 11.075], [77.08999999999999, 11.069999999999999]]]}}, {"type": "Feature", "properties": {"nearest_m": 621.5, "band": "400–800 m"}, "geometry": {"type": "Polygon", "coordinates": [[[77.095, 11.069999999999999], [77.1, 11.069999999999999], [77.1, 11.075], [77.095, 11.075], [77.095, 11.069999999999999]]]}}, {"type": "Feature", "properties": {"nearest_m": 711.1, "band": "400–800 m"}, "geometry": {"type": "Polygon", "coordinates": [[[76.865, 11.065], [76.86999999999999, 11.065], [76.86999999999999, 11.07], [76.865, 11.07], [76.865, 11.065]]]}}, {"type": "Feature", "properties": {"nearest_m": 567.6, "band": "400–800 m"}, "geometry": {"type": "Polygon", "coordinates": [[[76.86999999999999, 11.065], [76.87499999999999, 11.065], [76.87499999999999, 11.07], [76.86999999999999, 11.07], [76.86999999999999, 11.065]]]}}, {"type": "Feature", "properties": {"nearest_m": 735.6, "band": "400–800 m"}, "geometry": {"type": "Polygon", "coordinates": [[[76.89999999999999, 11.065], [76.90499999999999, 11.065], [76.90499999999999, 11.07], [76.89999999999999, 11.07], [76.89999999999999, 11.065]]]}}, {"type": "Feature", "properties": {"nearest_m": 321.1, "band": "0–400 m"}, "geometry": {"type": "Polygon", "coordinates": [[[76.90499999999999, 11.065], [76.90999999999998, 11.065], [76.90999999999998, 11.07], [76.90499999999999, 11.07], [76.90499999999999, 11.065]]]}}, {"type": "Feature", "properties": {"nearest_m": 490.2, "band": "400–800 m"}, "geometry": {"type": "Polygon", "coordinates": [[[76.91, 11.065], [76.91499999999999, 11.065], [76.91499999999999, 11.07], [76.91, 11.07], [76.91, 11.065]]]}}, {"type": "Feature", "properties": {"nearest_m": 164.5, "band": "0–400 m"}, "geometry": {"type": "Polygon", "coordinates": [[[76.91499999999999, 11.065], [76.91999999999999, 11.065], [76.91999999999999, 11.07], [76.91499999999999, 11.07], [76.91499999999999, 11.065]]]}}, {"type": "Feature", "properties": {"nearest_m": 266.2, "band": "0–400 m"}, "geometry": {"type": "Polygon", "coordinates": [[[76.91999999999999, 11.065], [76.92499999999998, 11.065], [76.92499999999998, 11.07], [76.91999999999999, 11.07], [76.91999999999999, 11.065]]]}}, {"type": "Feature", "properties": {"nearest_m": 322.0, "band": "0–400 m"}, "geometry": {"type": "Polygon", "coordinates": [[[76.925, 11.065], [76.92999999999999, 11.065], [76.92999999999999, 11.07], [76.925, 11.07], [76.925, 11.065]]]}}, {"type": "Feature", "properties": {"nearest_m": 573.5, "band": "400–800 m"}, "geometry": {"type": "Polygon", "coordinates": [[[76.92999999999999, 11.065], [76.93499999999999, 11.065], [76.93499999999999, 11.07], [76.92999999999999, 11.07], [76.92999999999999, 11.065]]]}}, {"type": "Feature", "properties": {"nearest_m": 46.0, "band": "0–400 m"}, "geometry": {"type": "Polygon", "coordinates": [[[76.93499999999999, 11.065], [76.93999999999998, 11.065], [76.93999999999998, 11.07], [76.93499999999999, 11.07], [76.93499999999999, 11.065]]]}}, {"type": "Feature", "properties": {"nearest_m": 121.8, "band": "0–400 m"}, "geometry": {"type": "Polygon", "coordinates": [[[76.94, 11.065], [76.945, 11.065], [76.945, 11.07], [76.94, 11.07], [76.94, 11.065]]]}}, {"type": "Feature", "properties": {"nearest_m": 426.8, "band": "400–800 m"}, "geometry": {"type": "Polygon", "coordinates": [[[76.945, 11.065], [76.94999999999999, 11.065], [76.94999999999999, 11.07], [76.945, 11.07], [76.945, 11.065]]]}}, {"type": "Feature", "properties": {"nearest_m": 698.5, "band": "400–800 m"}, "geometry": {"type": "Polygon", "coordinates": [[[76.975, 11.065], [76.97999999999999, 11.065], [76.97999999999999, 11.07], [76.975, 11.07], [76.975, 11.065]]]}}, {"type": "Feature", "properties": {"nearest_m": 332.1, "band": "0–400 m"}, "geometry": {"type": "Polygon", "coordinates": [[[76.97999999999999, 11.065], [76.98499999999999, 11.065], [76.98499999999999, 11.07], [76.97999999999999, 11.07], [76.97999999999999, 11.065]]]}}, {"type": "Feature", "properties": {"nearest_m": 155.6, "band": "0–400 m"}, "geometry": {"type": "Polygon", "coordinates": [[[76.985, 11.065], [76.99, 11.065], [76.99, 11.07], [76.985, 11.07], [76.985, 11.065]]]}}, {"type": "Feature", "properties": {"nearest_m": 276.7, "band": "0–400 m"}, "geometry": {"type": "Polygon", "coordinates": [[[76.99, 11.065], [76.99499999999999, 11.065], [76.99499999999999, 11.07], [76.99, 11.07], [76.99, 11.065]]]}}, {"type": "Feature", "properties": {"nearest_m": 458.4, "band": "400–800 m"}, "geometry": {"type": "Polygon", "coordinates": [[[76.99499999999999, 11.065], [76.99999999999999, 11.065], [76.99999999999999, 11.07], [76.99499999999999, 11.07], [76.99499999999999, 11.065]]]}}, {"type": "Feature", "properties": {"nearest_m": 380.8, "band": "0–400 m"}, "geometry": {"type": "Polygon", "coordinates": [[[77.0, 11.065], [77.005, 11.065], [77.005, 11.07], [77.0, 11.07], [77.0, 11.065]]]}}, {"type": "Feature", "properties": {"nearest_m": 742.8, "band": "400–800 m"}, "geometry": {"type": "Polygon", "coordinates": [[[77.005, 11.065], [77.00999999999999, 11.065], [77.00999999999999, 11.07], [77.005, 11.07], [77.005, 11.065]]]}}, {"type": "Feature", "properties": {"nearest_m": 326.6, "band": "0–400 m"}, "geometry": {"type": "Polygon", "coordinates": [[[77.03, 11.065], [77.035, 11.065], [77.035, 11.07], [77.03, 11.07], [77.03, 11.065]]]}}, {"type": "Feature", "properties": {"nearest_m": 290.6, "band": "0–400 m"}, "geometry": {"type": "Polygon", "coordinates": [[[77.035, 11.065], [77.03999999999999, 11.065], [77.03999999999999, 11.07], [77.035, 11.07], [77.035, 11.065]]]}}, {"type": "Feature", "properties": {"nearest_m": 635.2, "band": "400–800 m"}, "geometry": {"type": "Polygon", "coordinates": [[[77.04499999999999, 11.065], [77.04999999999998, 11.065], [77.04999999999998, 11.07], [77.04499999999999, 11.07], [77.04499999999999, 11.065]]]}}, {"type": "Feature", "properties": {"nearest_m": 89.9, "band": "0–400 m"}, "geometry": {"type": "Polygon", "coordinates": [[[77.05, 11.065], [77.05499999999999, 11.065], [77.05499999999999, 11.07], [77.05, 11.07], [77.05, 11.065]]]}}, {"type": "Feature", "properties": {"nearest_m": 457.9, "band": "400–800 m"}, "geometry": {"type": "Polygon", "coordinates": [[[77.05499999999999, 11.065], [77.05999999999999, 11.065], [77.05999999999999, 11.07], [77.05499999999999, 11.07], [77.05499999999999, 11.065]]]}}, {"type": "Feature", "properties": {"nearest_m": 619.8, "band": "400–800 m"}, "geometry": {"type": "Polygon", "coordinates": [[[77.085, 11.065], [77.08999999999999, 11.065], [77.08999999999999, 11.07], [77.085, 11.07], [77.085, 11.065]]]}}, {"type": "Feature", "properties": {"nearest_m": 167.7, "band": "0–400 m"}, "geometry": {"type": "Polygon", "coordinates": [[[77.08999999999999, 11.065], [77.09499999999998, 11.065], [77.09499999999998, 11.07], [77.08999999999999, 11.07], [77.08999999999999, 11.065]]]}}, {"type": "Feature", "properties": {"nearest_m": 320.6, "band": "0–400 m"}, "geometry": {"type": "Polygon", "coordinates": [[[77.095, 11.065], [77.1, 11.065], [77.1, 11.07], [77.095, 11.07], [77.095, 11.065]]]}}, {"type": "Feature", "properties": {"nearest_m": 699.5, "band": "400–800 m"}, "geometry": {"type": "Polygon", "coordinates": [[[76.89999999999999, 11.059999999999999], [76.90499999999999, 11.059999999999999], [76.90499999999999, 11.065], [76.89999999999999, 11.065], [76.89999999999999, 11.059999999999999]]]}}, {"type": "Feature", "properties": {"nearest_m": 258.1, "band": "0–400 m"}, "geometry": {"type": "Polygon", "coordinates": [[[76.90499999999999, 11.059999999999999], [76.90999999999998, 11.059999999999999], [76.90999999999998, 11.065], [76.90499999999999, 11.065], [76.90499999999999, 11.059999999999999]]]}}, {"type": "Feature", "properties": {"nearest_m": 379.7, "band": "0–400 m"}, "geometry": {"type": "Polygon", "coordinates": [[[76.91, 11.059999999999999], [76.91499999999999, 11.059999999999999], [76.91499999999999, 11.065], [76.91, 11.065], [76.91, 11.059999999999999]]]}}, {"type": "Feature", "properties": {"nearest_m": 405.2, "band": "400–800 m"}, "geometry": {"type": "Polygon", "coordinates": [[[76.91499999999999, 11.059999999999999], [76.91999999999999, 11.059999999999999], [76.91999999999999, 11.065], [76.91499999999999, 11.065], [76.91499999999999, 11.059999999999999]]]}}, {"type": "Feature", "properties": {"nearest_m": 509.9, "band": "400–800 m"}, "geometry": {"type": "Polygon", "coordinates": [[[76.91999999999999, 11.059999999999999], [76.92499999999998, 11.059999999999999], [76.92499999999998, 11.065], [76.91999999999999, 11.065], [76.91999999999999, 11.059999999999999]]]}}, {"type": "Feature", "properties": {"nearest_m": 541.1, "band": "400–800 m"}, "geometry": {"type": "Polygon", "coordinates": [[[76.925, 11.059999999999999], [76.92999999999999, 11.059999999999999], [76.92999999999999, 11.065], [76.925, 11.065], [76.925, 11.059999999999999]]]}}, {"type": "Feature", "properties": {"nearest_m": 595.1, "band": "400–800 m"}, "geometry": {"type": "Polygon", "coordinates": [[[76.93499999999999, 11.059999999999999], [76.93999999999998, 11.059999999999999], [76.93999999999998, 11.065], [76.93499999999999, 11.065], [76.93499999999999, 11.059999999999999]]]}}, {"type": "Feature", "properties": {"nearest_m": 295.0, "band": "0–400 m"}, "geometry": {"type": "Polygon", "coordinates": [[[76.94, 11.059999999999999], [76.945, 11.059999999999999], [76.945, 11.065], [76.94, 11.065], [76.94, 11.059999999999999]]]}}, {"type": "Feature", "properties": {"nearest_m": 296.5, "band": "0–400 m"}, "geometry": {"type": "Polygon", "coordinates": [[[76.945, 11.059999999999999], [76.94999999999999, 11.059999999999999], [76.94999999999999, 11.065], [76.945, 11.065], [76.945, 11.059999999999999]]]}}, {"type": "Feature", "properties": {"nearest_m": 528.6, "band": "400–800 m"}, "geometry": {"type": "Polygon", "coordinates": [[[76.94999999999999, 11.059999999999999], [76.95499999999998, 11.059999999999999], [76.95499999999998, 11.065], [76.94999999999999, 11.065], [76.94999999999999, 11.059999999999999]]]}}, {"type": "Feature", "properties": {"nearest_m": 700.1, "band": "400–800 m"}, "geometry": {"type": "Polygon", "coordinates": [[[76.96499999999999, 11.059999999999999], [76.96999999999998, 11.059999999999999], [76.96999999999998, 11.065], [76.96499999999999, 11.065], [76.96499999999999, 11.059999999999999]]]}}, {"type": "Feature", "properties": {"nearest_m": 610.6, "band": "400–800 m"}, "geometry": {"type": "Polygon", "coordinates": [[[76.97, 11.059999999999999], [76.975, 11.059999999999999], [76.975, 11.065], [76.97, 11.065], [76.97, 11.059999999999999]]]}}, {"type": "Feature", "properties": {"nearest_m": 485.4, "band": "400–800 m"}, "geometry": {"type": "Polygon", "coordinates": [[[76.97999999999999, 11.059999999999999], [76.98499999999999, 11.059999999999999], [76.98499999999999, 11.065], [76.97999999999999, 11.065], [76.97999999999999, 11.059999999999999]]]}}, {"type": "Feature", "properties": {"nearest_m": 205.5, "band": "0–400 m"}, "geometry": {"type": "Polygon", "coordinates": [[[76.985, 11.059999999999999], [76.99, 11.059999999999999], [76.99, 11.065], [76.985, 11.065], [76.985, 11.059999999999999]]]}}, {"type": "Feature", "properties": {"nearest_m": 493.3, "band": "400–800 m"}, "geometry": {"type": "Polygon", "coordinates": [[[76.99, 11.059999999999999], [76.99499999999999, 11.059999999999999], [76.99499999999999, 11.065], [76.99, 11.065], [76.99, 11.059999999999999]]]}}, {"type": "Feature", "properties": {"nearest_m": 133.3, "band": "0–400 m"}, "geometry": {"type": "Polygon", "coordinates": [[[76.99499999999999, 11.059999999999999], [76.99999999999999, 11.059999999999999], [76.99999999999999, 11.065], [76.99499999999999, 11.065], [76.99499999999999, 11.059999999999999]]]}}, {"type": "Feature", "properties": {"nearest_m": 430.3, "band": "400–800 m"}, "geometry": {"type": "Polygon", "coordinates": [[[77.0, 11.059999999999999], [77.005, 11.059999999999999], [77.005, 11.065], [77.0, 11.065], [77.0, 11.059999999999999]]]}}, {"type": "Feature", "properties": {"nearest_m": 637.3, "band": "400–800 m"}, "geometry": {"type": "Polygon", "coordinates": [[[77.00999999999999, 11.059999999999999], [77.01499999999999, 11.059999999999999], [77.01499999999999, 11.065], [77.00999999999999, 11.065], [77.00999999999999, 11.059999999999999]]]}}, {"type": "Feature", "properties": {"nearest_m": 528.9, "band": "400–800 m"}, "geometry": {"type": "Polygon", "coordinates": [[[77.015, 11.059999999999999], [77.02, 11.059999999999999], [77.02, 11.065], [77.015, 11.065], [77.015, 11.059999999999999]]]}}, {"type": "Feature", "properties": {"nearest_m": 710.0, "band": "400–800 m"}, "geometry": {"type": "Polygon", "coordinates": [[[77.02, 11.059999999999999], [77.02499999999999, 11.059999999999999], [77.02499999999999, 11.065], [77.02, 11.065], [77.02, 11.059999999999999]]]}}, {"type": "Feature", "properties": {"nearest_m": 507.0, "band": "400–800 m"}, "geometry": {"type": "Polygon", "coordinates": [[[77.03, 11.059999999999999], [77.035, 11.059999999999999], [77.035, 11.065], [77.03, 11.065], [77.03, 11.059999999999999]]]}}, {"type": "Feature", "properties": {"nearest_m": 484.5, "band": "400–800 m"}, "geometry": {"type": "Polygon", "coordinates": [[[77.035, 11.059999999999999], [77.03999999999999, 11.059999999999999], [77.03999999999999, 11.065], [77.035, 11.065], [77.035, 11.059999999999999]]]}}, {"type": "Feature", "properties": {"nearest_m": 758.6, "band": "400–800 m"}, "geometry": {"type": "Polygon", "coordinates": [[[77.04499999999999, 11.059999999999999], [77.04999999999998, 11.059999999999999], [77.04999999999998, 11.065], [77.04499999999999, 11.065], [77.04499999999999, 11.059999999999999]]]}}, {"type": "Feature", "properties": {"nearest_m": 578.5, "band": "400–800 m"}, "geometry": {"type": "Polygon", "coordinates": [[[77.05, 11.059999999999999], [77.05499999999999, 11.059999999999999], [77.05499999999999, 11.065], [77.05, 11.065], [77.05, 11.059999999999999]]]}}, {"type": "Feature", "properties": {"nearest_m": 732.3, "band": "400–800 m"}, "geometry": {"type": "Polygon", "coordinates": [[[77.05499999999999, 11.059999999999999], [77.05999999999999, 11.059999999999999], [77.05999999999999, 11.065], [77.05499999999999, 11.065], [77.05499999999999, 11.059999999999999]]]}}, {"type": "Feature", "properties": {"nearest_m": 737.7, "band": "400–800 m"}, "geometry": {"type": "Polygon", "coordinates": [[[77.05999999999999, 11.059999999999999], [77.06499999999998, 11.059999999999999], [77.06499999999998, 11.065], [77.05999999999999, 11.065], [77.05999999999999, 11.059999999999999]]]}}, {"type": "Feature", "properties": {"nearest_m": 608.9, "band": "400–800 m"}, "geometry": {"type": "Polygon", "coordinates": [[[77.065, 11.059999999999999], [77.07, 11.059999999999999], [77.07, 11.065], [77.065, 11.065], [77.065, 11.059999999999999]]]}}, {"type": "Feature", "properties": {"nearest_m": 457.1, "band": "400–800 m"}, "geometry": {"type": "Polygon", "coordinates": [[[77.085, 11.059999999999999], [77.08999999999999, 11.059999999999999], [77.08999999999999, 11.065], [77.085, 11.065], [77.085, 11.059999999999999]]]}}, {"type": "Feature", "properties": {"nearest_m": 94.2, "band": "0–400 m"}, "geometry": {"type": "Polygon", "coordinates": [[[77.08999999999999, 11.059999999999999], [77.09499999999998, 11.059999999999999], [77.09499999999998, 11.065], [77.08999999999999, 11.065], [77.08999999999999, 11.059999999999999]]]}}, {"type": "Feature", "properties": {"nearest_m": 513.4, "band": "400–800 m"}, "geometry": {"type": "Polygon", "coordinates": [[[77.095, 11.059999999999999], [77.1, 11.059999999999999], [77.1, 11.065], [77.095, 11.065], [77.095, 11.059999999999999]]]}}, {"type": "Feature", "properties": {"nearest_m": 779.8, "band": "400–800 m"}, "geometry": {"type": "Polygon", "coordinates": [[[76.90499999999999, 11.054999999999998], [76.90999999999998, 11.054999999999998], [76.90999999999998, 11.059999999999999], [76.90499999999999, 11.059999999999999], [76.90499999999999, 11.054999999999998]]]}}, {"type": "Feature", "properties": {"nearest_m": 764.4, "band": "400–800 m"}, "geometry": {"type": "Polygon", "coordinates": [[[76.93499999999999, 11.054999999999998], [76.93999999999998, 11.054999999999998], [76.93999999999998, 11.059999999999999], [76.93499999999999, 11.059999999999999], [76.93499999999999, 11.054999999999998]]]}}, {"type": "Feature", "properties": {"nearest_m": 306.0, "band": "0–400 m"}, "geometry": {"type": "Polygon", "coordinates": [[[76.94, 11.054999999999998], [76.945, 11.054999999999998], [76.945, 11.059999999999999], [76.94, 11.059999999999999], [76.94, 11.054999999999998]]]}}, {"type": "Feature", "properties": {"nearest_m": 293.5, "band": "0–400 m"}, "geometry": {"type": "Polygon", "coordinates": [[[76.945, 11.054999999999998], [76.94999999999999, 11.054999999999998], [76.94999999999999, 11.059999999999999], [76.945, 11.059999999999999], [76.945, 11.054999999999998]]]}}, {"type": "Feature", "properties": {"nearest_m": 526.9, "band": "400–800 m"}, "geometry": {"type": "Polygon", "coordinates": [[[76.94999999999999, 11.054999999999998], [76.95499999999998, 11.054999999999998], [76.95499999999998, 11.059999999999999], [76.94999999999999, 11.059999999999999], [76.94999999999999, 11.054999999999998]]]}}, {"type": "Feature", "properties": {"nearest_m": 381.8, "band": "0–400 m"}, "geometry": {"type": "Polygon", "coordinates": [[[76.96499999999999, 11.054999999999998], [76.96999999999998, 11.054999999999998], [76.96999999999998, 11.059999999999999], [76.96499999999999, 11.059999999999999], [76.96499999999999, 11.054999999999998]]]}}, {"type": "Feature", "properties": {"nearest_m": 168.7, "band": "0–400 m"}, "geometry": {"type": "Polygon", "coordinates": [[[76.97, 11.054999999999998], [76.975, 11.054999999999998], [76.975, 11.059999999999999], [76.97, 11.059999999999999], [76.97, 11.054999999999998]]]}}, {"type": "Feature", "properties": {"nearest_m": 712.9, "band": "400–800 m"}, "geometry": {"type": "Polygon", "coordinates": [[[76.975, 11.054999999999998], [76.97999999999999, 11.054999999999998], [76.97999999999999, 11.059999999999999], [76.975, 11.059999999999999], [76.975, 11.054999999999998]]]}}, {"type": "Feature", "properties": {"nearest_m": 761.1, "band": "400–800 m"}, "geometry": {"type": "Polygon", "coordinates": [[[76.985, 11.054999999999998], [76.99, 11.054999999999998], [76.99, 11.059999999999999], [76.985, 11.059999999999999], [76.985, 11.054999999999998]]]}}, {"type": "Feature", "properties": {"nearest_m": 562.6, "band": "400–800 m"}, "geometry": {"type": "Polygon", "coordinates": [[[76.99, 11.054999999999998], [76.99499999999999, 11.054999999999998], [76.99499999999999, 11.059999999999999], [76.99, 11.059999999999999], [76.99, 11.054999999999998]]]}}, {"type": "Feature", "properties": {"nearest_m": 184.7, "band": "0–400 m"}, "geometry": {"type": "Polygon", "coordinates": [[[76.99499999999999, 11.054999999999998], [76.99999999999999, 11.054999999999998], [76.99999999999999, 11.059999999999999], [76.99499999999999, 11.059999999999999], [76.99499999999999, 11.054999999999998]]]}}, {"type": "Feature", "properties": {"nearest_m": 133.4, "band": "0–400 m"}, "geometry": {"type": "Polygon", "coordinates": [[[77.0, 11.054999999999998], [77.005, 11.054999999999998], [77.005, 11.059999999999999], [77.0, 11.059999999999999], [77.0, 11.054999999999998]]]}}, {"type": "Feature", "properties": {"nearest_m": 615.9, "band": "400–800 m"}, "geometry": {"type": "Polygon", "coordinates": [[[77.005, 11.054999999999998], [77.00999999999999, 11.054999999999998], [77.00999999999999, 11.059999999999999], [77.005, 11.059999999999999], [77.005, 11.054999999999998]]]}}, {"type": "Feature", "properties": {"nearest_m": 392.3, "band": "0–400 m"}, "geometry": {"type": "Polygon", "coordinates": [[[77.00999999999999, 11.054999999999998], [77.01499999999999, 11.054999999999998], [77.01499999999999, 11.059999999999999], [77.00999999999999, 11.059999999999999], [77.00999999999999, 11.054999999999998]]]}}, {"type": "Feature", "properties": {"nearest_m": 61.1, "band": "0–400 m"}, "geometry": {"type": "Polygon", "coordinates": [[[77.015, 11.054999999999998], [77.02, 11.054999999999998], [77.02, 11.059999999999999], [77.015, 11.059999999999999], [77.015, 11.054999999999998]]]}}, {"type": "Feature", "properties": {"nearest_m": 158.4, "band": "0–400 m"}, "geometry": {"type": "Polygon", "coordinates": [[[77.02, 11.054999999999998], [77.02499999999999, 11.054999999999998], [77.02499999999999, 11.059999999999999], [77.02, 11.059999999999999], [77.02, 11.054999999999998]]]}}, {"type": "Feature", "properties": {"nearest_m": 402.1, "band": "400–800 m"}, "geometry": {"type": "Polygon", "coordinates": [[[77.02499999999999, 11.054999999999998], [77.02999999999999, 11.054999999999998], [77.02999999999999, 11.059999999999999], [77.02499999999999, 11.059999999999999], [77.02499999999999, 11.054999999999998]]]}}, {"type": "Feature", "properties": {"nearest_m": 319.9, "band": "0–400 m"}, "geometry": {"type": "Polygon", "coordinates": [[[77.03, 11.054999999999998], [77.035, 11.054999999999998], [77.035, 11.059999999999999], [77.03, 11.059999999999999], [77.03, 11.054999999999998]]]}}, {"type": "Feature", "properties": {"nearest_m": 733.5, "band": "400–800 m"}, "geometry": {"type": "Polygon", "coordinates": [[[77.035, 11.054999999999998], [77.03999999999999, 11.054999999999998], [77.03999999999999, 11.059999999999999], [77.035, 11.059999999999999], [77.035, 11.054999999999998]]]}}, {"type": "Feature", "properties": {"nearest_m": 300.4, "band": "0–400 m"}, "geometry": {"type": "Polygon", "coordinates": [[[77.04499999999999, 11.054999999999998], [77.04999999999998, 11.054999999999998], [77.04999999999998, 11.059999999999999], [77.04499999999999, 11.059999999999999], [77.04499999999999, 11.054999999999998]]]}}, {"type": "Feature", "properties": {"nearest_m": 330.5, "band": "0–400 m"}, "geometry": {"type": "Polygon", "coordinates": [[[77.05, 11.054999999999998], [77.05499999999999, 11.054999999999998], [77.05499999999999, 11.059999999999999], [77.05, 11.059999999999999], [77.05, 11.054999999999998]]]}}, {"type": "Feature", "properties": {"nearest_m": 313.8, "band": "0–400 m"}, "geometry": {"type": "Polygon", "coordinates": [[[77.05499999999999, 11.054999999999998], [77.05999999999999, 11.054999999999998], [77.05999999999999, 11.059999999999999], [77.05499999999999, 11.059999999999999], [77.05499999999999, 11.054999999999998]]]}}, {"type": "Feature", "properties": {"nearest_m": 218.5, "band": "0–400 m"}, "geometry": {"type": "Polygon", "coordinates": [[[77.05999999999999, 11.054999999999998], [77.06499999999998, 11.054999999999998], [77.06499999999998, 11.059999999999999], [77.05999999999999, 11.059999999999999], [77.05999999999999, 11.054999999999998]]]}}, {"type": "Feature", "properties": {"nearest_m": 58.4, "band": "0–400 m"}, "geometry": {"type": "Polygon", "coordinates": [[[77.065, 11.054999999999998], [77.07, 11.054999999999998], [77.07, 11.059999999999999], [77.065, 11.059999999999999], [77.065, 11.054999999999998]]]}}, {"type": "Feature", "properties": {"nearest_m": 575.9, "band": "400–800 m"}, "geometry": {"type": "Polygon", "coordinates": [[[77.07, 11.054999999999998], [77.07499999999999, 11.054999999999998], [77.07499999999999, 11.059999999999999], [77.07, 11.059999999999999], [77.07, 11.054999999999998]]]}}, {"type": "Feature", "properties": {"nearest_m": 300.8, "band": "0–400 m"}, "geometry": {"type": "Polygon", "coordinates": [[[77.085, 11.054999999999998], [77.08999999999999, 11.054999999999998], [77.08999999999999, 11.059999999999999], [77.085, 11.059999999999999], [77.085, 11.054999999999998]]]}}, {"type": "Feature", "properties": {"nearest_m": 345.3, "band": "0–400 m"}, "geometry": {"type": "Polygon", "coordinates": [[[77.08999999999999, 11.054999999999998], [77.09499999999998, 11.054999999999998], [77.09499999999998, 11.059999999999999], [77.08999999999999, 11.059999999999999], [77.08999999999999, 11.054999999999998]]]}}, {"type": "Feature", "properties": {"nearest_m": 691.7, "band": "400–800 m"}, "geometry": {"type": "Polygon", "coordinates": [[[77.095, 11.054999999999998], [77.1, 11.054999999999998], [77.1, 11.059999999999999], [77.095, 11.059999999999999], [77.095, 11.054999999999998]]]}}, {"type": "Feature", "properties": {"nearest_m": 755.6, "band": "400–800 m"}, "geometry": {"type": "Polygon", "coordinates": [[[76.91, 11.049999999999999], [76.91499999999999, 11.049999999999999], [76.91499999999999, 11.055], [76.91, 11.055], [76.91, 11.049999999999999]]]}}, {"type": "Feature", "properties": {"nearest_m": 331.4, "band": "0–400 m"}, "geometry": {"type": "Polygon", "coordinates": [[[76.91499999999999, 11.049999999999999], [76.91999999999999, 11.049999999999999], [76.91999999999999, 11.055], [76.91499999999999, 11.055], [76.91499999999999, 11.049999999999999]]]}}, {"type": "Feature", "properties": {"nearest_m": 495.7, "band": "400–800 m"}, "geometry": {"type": "Polygon", "coordinates": [[[76.91999999999999, 11.049999999999999], [76.92499999999998, 11.049999999999999], [76.92499999999998, 11.055], [76.91999999999999, 11.055], [76.91999999999999, 11.049999999999999]]]}}, {"type": "Feature", "properties": {"nearest_m": 715.7, "band": "400–800 m"}, "geometry": {"type": "Polygon", "coordinates": [[[76.93499999999999, 11.049999999999999], [76.93999999999998, 11.049999999999999], [76.93999999999998, 11.055], [76.93499999999999, 11.055], [76.93499999999999, 11.049999999999999]]]}}, {"type": "Feature", "properties": {"nearest_m": 222.3, "band": "0–400 m"}, "geometry": {"type": "Polygon", "coordinates": [[[76.94, 11.049999999999999], [76.945, 11.049999999999999], [76.945, 11.055], [76.94, 11.055], [76.94, 11.049999999999999]]]}}, {"type": "Feature", "properties": {"nearest_m": 428.5, "band": "400–800 m"}, "geometry": {"type": "Polygon", "coordinates": [[[76.945, 11.049999999999999], [76.94999999999999, 11.049999999999999], [76.94999999999999, 11.055], [76.945, 11.055], [76.945, 11.049999999999999]]]}}, {"type": "Feature", "properties": {"nearest_m": 274.9, "band": "0–400 m"}, "geometry": {"type": "Polygon", "coordinates": [[[76.94999999999999, 11.049999999999999], [76.95499999999998, 11.049999999999999], [76.95499999999998, 11.055], [76.94999999999999, 11.055], [76.94999999999999, 11.049999999999999]]]}}, {"type": "Feature", "properties": {"nearest_m": 573.0, "band": "400–800 m"}, "geometry": {"type": "Polygon", "coordinates": [[[76.955, 11.049999999999999], [76.96, 11.049999999999999], [76.96, 11.055], [76.955, 11.055], [76.955, 11.049999999999999]]]}}, {"type": "Feature", "properties": {"nearest_m": 590.8, "band": "400–800 m"}, "geometry": {"type": "Polygon", "coordinates": [[[76.96, 11.049999999999999], [76.96499999999999, 11.049999999999999], [76.96499999999999, 11.055], [76.96, 11.055], [76.96, 11.049999999999999]]]}}, {"type": "Feature", "properties": {"nearest_m": 126.3, "band": "0–400 m"}, "geometry": {"type": "Polygon", "coordinates": [[[76.96499999999999, 11.049999999999999], [76.96999999999998, 11.049999999999999], [76.96999999999998, 11.055], [76.96499999999999, 11.055], [76.96499999999999, 11.049999999999999]]]}}, {"type": "Feature", "properties": {"nearest_m": 472.8, "band": "400–800 m"}, "geometry": {"type": "Polygon", "coordinates": [[[76.97, 11.049999999999999], [76.975, 11.049999999999999], [76.975, 11.055], [76.97, 11.055], [76.97, 11.049999999999999]]]}}, {"type": "Feature", "properties": {"nearest_m": 726.5, "band": "400–800 m"}, "geometry": {"type": "Polygon", "coordinates": [[[76.975, 11.049999999999999], [76.97999999999999, 11.049999999999999], [76.97999999999999, 11.055], [76.975, 11.055], [76.975, 11.049999999999999]]]}}, {"type": "Feature", "properties": {"nearest_m": 298.9, "band": "0–400 m"}, "geometry": {"type": "Polygon", "coordinates": [[[76.97999999999999, 11.049999999999999], [76.98499999999999, 11.049999999999999], [76.98499999999999, 11.055], [76.97999999999999, 11.055], [76.97999999999999, 11.049999999999999]]]}}, {"type": "Feature", "properties": {"nearest_m": 497.9, "band": "400–800 m"}, "geometry": {"type": "Polygon", "coordinates": [[[76.985, 11.049999999999999], [76.99, 11.049999999999999], [76.99, 11.055], [76.985, 11.055], [76.985, 11.049999999999999]]]}}, {"type": "Feature", "properties": {"nearest_m": 536.1, "band": "400–800 m"}, "geometry": {"type": "Polygon", "coordinates": [[[76.99, 11.049999999999999], [76.99499999999999, 11.049999999999999], [76.99499999999999, 11.055], [76.99, 11.055], [76.99, 11.049999999999999]]]}}, {"type": "Feature", "properties": {"nearest_m": 310.4, "band": "0–400 m"}, "geometry": {"type": "Polygon", "coordinates": [[[76.99499999999999, 11.049999999999999], [76.99999999999999, 11.049999999999999], [76.99999999999999, 11.055], [76.99499999999999, 11.055], [76.99499999999999, 11.049999999999999]]]}}, {"type": "Feature", "properties": {"nearest_m": 279.5, "band": "0–400 m"}, "geometry": {"type": "Polygon", "coordinates": [[[77.0, 11.049999999999999], [77.005, 11.049999999999999], [77.005, 11.055], [77.0, 11.055], [77.0, 11.049999999999999]]]}}, {"type": "Feature", "properties": {"nearest_m": 277.5, "band": "0–400 m"}, "geometry": {"type": "Polygon", "coordinates": [[[77.005, 11.049999999999999], [77.00999999999999, 11.049999999999999], [77.00999999999999, 11.055], [77.005, 11.055], [77.005, 11.049999999999999]]]}}, {"type": "Feature", "properties": {"nearest_m": 238.5, "band": "0–400 m"}, "geometry": {"type": "Polygon", "coordinates": [[[77.00999999999999, 11.049999999999999], [77.01499999999999, 11.049999999999999], [77.01499999999999, 11.055], [77.00999999999999, 11.055], [77.00999999999999, 11.049999999999999]]]}}, {"type": "Feature", "properties": {"nearest_m": 130.5, "band": "0–400 m"}, "geometry": {"type": "Polygon", "coordinates": [[[77.015, 11.049999999999999], [77.02, 11.049999999999999], [77.02, 11.055], [77.015, 11.055], [77.015, 11.049999999999999]]]}}, {"type": "Feature", "properties": {"nearest_m": 66.7, "band": "0–400 m"}, "geometry": {"type": "Polygon", "coordinates": [[[77.02, 11.049999999999999], [77.02499999999999, 11.049999999999999], [77.02499999999999, 11.055], [77.02, 11.055], [77.02, 11.049999999999999]]]}}, {"type": "Feature", "properties": {"nearest_m": 209.4, "band": "0–400 m"}, "geometry": {"type": "Polygon", "coordinates": [[[77.02499999999999, 11.049999999999999], [77.02999999999999, 11.049999999999999], [77.02999999999999, 11.055], [77.02499999999999, 11.055], [77.02499999999999, 11.049999999999999]]]}}, {"type": "Feature", "properties": {"nearest_m": 180.8, "band": "0–400 m"}, "geometry": {"type": "Polygon", "coordinates": [[[77.03, 11.049999999999999], [77.035, 11.049999999999999], [77.035, 11.055], [77.03, 11.055], [77.03, 11.049999999999999]]]}}, {"type": "Feature", "properties": {"nearest_m": 374.2, "band": "0–400 m"}, "geometry": {"type": "Polygon", "coordinates": [[[77.035, 11.049999999999999], [77.03999999999999, 11.049999999999999], [77.03999999999999, 11.055], [77.035, 11.055], [77.035, 11.049999999999999]]]}}, {"type": "Feature", "properties": {"nearest_m": 641.9, "band": "400–800 m"}, "geometry": {"type": "Polygon", "coordinates": [[[77.03999999999999, 11.049999999999999], [77.04499999999999, 11.049999999999999], [77.04499999999999, 11.055], [77.03999999999999, 11.055], [77.03999999999999, 11.049999999999999]]]}}, {"type": "Feature", "properties": {"nearest_m": 474.0, "band": "400–800 m"}, "geometry": {"type": "Polygon", "coordinates": [[[77.04499999999999, 11.049999999999999], [77.04999999999998, 11.049999999999999], [77.04999999999998, 11.055], [77.04499999999999, 11.055], [77.04499999999999, 11.049999999999999]]]}}, {"type": "Feature", "properties": {"nearest_m": 493.6, "band": "400–800 m"}, "geometry": {"type": "Polygon", "coordinates": [[[77.05, 11.049999999999999], [77.05499999999999, 11.049999999999999], [77.05499999999999, 11.055], [77.05, 11.055], [77.05, 11.049999999999999]]]}}, {"type": "Feature", "properties": {"nearest_m": 246.4, "band": "0–400 m"}, "geometry": {"type": "Polygon", "coordinates": [[[77.05499999999999, 11.049999999999999], [77.05999999999999, 11.049999999999999], [77.05999999999999, 11.055], [77.05499999999999, 11.055], [77.05499999999999, 11.049999999999999]]]}}, {"type": "Feature", "properties": {"nearest_m": 289.0, "band": "0–400 m"}, "geometry": {"type": "Polygon", "coordinates": [[[77.05999999999999, 11.049999999999999], [77.06499999999998, 11.049999999999999], [77.06499999999998, 11.055], [77.05999999999999, 11.055], [77.05999999999999, 11.049999999999999]]]}}, {"type": "Feature", "properties": {"nearest_m": 336.0, "band": "0–400 m"}, "geometry": {"type": "Polygon", "coordinates": [[[77.065, 11.049999999999999], [77.07, 11.049999999999999], [77.07, 11.055], [77.065, 11.055], [77.065, 11.049999999999999]]]}}, {"type": "Feature", "properties": {"nearest_m": 763.1, "band": "400–800 m"}, "geometry": {"type": "Polygon", "coordinates": [[[77.07, 11.049999999999999], [77.07499999999999, 11.049999999999999], [77.07499999999999, 11.055], [77.07, 11.055], [77.07, 11.049999999999999]]]}}, {"type": "Feature", "properties": {"nearest_m": 769.1, "band": "400–800 m"}, "geometry": {"type": "Polygon", "coordinates": [[[77.085, 11.049999999999999], [77.08999999999999, 11.049999999999999], [77.08999999999999, 11.055], [77.085, 11.055], [77.085, 11.049999999999999]]]}}, {"type": "Feature", "properties": {"nearest_m": 787.6, "band": "400–800 m"}, "geometry": {"type": "Polygon", "coordinates": [[[77.08999999999999, 11.049999999999999], [77.09499999999998, 11.049999999999999], [77.09499999999998, 11.055], [77.08999999999999, 11.055], [77.08999999999999, 11.049999999999999]]]}}, {"type": "Feature", "properties": {"nearest_m": 571.8, "band": "400–800 m"}, "geometry": {"type": "Polygon", "coordinates": [[[76.85499999999999, 11.044999999999998], [76.85999999999999, 11.044999999999998], [76.85999999999999, 11.049999999999999], [76.85499999999999, 11.049999999999999], [76.85499999999999, 11.044999999999998]]]}}, {"type": "Feature", "properties": {"nearest_m": 347.8, "band": "0–400 m"}, "geometry": {"type": "Polygon", "coordinates": [[[76.86, 11.044999999999998], [76.865, 11.044999999999998], [76.865, 11.049999999999999], [76.86, 11.049999999999999], [76.86, 11.044999999999998]]]}}, {"type": "Feature", "properties": {"nearest_m": 414.7, "band": "400–800 m"}, "geometry": {"type": "Polygon", "coordinates": [[[76.865, 11.044999999999998], [76.86999999999999, 11.044999999999998], [76.86999999999999, 11.049999999999999], [76.865, 11.049999999999999], [76.865, 11.044999999999998]]]}}, {"type": "Feature", "properties": {"nearest_m": 610.4, "band": "400–800 m"}, "geometry": {"type": "Polygon", "coordinates": [[[76.86999999999999, 11.044999999999998], [76.87499999999999, 11.044999999999998], [76.87499999999999, 11.049999999999999], [76.86999999999999, 11.049999999999999], [76.86999999999999, 11.044999999999998]]]}}, {"type": "Feature", "properties": {"nearest_m": 781.2, "band": "400–800 m"}, "geometry": {"type": "Polygon", "coordinates": [[[76.875, 11.044999999999998], [76.88, 11.044999999999998], [76.88, 11.049999999999999], [76.875, 11.049999999999999], [76.875, 11.044999999999998]]]}}, {"type": "Feature", "properties": {"nearest_m": 717.0, "band": "400–800 m"}, "geometry": {"type": "Polygon", "coordinates": [[[76.88, 11.044999999999998], [76.88499999999999, 11.044999999999998], [76.88499999999999, 11.049999999999999], [76.88, 11.049999999999999], [76.88, 11.044999999999998]]]}}, {"type": "Feature", "properties": {"nearest_m": 625.2, "band": "400–800 m"}, "geometry": {"type": "Polygon", "coordinates": [[[76.88499999999999, 11.044999999999998], [76.88999999999999, 11.044999999999998], [76.88999999999999, 11.049999999999999], [76.88499999999999, 11.049999999999999], [76.88499999999999, 11.044999999999998]]]}}, {"type": "Feature", "properties": {"nearest_m": 360.2, "band": "0–400 m"}, "geometry": {"type": "Polygon", "coordinates": [[[76.88999999999999, 11.044999999999998], [76.89499999999998, 11.044999999999998], [76.89499999999998, 11.049999999999999], [76.88999999999999, 11.049999999999999], [76.88999999999999, 11.044999999999998]]]}}, {"type": "Feature", "properties": {"nearest_m": 375.6, "band": "0–400 m"}, "geometry": {"type": "Polygon", "coordinates": [[[76.895, 11.044999999999998], [76.89999999999999, 11.044999999999998], [76.89999999999999, 11.049999999999999], [76.895, 11.049999999999999], [76.895, 11.044999999999998]]]}}, {"type": "Feature", "properties": {"nearest_m": 742.4, "band": "400–800 m"}, "geometry": {"type": "Polygon", "coordinates": [[[76.91, 11.044999999999998], [76.91499999999999, 11.044999999999998], [76.91499999999999, 11.049999999999999], [76.91, 11.049999999999999], [76.91, 11.044999999999998]]]}}, {"type": "Feature", "properties": {"nearest_m": 300.0, "band": "0–400 m"}, "geometry": {"type": "Polygon", "coordinates": [[[76.91499999999999, 11.044999999999998], [76.91999999999999, 11.044999999999998], [76.91999999999999, 11.049999999999999], [76.91499999999999, 11.049999999999999], [76.91499999999999, 11.044999999999998]]]}}, {"type": "Feature", "properties": {"nearest_m": 197.5, "band": "0–400 m"}, "geometry": {"type": "Polygon", "coordinates": [[[76.91999999999999, 11.044999999999998], [76.92499999999998, 11.044999999999998], [76.92499999999998, 11.049999999999999], [76.91999999999999, 11.049999999999999], [76.91999999999999, 11.044999999999998]]]}}, {"type": "Feature", "properties": {"nearest_m": 537.2, "band": "400–800 m"}, "geometry": {"type": "Polygon", "coordinates": [[[76.925, 11.044999999999998], [76.92999999999999, 11.044999999999998], [76.92999999999999, 11.049999999999999], [76.925, 11.049999999999999], [76.925, 11.044999999999998]]]}}, {"type": "Feature", "properties": {"nearest_m": 422.7, "band": "400–800 m"}, "geometry": {"type": "Polygon", "coordinates": [[[76.94, 11.044999999999998], [76.945, 11.044999999999998], [76.945, 11.049999999999999], [76.94, 11.049999999999999], [76.94, 11.044999999999998]]]}}, {"type": "Feature", "properties": {"nearest_m": 61.6, "band": "0–400 m"}, "geometry": {"type": "Polygon", "coordinates": [[[76.945, 11.044999999999998], [76.94999999999999, 11.044999999999998], [76.94999999999999, 11.049999999999999], [76.945, 11.049999999999999], [76.945, 11.044999999999998]]]}}, {"type": "Feature", "properties": {"nearest_m": 287.9, "band": "0–400 m"}, "geometry": {"type": "Polygon", "coordinates": [[[76.94999999999999, 11.044999999999998], [76.95499999999998, 11.044999999999998], [76.95499999999998, 11.049999999999999], [76.94999999999999, 11.049999999999999], [76.94999999999999, 11.044999999999998]]]}}, {"type": "Feature", "properties": {"nearest_m": 579.3, "band": "400–800 m"}, "geometry": {"type": "Polygon", "coordinates": [[[76.955, 11.044999999999998], [76.96, 11.044999999999998], [76.96, 11.049999999999999], [76.955, 11.049999999999999], [76.955, 11.044999999999998]]]}}, {"type": "Feature", "properties": {"nearest_m": 644.1, "band": "400–800 m"}, "geometry": {"type": "Polygon", "coordinates": [[[76.96, 11.044999999999998], [76.96499999999999, 11.044999999999998], [76.96499999999999, 11.049999999999999], [76.96, 11.049999999999999], [76.96, 11.044999999999998]]]}}, {"type": "Feature", "properties": {"nearest_m": 435.5, "band": "400–800 m"}, "geometry": {"type": "Polygon", "coordinates": [[[76.96499999999999, 11.044999999999998], [76.96999999999998, 11.044999999999998], [76.96999999999998, 11.049999999999999], [76.96499999999999, 11.049999999999999], [76.96499999999999, 11.044999999999998]]]}}, {"type": "Feature", "properties": {"nearest_m": 71.2, "band": "0–400 m"}, "geometry": {"type": "Polygon", "coordinates": [[[76.97, 11.044999999999998], [76.975, 11.044999999999998], [76.975, 11.049999999999999], [76.97, 11.049999999999999], [76.97, 11.044999999999998]]]}}, {"type": "Feature", "properties": {"nearest_m": 605.1, "band": "400–800 m"}, "geometry": {"type": "Polygon", "coordinates": [[[76.975, 11.044999999999998], [76.97999999999999, 11.044999999999998], [76.97999999999999, 11.049999999999999], [76.975, 11.049999999999999], [76.975, 11.044999999999998]]]}}, {"type": "Feature", "properties": {"nearest_m": 313.8, "band": "0–400 m"}, "geometry": {"type": "Polygon", "coordinates": [[[76.97999999999999, 11.044999999999998], [76.98499999999999, 11.044999999999998], [76.98499999999999, 11.049999999999999], [76.97999999999999, 11.049999999999999], [76.97999999999999, 11.044999999999998]]]}}, {"type": "Feature", "properties": {"nearest_m": 339.9, "band": "0–400 m"}, "geometry": {"type": "Polygon", "coordinates": [[[76.985, 11.044999999999998], [76.99, 11.044999999999998], [76.99, 11.049999999999999], [76.985, 11.049999999999999], [76.985, 11.044999999999998]]]}}, {"type": "Feature", "properties": {"nearest_m": 61.8, "band": "0–400 m"}, "geometry": {"type": "Polygon", "coordinates": [[[76.99, 11.044999999999998], [76.99499999999999, 11.044999999999998], [76.99499999999999, 11.049999999999999], [76.99, 11.049999999999999], [76.99, 11.044999999999998]]]}}, {"type": "Feature", "properties": {"nearest_m": 201.3, "band": "0–400 m"}, "geometry": {"type": "Polygon", "coordinates": [[[76.99499999999999, 11.044999999999998], [76.99999999999999, 11.044999999999998], [76.99999999999999, 11.049999999999999], [76.99499999999999, 11.049999999999999], [76.99499999999999, 11.044999999999998]]]}}, {"type": "Feature", "properties": {"nearest_m": 171.5, "band": "0–400 m"}, "geometry": {"type": "Polygon", "coordinates": [[[77.0, 11.044999999999998], [77.005, 11.044999999999998], [77.005, 11.049999999999999], [77.0, 11.049999999999999], [77.0, 11.044999999999998]]]}}, {"type": "Feature", "properties": {"nearest_m": 475.7, "band": "400–800 m"}, "geometry": {"type": "Polygon", "coordinates": [[[77.005, 11.044999999999998], [77.00999999999999, 11.044999999999998], [77.00999999999999, 11.049999999999999], [77.005, 11.049999999999999], [77.005, 11.044999999999998]]]}}, {"type": "Feature", "properties": {"nearest_m": 163.9, "band": "0–400 m"}, "geometry": {"type": "Polygon", "coordinates": [[[77.00999999999999, 11.044999999999998], [77.01499999999999, 11.044999999999998], [77.01499999999999, 11.049999999999999], [77.00999999999999, 11.049999999999999], [77.00999999999999, 11.044999999999998]]]}}, {"type": "Feature", "properties": {"nearest_m": 190.9, "band": "0–400 m"}, "geometry": {"type": "Polygon", "coordinates": [[[77.015, 11.044999999999998], [77.02, 11.044999999999998], [77.02, 11.049999999999999], [77.015, 11.049999999999999], [77.015, 11.044999999999998]]]}}, {"type": "Feature", "properties": {"nearest_m": 226.5, "band": "0–400 m"}, "geometry": {"type": "Polygon", "coordinates": [[[77.02, 11.044999999999998], [77.02499999999999, 11.044999999999998], [77.02499999999999, 11.049999999999999], [77.02, 11.049999999999999], [77.02, 11.044999999999998]]]}}, {"type": "Feature", "properties": {"nearest_m": 223.9, "band": "0–400 m"}, "geometry": {"type": "Polygon", "coordinates": [[[77.02499999999999, 11.044999999999998], [77.02999999999999, 11.044999999999998], [77.02999999999999, 11.049999999999999], [77.02499999999999, 11.049999999999999], [77.02499999999999, 11.044999999999998]]]}}, {"type": "Feature", "properties": {"nearest_m": 295.5, "band": "0–400 m"}, "geometry": {"type": "Polygon", "coordinates": [[[77.03, 11.044999999999998], [77.035, 11.044999999999998], [77.035, 11.049999999999999], [77.03, 11.049999999999999], [77.03, 11.044999999999998]]]}}, {"type": "Feature", "properties": {"nearest_m": 115.2, "band": "0–400 m"}, "geometry": {"type": "Polygon", "coordinates": [[[77.035, 11.044999999999998], [77.03999999999999, 11.044999999999998], [77.03999999999999, 11.049999999999999], [77.035, 11.049999999999999], [77.035, 11.044999999999998]]]}}, {"type": "Feature", "properties": {"nearest_m": 96.6, "band": "0–400 m"}, "geometry": {"type": "Polygon", "coordinates": [[[77.03999999999999, 11.044999999999998], [77.04499999999999, 11.044999999999998], [77.04499999999999, 11.049999999999999], [77.03999999999999, 11.049999999999999], [77.03999999999999, 11.044999999999998]]]}}, {"type": "Feature", "properties": {"nearest_m": 393.9, "band": "0–400 m"}, "geometry": {"type": "Polygon", "coordinates": [[[77.04499999999999, 11.044999999999998], [77.04999999999998, 11.044999999999998], [77.04999999999998, 11.049999999999999], [77.04499999999999, 11.049999999999999], [77.04499999999999, 11.044999999999998]]]}}, {"type": "Feature", "properties": {"nearest_m": 181.4, "band": "0–400 m"}, "geometry": {"type": "Polygon", "coordinates": [[[77.05, 11.044999999999998], [77.05499999999999, 11.044999999999998], [77.05499999999999, 11.049999999999999], [77.05, 11.049999999999999], [77.05, 11.044999999999998]]]}}, {"type": "Feature", "properties": {"nearest_m": 386.1, "band": "0–400 m"}, "geometry": {"type": "Polygon", "coordinates": [[[77.05499999999999, 11.044999999999998], [77.05999999999999, 11.044999999999998], [77.05999999999999, 11.049999999999999], [77.05499999999999, 11.049999999999999], [77.05499999999999, 11.044999999999998]]]}}, {"type": "Feature", "properties": {"nearest_m": 470.4, "band": "400–800 m"}, "geometry": {"type": "Polygon", "coordinates": [[[76.85499999999999, 11.04], [76.85999999999999, 11.04], [76.85999999999999, 11.045], [76.85499999999999, 11.045], [76.85499999999999, 11.04]]]}}, {"type": "Feature", "properties": {"nearest_m": 147.6, "band": "0–400 m"}, "geometry": {"type": "Polygon", "coordinates": [[[76.86, 11.04], [76.865, 11.04], [76.865, 11.045], [76.86, 11.045], [76.86, 11.04]]]}}, {"type": "Feature", "properties": {"nearest_m": 30.0, "band": "0–400 m"}, "geometry": {"type": "Polygon", "coordinates": [[[76.865, 11.04], [76.86999999999999, 11.04], [76.86999999999999, 11.045], [76.865, 11.045], [76.865, 11.04]]]}}, {"type": "Feature", "properties": {"nearest_m": 208.0, "band": "0–400 m"}, "geometry": {"type": "Polygon", "coordinates": [[[76.86999999999999, 11.04], [76.87499999999999, 11.04], [76.87499999999999, 11.045], [76.86999999999999, 11.045], [76.86999999999999, 11.04]]]}}, {"type": "Feature", "properties": {"nearest_m": 249.6, "band": "0–400 m"}, "geometry": {"type": "Polygon", "coordinates": [[[76.875, 11.04], [76.88, 11.04], [76.88, 11.045], [76.875, 11.045], [76.875, 11.04]]]}}, {"type": "Feature", "properties": {"nearest_m": 388.8, "band": "0–400 m"}, "geometry": {"type": "Polygon", "coordinates": [[[76.88, 11.04], [76.88499999999999, 11.04], [76.88499999999999, 11.045], [76.88, 11.045], [76.88, 11.04]]]}}, {"type": "Feature", "properties": {"nearest_m": 167.4, "band": "0–400 m"}, "geometry": {"type": "Polygon", "coordinates": [[[76.88499999999999, 11.04], [76.88999999999999, 11.04], [76.88999999999999, 11.045], [76.88499999999999, 11.045], [76.88499999999999, 11.04]]]}}, {"type": "Feature", "properties": {"nearest_m": 45.8, "band": "0–400 m"}, "geometry": {"type": "Polygon", "coordinates": [[[76.88999999999999, 11.04], [76.89499999999998, 11.04], [76.89499999999998, 11.045], [76.88999999999999, 11.045], [76.88999999999999, 11.04]]]}}, {"type": "Feature", "properties": {"nearest_m": 420.3, "band": "400–800 m"}, "geometry": {"type": "Polygon", "coordinates": [[[76.895, 11.04], [76.89999999999999, 11.04], [76.89999999999999, 11.045], [76.895, 11.045], [76.895, 11.04]]]}}, {"type": "Feature", "properties": {"nearest_m": 599.2, "band": "400–800 m"}, "geometry": {"type": "Polygon", "coordinates": [[[76.91, 11.04], [76.91499999999999, 11.04], [76.91499999999999, 11.045], [76.91, 11.045], [76.91, 11.04]]]}}, {"type": "Feature", "properties": {"nearest_m": 691.0, "band": "400–800 m"}, "geometry": {"type": "Polygon", "coordinates": [[[76.91499999999999, 11.04], [76.91999999999999, 11.04], [76.91999999999999, 11.045], [76.91499999999999, 11.045], [76.91499999999999, 11.04]]]}}, {"type": "Feature", "properties": {"nearest_m": 188.6, "band": "0–400 m"}, "geometry": {"type": "Polygon", "coordinates": [[[76.91999999999999, 11.04], [76.92499999999998, 11.04], [76.92499999999998, 11.045], [76.91999999999999, 11.045], [76.91999999999999, 11.04]]]}}, {"type": "Feature", "properties": {"nearest_m": 338.8, "band": "0–400 m"}, "geometry": {"type": "Polygon", "coordinates": [[[76.925, 11.04], [76.92999999999999, 11.04], [76.92999999999999, 11.045], [76.925, 11.045], [76.925, 11.04]]]}}, {"type": "Feature", "properties": {"nearest_m": 371.7, "band": "0–400 m"}, "geometry": {"type": "Polygon", "coordinates": [[[76.92999999999999, 11.04], [76.93499999999999, 11.04], [76.93499999999999, 11.045], [76.92999999999999, 11.045], [76.92999999999999, 11.04]]]}}, {"type": "Feature", "properties": {"nearest_m": 556.0, "band": "400–800 m"}, "geometry": {"type": "Polygon", "coordinates": [[[76.93499999999999, 11.04], [76.93999999999998, 11.04], [76.93999999999998, 11.045], [76.93499999999999, 11.045], [76.93499999999999, 11.04]]]}}, {"type": "Feature", "properties": {"nearest_m": 566.6, "band": "400–800 m"}, "geometry": {"type": "Polygon", "coordinates": [[[76.94, 11.04], [76.945, 11.04], [76.945, 11.045], [76.94, 11.045], [76.94, 11.04]]]}}, {"type": "Feature", "properties": {"nearest_m": 20.5, "band": "0–400 m"}, "geometry": {"type": "Polygon", "coordinates": [[[76.945, 11.04], [76.94999999999999, 11.04], [76.94999999999999, 11.045], [76.945, 11.045], [76.945, 11.04]]]}}, {"type": "Feature", "properties": {"nearest_m": 470.2, "band": "400–800 m"}, "geometry": {"type": "Polygon", "coordinates": [[[76.94999999999999, 11.04], [76.95499999999998, 11.04], [76.95499999999998, 11.045], [76.94999999999999, 11.045], [76.94999999999999, 11.04]]]}}, {"type": "Feature", "properties": {"nearest_m": 796.4, "band": "400–800 m"}, "geometry": {"type": "Polygon", "coordinates": [[[76.955, 11.04], [76.96, 11.04], [76.96, 11.045], [76.955, 11.045], [76.955, 11.04]]]}}, {"type": "Feature", "properties": {"nearest_m": 252.0, "band": "0–400 m"}, "geometry": {"type": "Polygon", "coordinates": [[[76.96, 11.04], [76.96499999999999, 11.04], [76.96499999999999, 11.045], [76.96, 11.045], [76.96, 11.04]]]}}, {"type": "Feature", "properties": {"nearest_m": 299.5, "band": "0–400 m"}, "geometry": {"type": "Polygon", "coordinates": [[[76.96499999999999, 11.04], [76.96999999999998, 11.04], [76.96999999999998, 11.045], [76.96499999999999, 11.045], [76.96499999999999, 11.04]]]}}, {"type": "Feature", "properties": {"nearest_m": 601.6, "band": "400–800 m"}, "geometry": {"type": "Polygon", "coordinates": [[[76.97, 11.04], [76.975, 11.04], [76.975, 11.045], [76.97, 11.045], [76.97, 11.04]]]}}, {"type": "Feature", "properties": {"nearest_m": 446.7, "band": "400–800 m"}, "geometry": {"type": "Polygon", "coordinates": [[[76.975, 11.04], [76.97999999999999, 11.04], [76.97999999999999, 11.045], [76.975, 11.045], [76.975, 11.04]]]}}, {"type": "Feature", "properties": {"nearest_m": 140.3, "band": "0–400 m"}, "geometry": {"type": "Polygon", "coordinates": [[[76.97999999999999, 11.04], [76.98499999999999, 11.04], [76.98499999999999, 11.045], [76.97999999999999, 11.045], [76.97999999999999, 11.04]]]}}, {"type": "Feature", "properties": {"nearest_m": 273.7, "band": "0–400 m"}, "geometry": {"type": "Polygon", "coordinates": [[[76.985, 11.04], [76.99, 11.04], [76.99, 11.045], [76.985, 11.045], [76.985, 11.04]]]}}, {"type": "Feature", "properties": {"nearest_m": 559.1, "band": "400–800 m"}, "geometry": {"type": "Polygon", "coordinates": [[[76.99, 11.04], [76.99499999999999, 11.04], [76.99499999999999, 11.045], [76.99, 11.045], [76.99, 11.04]]]}}, {"type": "Feature", "properties": {"nearest_m": 92.0, "band": "0–400 m"}, "geometry": {"type": "Polygon", "coordinates": [[[76.99499999999999, 11.04], [76.99999999999999, 11.04], [76.99999999999999, 11.045], [76.99499999999999, 11.045], [76.99499999999999, 11.04]]]}}, {"type": "Feature", "properties": {"nearest_m": 417.7, "band": "400–800 m"}, "geometry": {"type": "Polygon", "coordinates": [[[77.0, 11.04], [77.005, 11.04], [77.005, 11.045], [77.0, 11.045], [77.0, 11.04]]]}}, {"type": "Feature", "properties": {"nearest_m": 196.3, "band": "0–400 m"}, "geometry": {"type": "Polygon", "coordinates": [[[77.005, 11.04], [77.00999999999999, 11.04], [77.00999999999999, 11.045], [77.005, 11.045], [77.005, 11.04]]]}}, {"type": "Feature", "properties": {"nearest_m": 699.1, "band": "400–800 m"}, "geometry": {"type": "Polygon", "coordinates": [[[77.00999999999999, 11.04], [77.01499999999999, 11.04], [77.01499999999999, 11.045], [77.00999999999999, 11.045], [77.00999999999999, 11.04]]]}}, {"type": "Feature", "properties": {"nearest_m": 616.4, "band": "400–800 m"}, "geometry": {"type": "Polygon", "coordinates": [[[77.015, 11.04], [77.02, 11.04], [77.02, 11.045], [77.015, 11.045], [77.015, 11.04]]]}}, {"type": "Feature", "properties": {"nearest_m": 124.3, "band": "0–400 m"}, "geometry": {"type": "Polygon", "coordinates": [[[77.02, 11.04], [77.02499999999999, 11.04], [77.02499999999999, 11.045], [77.02, 11.045], [77.02, 11.04]]]}}, {"type": "Feature", "properties": {"nearest_m": 302.8, "band": "0–400 m"}, "geometry": {"type": "Polygon", "coordinates": [[[77.02499999999999, 11.04], [77.02999999999999, 11.04], [77.02999999999999, 11.045], [77.02499999999999, 11.045], [77.02499999999999, 11.04]]]}}, {"type": "Feature", "properties": {"nearest_m": 352.3, "band": "0–400 m"}, "geometry": {"type": "Polygon", "coordinates": [[[77.03, 11.04], [77.035, 11.04], [77.035, 11.045], [77.03, 11.045], [77.03, 11.04]]]}}, {"type": "Feature", "properties": {"nearest_m": 76.9, "band": "0–400 m"}, "geometry": {"type": "Polygon", "coordinates": [[[77.035, 11.04], [77.03999999999999, 11.04], [77.03999999999999, 11.045], [77.035, 11.045], [77.035, 11.04]]]}}, {"type": "Feature", "properties": {"nearest_m": 207.2, "band": "0–400 m"}, "geometry": {"type": "Polygon", "coordinates": [[[77.03999999999999, 11.04], [77.04499999999999, 11.04], [77.04499999999999, 11.045], [77.03999999999999, 11.045], [77.03999999999999, 11.04]]]}}, {"type": "Feature", "properties": {"nearest_m": 279.1, "band": "0–400 m"}, "geometry": {"type": "Polygon", "coordinates": [[[77.04499999999999, 11.04], [77.04999999999998, 11.04], [77.04999999999998, 11.045], [77.04499999999999, 11.045], [77.04499999999999, 11.04]]]}}, {"type": "Feature", "properties": {"nearest_m": 513.3, "band": "400–800 m"}, "geometry": {"type": "Polygon", "coordinates": [[[77.05, 11.04], [77.05499999999999, 11.04], [77.05499999999999, 11.045], [77.05, 11.045], [77.05, 11.04]]]}}, {"type": "Feature", "properties": {"nearest_m": 616.1, "band": "400–800 m"}, "geometry": {"type": "Polygon", "coordinates": [[[77.05499999999999, 11.04], [77.05999999999999, 11.04], [77.05999999999999, 11.045], [77.05499999999999, 11.045], [77.05499999999999, 11.04]]]}}, {"type": "Feature", "properties": {"nearest_m": 450.0, "band": "400–800 m"}, "geometry": {"type": "Polygon", "coordinates": [[[77.07, 11.04], [77.07499999999999, 11.04], [77.07499999999999, 11.045], [77.07, 11.045], [77.07, 11.04]]]}}, {"type": "Feature", "properties": {"nearest_m": 387.2, "band": "0–400 m"}, "geometry": {"type": "Polygon", "coordinates": [[[77.07499999999999, 11.04], [77.07999999999998, 11.04], [77.07999999999998, 11.045], [77.07499999999999, 11.045], [77.07499999999999, 11.04]]]}}, {"type": "Feature", "properties": {"nearest_m": 683.2, "band": "400–800 m"}, "geometry": {"type": "Polygon", "coordinates": [[[76.86, 11.034999999999998], [76.865, 11.034999999999998], [76.865, 11.04], [76.86, 11.04], [76.86, 11.034999999999998]]]}}, {"type": "Feature", "properties": {"nearest_m": 575.1, "band": "400–800 m"}, "geometry": {"type": "Polygon", "coordinates": [[[76.865, 11.034999999999998], [76.86999999999999, 11.034999999999998], [76.86999999999999, 11.04], [76.865, 11.04], [76.865, 11.034999999999998]]]}}, {"type": "Feature", "properties": {"nearest_m": 387.7, "band": "0–400 m"}, "geometry": {"type": "Polygon", "coordinates": [[[76.86999999999999, 11.034999999999998], [76.87499999999999, 11.034999999999998], [76.87499999999999, 11.04], [76.86999999999999, 11.04], [76.86999999999999, 11.034999999999998]]]}}, {"type": "Feature", "properties": {"nearest_m": 62.0, "band": "0–400 m"}, "geometry": {"type": "Polygon", "coordinates": [[[76.875, 11.034999999999998], [76.88, 11.034999999999998], [76.88, 11.04], [76.875, 11.04], [76.875, 11.034999999999998]]]}}, {"type": "Feature", "properties": {"nearest_m": 382.9, "band": "0–400 m"}, "geometry": {"type": "Polygon", "coordinates": [[[76.88, 11.034999999999998], [76.88499999999999, 11.034999999999998], [76.88499999999999, 11.04], [76.88, 11.04], [76.88, 11.034999999999998]]]}}, {"type": "Feature", "properties": {"nearest_m": 533.6, "band": "400–800 m"}, "geometry": {"type": "Polygon", "coordinates": [[[76.88499999999999, 11.034999999999998], [76.88999999999999, 11.034999999999998], [76.88999999999999, 11.04], [76.88499999999999, 11.04], [76.88499999999999, 11.034999999999998]]]}}, {"type": "Feature", "properties": {"nearest_m": 598.1, "band": "400–800 m"}, "geometry": {"type": "Polygon", "coordinates": [[[76.88999999999999, 11.034999999999998], [76.89499999999998, 11.034999999999998], [76.89499999999998, 11.04], [76.88999999999999, 11.04], [76.88999999999999, 11.034999999999998]]]}}, {"type": "Feature", "properties": {"nearest_m": 711.4, "band": "400–800 m"}, "geometry": {"type": "Polygon", "coordinates": [[[76.90499999999999, 11.034999999999998], [76.90999999999998, 11.034999999999998], [76.90999999999998, 11.04], [76.90499999999999, 11.04], [76.90499999999999, 11.034999999999998]]]}}, {"type": "Feature", "properties": {"nearest_m": 165.9, "band": "0–400 m"}, "geometry": {"type": "Polygon", "coordinates": [[[76.91, 11.034999999999998], [76.91499999999999, 11.034999999999998], [76.91499999999999, 11.04], [76.91, 11.04], [76.91, 11.034999999999998]]]}}, {"type": "Feature", "properties": {"nearest_m": 382.1, "band": "0–400 m"}, "geometry": {"type": "Polygon", "coordinates": [[[76.91499999999999, 11.034999999999998], [76.91999999999999, 11.034999999999998], [76.91999999999999, 11.04], [76.91499999999999, 11.04], [76.91499999999999, 11.034999999999998]]]}}, {"type": "Feature", "properties": {"nearest_m": 82.1, "band": "0–400 m"}, "geometry": {"type": "Polygon", "coordinates": [[[76.91999999999999, 11.034999999999998], [76.92499999999998, 11.034999999999998], [76.92499999999998, 11.04], [76.91999999999999, 11.04], [76.91999999999999, 11.034999999999998]]]}}, {"type": "Feature", "properties": {"nearest_m": 78.2, "band": "0–400 m"}, "geometry": {"type": "Polygon", "coordinates": [[[76.925, 11.034999999999998], [76.92999999999999, 11.034999999999998], [76.92999999999999, 11.04], [76.925, 11.04], [76.925, 11.034999999999998]]]}}, {"type": "Feature", "properties": {"nearest_m": 234.7, "band": "0–400 m"}, "geometry": {"type": "Polygon", "coordinates": [[[76.92999999999999, 11.034999999999998], [76.93499999999999, 11.034999999999998], [76.93499999999999, 11.04], [76.92999999999999, 11.04], [76.92999999999999, 11.034999999999998]]]}}, {"type": "Feature", "properties": {"nearest_m": 475.5, "band": "400–800 m"}, "geometry": {"type": "Polygon", "coordinates": [[[76.93499999999999, 11.034999999999998], [76.93999999999998, 11.034999999999998], [76.93999999999998, 11.04], [76.93499999999999, 11.04], [76.93499999999999, 11.034999999999998]]]}}, {"type": "Feature", "properties": {"nearest_m": 353.6, "band": "0–400 m"}, "geometry": {"type": "Polygon", "coordinates": [[[76.94, 11.034999999999998], [76.945, 11.034999999999998], [76.945, 11.04], [76.94, 11.04], [76.94, 11.034999999999998]]]}}, {"type": "Feature", "properties": {"nearest_m": 397.1, "band": "0–400 m"}, "geometry": {"type": "Polygon", "coordinates": [[[76.945, 11.034999999999998], [76.94999999999999, 11.034999999999998], [76.94999999999999, 11.04], [76.945, 11.04], [76.945, 11.034999999999998]]]}}, {"type": "Feature", "properties": {"nearest_m": 410.2, "band": "400–800 m"}, "geometry": {"type": "Polygon", "coordinates": [[[76.94999999999999, 11.034999999999998], [76.95499999999998, 11.034999999999998], [76.95499999999998, 11.04], [76.94999999999999, 11.04], [76.94999999999999, 11.034999999999998]]]}}, {"type": "Feature", "properties": {"nearest_m": 755.3, "band": "400–800 m"}, "geometry": {"type": "Polygon", "coordinates": [[[76.955, 11.034999999999998], [76.96, 11.034999999999998], [76.96, 11.04], [76.955, 11.04], [76.955, 11.034999999999998]]]}}, {"type": "Feature", "properties": {"nearest_m": 575.9, "band": "400–800 m"}, "geometry": {"type": "Polygon", "coordinates": [[[76.96, 11.034999999999998], [76.96499999999999, 11.034999999999998], [76.96499999999999, 11.04], [76.96, 11.04], [76.96, 11.034999999999998]]]}}, {"type": "Feature", "properties": {"nearest_m": 598.3, "band": "400–800 m"}, "geometry": {"type": "Polygon", "coordinates": [[[76.96499999999999, 11.034999999999998], [76.96999999999998, 11.034999999999998], [76.96999999999998, 11.04], [76.96499999999999, 11.04], [76.96499999999999, 11.034999999999998]]]}}, {"type": "Feature", "properties": {"nearest_m": 700.5, "band": "400–800 m"}, "geometry": {"type": "Polygon", "coordinates": [[[76.97, 11.034999999999998], [76.975, 11.034999999999998], [76.975, 11.04], [76.97, 11.04], [76.97, 11.034999999999998]]]}}, {"type": "Feature", "properties": {"nearest_m": 277.2, "band": "0–400 m"}, "geometry": {"type": "Polygon", "coordinates": [[[76.975, 11.034999999999998], [76.97999999999999, 11.034999999999998], [76.97999999999999, 11.04], [76.975, 11.04], [76.975, 11.034999999999998]]]}}, {"type": "Feature", "properties": {"nearest_m": 316.4, "band": "0–400 m"}, "geometry": {"type": "Polygon", "coordinates": [[[76.97999999999999, 11.034999999999998], [76.98499999999999, 11.034999999999998], [76.98499999999999, 11.04], [76.97999999999999, 11.04], [76.97999999999999, 11.034999999999998]]]}}, {"type": "Feature", "properties": {"nearest_m": 641.5, "band": "400–800 m"}, "geometry": {"type": "Polygon", "coordinates": [[[76.985, 11.034999999999998], [76.99, 11.034999999999998], [76.99, 11.04], [76.985, 11.04], [76.985, 11.034999999999998]]]}}, {"type": "Feature", "properties": {"nearest_m": 578.3, "band": "400–800 m"}, "geometry": {"type": "Polygon", "coordinates": [[[76.99, 11.034999999999998], [76.99499999999999, 11.034999999999998], [76.99499999999999, 11.04], [76.99, 11.04], [76.99, 11.034999999999998]]]}}, {"type": "Feature", "properties": {"nearest_m": 189.2, "band": "0–400 m"}, "geometry": {"type": "Polygon", "coordinates": [[[76.99499999999999, 11.034999999999998], [76.99999999999999, 11.034999999999998], [76.99999999999999, 11.04], [76.99499999999999, 11.04], [76.99499999999999, 11.034999999999998]]]}}, {"type": "Feature", "properties": {"nearest_m": 578.0, "band": "400–800 m"}, "geometry": {"type": "Polygon", "coordinates": [[[77.0, 11.034999999999998], [77.005, 11.034999999999998], [77.005, 11.04], [77.0, 11.04], [77.0, 11.034999999999998]]]}}, {"type": "Feature", "properties": {"nearest_m": 443.9, "band": "400–800 m"}, "geometry": {"type": "Polygon", "coordinates": [[[77.005, 11.034999999999998], [77.00999999999999, 11.034999999999998], [77.00999999999999, 11.04], [77.005, 11.04], [77.005, 11.034999999999998]]]}}, {"type": "Feature", "properties": {"nearest_m": 308.4, "band": "0–400 m"}, "geometry": {"type": "Polygon", "coordinates": [[[77.00999999999999, 11.034999999999998], [77.01499999999999, 11.034999999999998], [77.01499999999999, 11.04], [77.00999999999999, 11.04], [77.00999999999999, 11.034999999999998]]]}}, {"type": "Feature", "properties": {"nearest_m": 288.1, "band": "0–400 m"}, "geometry": {"type": "Polygon", "coordinates": [[[77.015, 11.034999999999998], [77.02, 11.034999999999998], [77.02, 11.04], [77.015, 11.04], [77.015, 11.034999999999998]]]}}, {"type": "Feature", "properties": {"nearest_m": 400.8, "band": "400–800 m"}, "geometry": {"type": "Polygon", "coordinates": [[[77.02, 11.034999999999998], [77.02499999999999, 11.034999999999998], [77.02499999999999, 11.04], [77.02, 11.04], [77.02, 11.034999999999998]]]}}, {"type": "Feature", "properties": {"nearest_m": 557.0, "band": "400–800 m"}, "geometry": {"type": "Polygon", "coordinates": [[[77.02499999999999, 11.034999999999998], [77.02999999999999, 11.034999999999998], [77.02999999999999, 11.04], [77.02499999999999, 11.04], [77.02499999999999, 11.034999999999998]]]}}, {"type": "Feature", "properties": {"nearest_m": 82.6, "band": "0–400 m"}, "geometry": {"type": "Polygon", "coordinates": [[[77.03, 11.034999999999998], [77.035, 11.034999999999998], [77.035, 11.04], [77.03, 11.04], [77.03, 11.034999999999998]]]}}, {"type": "Feature", "properties": {"nearest_m": 320.3, "band": "0–400 m"}, "geometry": {"type": "Polygon", "coordinates": [[[77.035, 11.034999999999998], [77.03999999999999, 11.034999999999998], [77.03999999999999, 11.04], [77.035, 11.04], [77.035, 11.034999999999998]]]}}, {"type": "Feature", "properties": {"nearest_m": 373.4, "band": "0–400 m"}, "geometry": {"type": "Polygon", "coordinates": [[[77.03999999999999, 11.034999999999998], [77.04499999999999, 11.034999999999998], [77.04499999999999, 11.04], [77.03999999999999, 11.04], [77.03999999999999, 11.034999999999998]]]}}, {"type": "Feature", "properties": {"nearest_m": 621.2, "band": "400–800 m"}, "geometry": {"type": "Polygon", "coordinates": [[[77.04499999999999, 11.034999999999998], [77.04999999999998, 11.034999999999998], [77.04999999999998, 11.04], [77.04499999999999, 11.04], [77.04499999999999, 11.034999999999998]]]}}, {"type": "Feature", "properties": {"nearest_m": 401.9, "band": "400–800 m"}, "geometry": {"type": "Polygon", "coordinates": [[[77.07, 11.034999999999998], [77.07499999999999, 11.034999999999998], [77.07499999999999, 11.04], [77.07, 11.04], [77.07, 11.034999999999998]]]}}, {"type": "Feature", "properties": {"nearest_m": 330.2, "band": "0–400 m"}, "geometry": {"type": "Polygon", "coordinates": [[[77.07499999999999, 11.034999999999998], [77.07999999999998, 11.034999999999998], [77.07999999999998, 11.04], [77.07499999999999, 11.04], [77.07499999999999, 11.034999999999998]]]}}, {"type": "Feature", "properties": {"nearest_m": 490.8, "band": "400–800 m"}, "geometry": {"type": "Polygon", "coordinates": [[[76.86999999999999, 11.03], [76.87499999999999, 11.03], [76.87499999999999, 11.035], [76.86999999999999, 11.035], [76.86999999999999, 11.03]]]}}, {"type": "Feature", "properties": {"nearest_m": 245.0, "band": "0–400 m"}, "geometry": {"type": "Polygon", "coordinates": [[[76.875, 11.03], [76.88, 11.03], [76.88, 11.035], [76.875, 11.035], [76.875, 11.03]]]}}, {"type": "Feature", "properties": {"nearest_m": 690.1, "band": "400–800 m"}, "geometry": {"type": "Polygon", "coordinates": [[[76.88, 11.03], [76.88499999999999, 11.03], [76.88499999999999, 11.035], [76.88, 11.035], [76.88, 11.03]]]}}, {"type": "Feature", "properties": {"nearest_m": 686.6, "band": "400–800 m"}, "geometry": {"type": "Polygon", "coordinates": [[[76.88999999999999, 11.03], [76.89499999999998, 11.03], [76.89499999999998, 11.035], [76.88999999999999, 11.035], [76.88999999999999, 11.03]]]}}, {"type": "Feature", "properties": {"nearest_m": 423.1, "band": "400–800 m"}, "geometry": {"type": "Polygon", "coordinates": [[[76.895, 11.03], [76.89999999999999, 11.03], [76.89999999999999, 11.035], [76.895, 11.035], [76.895, 11.03]]]}}, {"type": "Feature", "properties": {"nearest_m": 374.5, "band": "0–400 m"}, "geometry": {"type": "Polygon", "coordinates": [[[76.89999999999999, 11.03], [76.90499999999999, 11.03], [76.90499999999999, 11.035], [76.89999999999999, 11.035], [76.89999999999999, 11.03]]]}}, {"type": "Feature", "properties": {"nearest_m": 537.4, "band": "400–800 m"}, "geometry": {"type": "Polygon", "coordinates": [[[76.90499999999999, 11.03], [76.90999999999998, 11.03], [76.90999999999998, 11.035], [76.90499999999999, 11.035], [76.90499999999999, 11.03]]]}}, {"type": "Feature", "properties": {"nearest_m": 561.9, "band": "400–800 m"}, "geometry": {"type": "Polygon", "coordinates": [[[76.91, 11.03], [76.91499999999999, 11.03], [76.91499999999999, 11.035], [76.91, 11.035], [76.91, 11.03]]]}}, {"type": "Feature", "properties": {"nearest_m": 658.9, "band": "400–800 m"}, "geometry": {"type": "Polygon", "coordinates": [[[76.91499999999999, 11.03], [76.91999999999999, 11.03], [76.91999999999999, 11.035], [76.91499999999999, 11.035], [76.91499999999999, 11.03]]]}}, {"type": "Feature", "properties": {"nearest_m": 526.7, "band": "400–800 m"}, "geometry": {"type": "Polygon", "coordinates": [[[76.91999999999999, 11.03], [76.92499999999998, 11.03], [76.92499999999998, 11.035], [76.91999999999999, 11.035], [76.91999999999999, 11.03]]]}}, {"type": "Feature", "properties": {"nearest_m": 241.4, "band": "0–400 m"}, "geometry": {"type": "Polygon", "coordinates": [[[76.925, 11.03], [76.92999999999999, 11.03], [76.92999999999999, 11.035], [76.925, 11.035], [76.925, 11.03]]]}}, {"type": "Feature", "properties": {"nearest_m": 267.4, "band": "0–400 m"}, "geometry": {"type": "Polygon", "coordinates": [[[76.92999999999999, 11.03], [76.93499999999999, 11.03], [76.93499999999999, 11.035], [76.92999999999999, 11.035], [76.92999999999999, 11.03]]]}}, {"type": "Feature", "properties": {"nearest_m": 256.7, "band": "0–400 m"}, "geometry": {"type": "Polygon", "coordinates": [[[76.93499999999999, 11.03], [76.93999999999998, 11.03], [76.93999999999998, 11.035], [76.93499999999999, 11.035], [76.93499999999999, 11.03]]]}}, {"type": "Feature", "properties": {"nearest_m": 259.9, "band": "0–400 m"}, "geometry": {"type": "Polygon", "coordinates": [[[76.94, 11.03], [76.945, 11.03], [76.945, 11.035], [76.94, 11.035], [76.94, 11.03]]]}}, {"type": "Feature", "properties": {"nearest_m": 295.9, "band": "0–400 m"}, "geometry": {"type": "Polygon", "coordinates": [[[76.945, 11.03], [76.94999999999999, 11.03], [76.94999999999999, 11.035], [76.945, 11.035], [76.945, 11.03]]]}}, {"type": "Feature", "properties": {"nearest_m": 166.4, "band": "0–400 m"}, "geometry": {"type": "Polygon", "coordinates": [[[76.94999999999999, 11.03], [76.95499999999998, 11.03], [76.95499999999998, 11.035], [76.94999999999999, 11.035], [76.94999999999999, 11.03]]]}}, {"type": "Feature", "properties": {"nearest_m": 647.8, "band": "400–800 m"}, "geometry": {"type": "Polygon", "coordinates": [[[76.955, 11.03], [76.96, 11.03], [76.96, 11.035], [76.955, 11.035], [76.955, 11.03]]]}}, {"type": "Feature", "properties": {"nearest_m": 598.9, "band": "400–800 m"}, "geometry": {"type": "Polygon", "coordinates": [[[76.96, 11.03], [76.96499999999999, 11.03], [76.96499999999999, 11.035], [76.96, 11.035], [76.96, 11.03]]]}}, {"type": "Feature", "properties": {"nearest_m": 438.3, "band": "400–800 m"}, "geometry": {"type": "Polygon", "coordinates": [[[76.96499999999999, 11.03], [76.96999999999998, 11.03], [76.96999999999998, 11.035], [76.96499999999999, 11.035], [76.96499999999999, 11.03]]]}}, {"type": "Feature", "properties": {"nearest_m": 397.5, "band": "0–400 m"}, "geometry": {"type": "Polygon", "coordinates": [[[76.97, 11.03], [76.975, 11.03], [76.975, 11.035], [76.97, 11.035], [76.97, 11.03]]]}}, {"type": "Feature", "properties": {"nearest_m": 155.9, "band": "0–400 m"}, "geometry": {"type": "Polygon", "coordinates": [[[76.975, 11.03], [76.97999999999999, 11.03], [76.97999999999999, 11.035], [76.975, 11.035], [76.975, 11.03]]]}}, {"type": "Feature", "properties": {"nearest_m": 497.0, "band": "400–800 m"}, "geometry": {"type": "Polygon", "coordinates": [[[76.97999999999999, 11.03], [76.98499999999999, 11.03], [76.98499999999999, 11.035], [76.97999999999999, 11.035], [76.97999999999999, 11.03]]]}}, {"type": "Feature", "properties": {"nearest_m": 589.5, "band": "400–800 m"}, "geometry": {"type": "Polygon", "coordinates": [[[76.99, 11.03], [76.99499999999999, 11.03], [76.99499999999999, 11.035], [76.99, 11.035], [76.99, 11.03]]]}}, {"type": "Feature", "properties": {"nearest_m": 434.5, "band": "400–800 m"}, "geometry": {"type": "Polygon", "coordinates": [[[76.99499999999999, 11.03], [76.99999999999999, 11.03], [76.99999999999999, 11.035], [76.99499999999999, 11.035], [76.99499999999999, 11.03]]]}}, {"type": "Feature", "properties": {"nearest_m": 649.7, "band": "400–800 m"}, "geometry": {"type": "Polygon", "coordinates": [[[77.0, 11.03], [77.005, 11.03], [77.005, 11.035], [77.0, 11.035], [77.0, 11.03]]]}}, {"type": "Feature", "properties": {"nearest_m": 245.7, "band": "0–400 m"}, "geometry": {"type": "Polygon", "coordinates": [[[77.005, 11.03], [77.00999999999999, 11.03], [77.00999999999999, 11.035], [77.005, 11.035], [77.005, 11.03]]]}}, {"type": "Feature", "properties": {"nearest_m": 509.2, "band": "400–800 m"}, "geometry": {"type": "Polygon", "coordinates": [[[77.00999999999999, 11.03], [77.01499999999999, 11.03], [77.01499999999999, 11.035], [77.00999999999999, 11.035], [77.00999999999999, 11.03]]]}}, {"type": "Feature", "properties": {"nearest_m": 245.9, "band": "0–400 m"}, "geometry": {"type": "Polygon", "coordinates": [[[77.015, 11.03], [77.02, 11.03], [77.02, 11.035], [77.015, 11.035], [77.015, 11.03]]]}}, {"type": "Feature", "properties": {"nearest_m": 345.6, "band": "0–400 m"}, "geometry": {"type": "Polygon", "coordinates": [[[77.02, 11.03], [77.02499999999999, 11.03], [77.02499999999999, 11.035], [77.02, 11.035], [77.02, 11.03]]]}}, {"type": "Feature", "properties": {"nearest_m": 349.5, "band": "0–400 m"}, "geometry": {"type": "Polygon", "coordinates": [[[77.02499999999999, 11.03], [77.02999999999999, 11.03], [77.02999999999999, 11.035], [77.02499999999999, 11.035], [77.02499999999999, 11.03]]]}}, {"type": "Feature", "properties": {"nearest_m": 162.6, "band": "0–400 m"}, "geometry": {"type": "Polygon", "coordinates": [[[77.03, 11.03], [77.035, 11.03], [77.035, 11.035], [77.03, 11.035], [77.03, 11.03]]]}}, {"type": "Feature", "properties": {"nearest_m": 102.4, "band": "0–400 m"}, "geometry": {"type": "Polygon", "coordinates": [[[77.035, 11.03], [77.03999999999999, 11.03], [77.03999999999999, 11.035], [77.035, 11.035], [77.035, 11.03]]]}}, {"type": "Feature", "properties": {"nearest_m": 192.2, "band": "0–400 m"}, "geometry": {"type": "Polygon", "coordinates": [[[77.03999999999999, 11.03], [77.04499999999999, 11.03], [77.04499999999999, 11.035], [77.03999999999999, 11.035], [77.03999999999999, 11.03]]]}}, {"type": "Feature", "properties": {"nearest_m": 532.4, "band": "400–800 m"}, "geometry": {"type": "Polygon", "coordinates": [[[77.04499999999999, 11.03], [77.04999999999998, 11.03], [77.04999999999998, 11.035], [77.04499999999999, 11.035], [77.04499999999999, 11.03]]]}}, {"type": "Feature", "properties": {"nearest_m": 776.2, "band": "400–800 m"}, "geometry": {"type": "Polygon", "coordinates": [[[76.85499999999999, 11.024999999999999], [76.85999999999999, 11.024999999999999], [76.85999999999999, 11.03], [76.85499999999999, 11.03], [76.85499999999999, 11.024999999999999]]]}}, {"type": "Feature", "properties": {"nearest_m": 784.1, "band": "400–800 m"}, "geometry": {"type": "Polygon", "coordinates": [[[76.875, 11.024999999999999], [76.88, 11.024999999999999], [76.88, 11.03], [76.875, 11.03], [76.875, 11.024999999999999]]]}}, {"type": "Feature", "properties": {"nearest_m": 505.2, "band": "400–800 m"}, "geometry": {"type": "Polygon", "coordinates": [[[76.88999999999999, 11.024999999999999], [76.89499999999998, 11.024999999999999], [76.89499999999998, 11.03], [76.88999999999999, 11.03], [76.88999999999999, 11.024999999999999]]]}}, {"type": "Feature", "properties": {"nearest_m": 133.7, "band": "0–400 m"}, "geometry": {"type": "Polygon", "coordinates": [[[76.895, 11.024999999999999], [76.89999999999999, 11.024999999999999], [76.89999999999999, 11.03], [76.895, 11.03], [76.895, 11.024999999999999]]]}}, {"type": "Feature", "properties": {"nearest_m": 196.8, "band": "0–400 m"}, "geometry": {"type": "Polygon", "coordinates": [[[76.89999999999999, 11.024999999999999], [76.90499999999999, 11.024999999999999], [76.90499999999999, 11.03], [76.89999999999999, 11.03], [76.89999999999999, 11.024999999999999]]]}}, {"type": "Feature", "properties": {"nearest_m": 176.6, "band": "0–400 m"}, "geometry": {"type": "Polygon", "coordinates": [[[76.90499999999999, 11.024999999999999], [76.90999999999998, 11.024999999999999], [76.90999999999998, 11.03], [76.90499999999999, 11.03], [76.90499999999999, 11.024999999999999]]]}}, {"type": "Feature", "properties": {"nearest_m": 327.1, "band": "0–400 m"}, "geometry": {"type": "Polygon", "coordinates": [[[76.91, 11.024999999999999], [76.91499999999999, 11.024999999999999], [76.91499999999999, 11.03], [76.91, 11.03], [76.91, 11.024999999999999]]]}}, {"type": "Feature", "properties": {"nearest_m": 634.6, "band": "400–800 m"}, "geometry": {"type": "Polygon", "coordinates": [[[76.91499999999999, 11.024999999999999], [76.91999999999999, 11.024999999999999], [76.91999999999999, 11.03], [76.91499999999999, 11.03], [76.91499999999999, 11.024999999999999]]]}}, {"type": "Feature", "properties": {"nearest_m": 515.4, "band": "400–800 m"}, "geometry": {"type": "Polygon", "coordinates": [[[76.925, 11.024999999999999], [76.92999999999999, 11.024999999999999], [76.92999999999999, 11.03], [76.925, 11.03], [76.925, 11.024999999999999]]]}}, {"type": "Feature", "properties": {"nearest_m": 175.2, "band": "0–400 m"}, "geometry": {"type": "Polygon", "coordinates": [[[76.92999999999999, 11.024999999999999], [76.93499999999999, 11.024999999999999], [76.93499999999999, 11.03], [76.92999999999999, 11.03], [76.92999999999999, 11.024999999999999]]]}}, {"type": "Feature", "properties": {"nearest_m": 180.4, "band": "0–400 m"}, "geometry": {"type": "Polygon", "coordinates": [[[76.93499999999999, 11.024999999999999], [76.93999999999998, 11.024999999999999], [76.93999999999998, 11.03], [76.93499999999999, 11.03], [76.93499999999999, 11.024999999999999]]]}}, {"type": "Feature", "properties": {"nearest_m": 54.3, "band": "0–400 m"}, "geometry": {"type": "Polygon", "coordinates": [[[76.94, 11.024999999999999], [76.945, 11.024999999999999], [76.945, 11.03], [76.94, 11.03], [76.94, 11.024999999999999]]]}}, {"type": "Feature", "properties": {"nearest_m": 81.0, "band": "0–400 m"}, "geometry": {"type": "Polygon", "coordinates": [[[76.945, 11.024999999999999], [76.94999999999999, 11.024999999999999], [76.94999999999999, 11.03], [76.945, 11.03], [76.945, 11.024999999999999]]]}}, {"type": "Feature", "properties": {"nearest_m": 132.8, "band": "0–400 m"}, "geometry": {"type": "Polygon", "coordinates": [[[76.94999999999999, 11.024999999999999], [76.95499999999998, 11.024999999999999], [76.95499999999998, 11.03], [76.94999999999999, 11.03], [76.94999999999999, 11.024999999999999]]]}}, {"type": "Feature", "properties": {"nearest_m": 319.2, "band": "0–400 m"}, "geometry": {"type": "Polygon", "coordinates": [[[76.955, 11.024999999999999], [76.96, 11.024999999999999], [76.96, 11.03], [76.955, 11.03], [76.955, 11.024999999999999]]]}}, {"type": "Feature", "properties": {"nearest_m": 446.6, "band": "400–800 m"}, "geometry": {"type": "Polygon", "coordinates": [[[76.96, 11.024999999999999], [76.96499999999999, 11.024999999999999], [76.96499999999999, 11.03], [76.96, 11.03], [76.96, 11.024999999999999]]]}}, {"type": "Feature", "properties": {"nearest_m": 181.3, "band": "0–400 m"}, "geometry": {"type": "Polygon", "coordinates": [[[76.96499999999999, 11.024999999999999], [76.96999999999998, 11.024999999999999], [76.96999999999998, 11.03], [76.96499999999999, 11.03], [76.96499999999999, 11.024999999999999]]]}}, {"type": "Feature", "properties": {"nearest_m": 227.7, "band": "0–400 m"}, "geometry": {"type": "Polygon", "coordinates": [[[76.97, 11.024999999999999], [76.975, 11.024999999999999], [76.975, 11.03], [76.97, 11.03], [76.97, 11.024999999999999]]]}}, {"type": "Feature", "properties": {"nearest_m": 342.0, "band": "0–400 m"}, "geometry": {"type": "Polygon", "coordinates": [[[76.975, 11.024999999999999], [76.97999999999999, 11.024999999999999], [76.97999999999999, 11.03], [76.975, 11.03], [76.975, 11.024999999999999]]]}}, {"type": "Feature", "properties": {"nearest_m": 539.3, "band": "400–800 m"}, "geometry": {"type": "Polygon", "coordinates": [[[76.97999999999999, 11.024999999999999], [76.98499999999999, 11.024999999999999], [76.98499999999999, 11.03], [76.97999999999999, 11.03], [76.97999999999999, 11.024999999999999]]]}}, {"type": "Feature", "properties": {"nearest_m": 546.7, "band": "400–800 m"}, "geometry": {"type": "Polygon", "coordinates": [[[76.985, 11.024999999999999], [76.99, 11.024999999999999], [76.99, 11.03], [76.985, 11.03], [76.985, 11.024999999999999]]]}}, {"type": "Feature", "properties": {"nearest_m": 136.8, "band": "0–400 m"}, "geometry": {"type": "Polygon", "coordinates": [[[76.99, 11.024999999999999], [76.99499999999999, 11.024999999999999], [76.99499999999999, 11.03], [76.99, 11.03], [76.99, 11.024999999999999]]]}}, {"type": "Feature", "properties": {"nearest_m": 136.6, "band": "0–400 m"}, "geometry": {"type": "Polygon", "coordinates": [[[76.99499999999999, 11.024999999999999], [76.99999999999999, 11.024999999999999], [76.99999999999999, 11.03], [76.99499999999999, 11.03], [76.99499999999999, 11.024999999999999]]]}}, {"type": "Feature", "properties": {"nearest_m": 303.3, "band": "0–400 m"}, "geometry": {"type": "Polygon", "coordinates": [[[77.0, 11.024999999999999], [77.005, 11.024999999999999], [77.005, 11.03], [77.0, 11.03], [77.0, 11.024999999999999]]]}}, {"type": "Feature", "properties": {"nearest_m": 65.0, "band": "0–400 m"}, "geometry": {"type": "Polygon", "coordinates": [[[77.005, 11.024999999999999], [77.00999999999999, 11.024999999999999], [77.00999999999999, 11.03], [77.005, 11.03], [77.005, 11.024999999999999]]]}}, {"type": "Feature", "properties": {"nearest_m": 348.9, "band": "0–400 m"}, "geometry": {"type": "Polygon", "coordinates": [[[77.00999999999999, 11.024999999999999], [77.01499999999999, 11.024999999999999], [77.01499999999999, 11.03], [77.00999999999999, 11.03], [77.00999999999999, 11.024999999999999]]]}}, {"type": "Feature", "properties": {"nearest_m": 144.6, "band": "0–400 m"}, "geometry": {"type": "Polygon", "coordinates": [[[77.015, 11.024999999999999], [77.02, 11.024999999999999], [77.02, 11.03], [77.015, 11.03], [77.015, 11.024999999999999]]]}}, {"type": "Feature", "properties": {"nearest_m": 210.0, "band": "0–400 m"}, "geometry": {"type": "Polygon", "coordinates": [[[77.02, 11.024999999999999], [77.02499999999999, 11.024999999999999], [77.02499999999999, 11.03], [77.02, 11.03], [77.02, 11.024999999999999]]]}}, {"type": "Feature", "properties": {"nearest_m": 99.3, "band": "0–400 m"}, "geometry": {"type": "Polygon", "coordinates": [[[77.02499999999999, 11.024999999999999], [77.02999999999999, 11.024999999999999], [77.02999999999999, 11.03], [77.02499999999999, 11.03], [77.02499999999999, 11.024999999999999]]]}}, {"type": "Feature", "properties": {"nearest_m": 339.7, "band": "0–400 m"}, "geometry": {"type": "Polygon", "coordinates": [[[77.03, 11.024999999999999], [77.035, 11.024999999999999], [77.035, 11.03], [77.03, 11.03], [77.03, 11.024999999999999]]]}}, {"type": "Feature", "properties": {"nearest_m": 409.6, "band": "400–800 m"}, "geometry": {"type": "Polygon", "coordinates": [[[77.035, 11.024999999999999], [77.03999999999999, 11.024999999999999], [77.03999999999999, 11.03], [77.035, 11.03], [77.035, 11.024999999999999]]]}}, {"type": "Feature", "properties": {"nearest_m": 546.4, "band": "400–800 m"}, "geometry": {"type": "Polygon", "coordinates": [[[77.03999999999999, 11.024999999999999], [77.04499999999999, 11.024999999999999], [77.04499999999999, 11.03], [77.03999999999999, 11.03], [77.03999999999999, 11.024999999999999]]]}}, {"type": "Feature", "properties": {"nearest_m": 712.5, "band": "400–800 m"}, "geometry": {"type": "Polygon", "coordinates": [[[77.05499999999999, 11.024999999999999], [77.05999999999999, 11.024999999999999], [77.05999999999999, 11.03], [77.05499999999999, 11.03], [77.05499999999999, 11.024999999999999]]]}}, {"type": "Feature", "properties": {"nearest_m": 682.3, "band": "400–800 m"}, "geometry": {"type": "Polygon", "coordinates": [[[77.05999999999999, 11.024999999999999], [77.06499999999998, 11.024999999999999], [77.06499999999998, 11.03], [77.05999999999999, 11.03], [77.05999999999999, 11.024999999999999]]]}}, {"type": "Feature", "properties": {"nearest_m": 682.8, "band": "400–800 m"}, "geometry": {"type": "Polygon", "coordinates": [[[76.85, 11.02], [76.85499999999999, 11.02], [76.85499999999999, 11.025], [76.85, 11.025], [76.85, 11.02]]]}}, {"type": "Feature", "properties": {"nearest_m": 236.2, "band": "0–400 m"}, "geometry": {"type": "Polygon", "coordinates": [[[76.85499999999999, 11.02], [76.85999999999999, 11.02], [76.85999999999999, 11.025], [76.85499999999999, 11.025], [76.85499999999999, 11.02]]]}}, {"type": "Feature", "properties": {"nearest_m": 492.3, "band": "400–800 m"}, "geometry": {"type": "Polygon", "coordinates": [[[76.86, 11.02], [76.865, 11.02], [76.865, 11.025], [76.86, 11.025], [76.86, 11.02]]]}}, {"type": "Feature", "properties": {"nearest_m": 580.6, "band": "400–800 m"}, "geometry": {"type": "Polygon", "coordinates": [[[76.88999999999999, 11.02], [76.89499999999998, 11.02], [76.89499999999998, 11.025], [76.88999999999999, 11.025], [76.88999999999999, 11.02]]]}}, {"type": "Feature", "properties": {"nearest_m": 287.4, "band": "0–400 m"}, "geometry": {"type": "Polygon", "coordinates": [[[76.895, 11.02], [76.89999999999999, 11.02], [76.89999999999999, 11.025], [76.895, 11.025], [76.895, 11.02]]]}}, {"type": "Feature", "properties": {"nearest_m": 272.1, "band": "0–400 m"}, "geometry": {"type": "Polygon", "coordinates": [[[76.89999999999999, 11.02], [76.90499999999999, 11.02], [76.90499999999999, 11.025], [76.89999999999999, 11.025], [76.89999999999999, 11.02]]]}}, {"type": "Feature", "properties": {"nearest_m": 253.7, "band": "0–400 m"}, "geometry": {"type": "Polygon", "coordinates": [[[76.90499999999999, 11.02], [76.90999999999998, 11.02], [76.90999999999998, 11.025], [76.90499999999999, 11.025], [76.90499999999999, 11.02]]]}}, {"type": "Feature", "properties": {"nearest_m": 99.4, "band": "0–400 m"}, "geometry": {"type": "Polygon", "coordinates": [[[76.91, 11.02], [76.91499999999999, 11.02], [76.91499999999999, 11.025], [76.91, 11.025], [76.91, 11.02]]]}}, {"type": "Feature", "properties": {"nearest_m": 114.9, "band": "0–400 m"}, "geometry": {"type": "Polygon", "coordinates": [[[76.91499999999999, 11.02], [76.91999999999999, 11.02], [76.91999999999999, 11.025], [76.91499999999999, 11.025], [76.91499999999999, 11.02]]]}}, {"type": "Feature", "properties": {"nearest_m": 526.8, "band": "400–800 m"}, "geometry": {"type": "Polygon", "coordinates": [[[76.91999999999999, 11.02], [76.92499999999998, 11.02], [76.92499999999998, 11.025], [76.91999999999999, 11.025], [76.91999999999999, 11.02]]]}}, {"type": "Feature", "properties": {"nearest_m": 560.4, "band": "400–800 m"}, "geometry": {"type": "Polygon", "coordinates": [[[76.925, 11.02], [76.92999999999999, 11.02], [76.92999999999999, 11.025], [76.925, 11.025], [76.925, 11.02]]]}}, {"type": "Feature", "properties": {"nearest_m": 385.5, "band": "0–400 m"}, "geometry": {"type": "Polygon", "coordinates": [[[76.92999999999999, 11.02], [76.93499999999999, 11.02], [76.93499999999999, 11.025], [76.92999999999999, 11.025], [76.92999999999999, 11.02]]]}}, {"type": "Feature", "properties": {"nearest_m": 109.9, "band": "0–400 m"}, "geometry": {"type": "Polygon", "coordinates": [[[76.93499999999999, 11.02], [76.93999999999998, 11.02], [76.93999999999998, 11.025], [76.93499999999999, 11.025], [76.93499999999999, 11.02]]]}}, {"type": "Feature", "properties": {"nearest_m": 100.4, "band": "0–400 m"}, "geometry": {"type": "Polygon", "coordinates": [[[76.94, 11.02], [76.945, 11.02], [76.945, 11.025], [76.94, 11.025], [76.94, 11.02]]]}}, {"type": "Feature", "properties": {"nearest_m": 135.9, "band": "0–400 m"}, "geometry": {"type": "Polygon", "coordinates": [[[76.945, 11.02], [76.94999999999999, 11.02], [76.94999999999999, 11.025], [76.945, 11.025], [76.945, 11.02]]]}}, {"type": "Feature", "properties": {"nearest_m": 109.0, "band": "0–400 m"}, "geometry": {"type": "Polygon", "coordinates": [[[76.94999999999999, 11.02], [76.95499999999998, 11.02], [76.95499999999998, 11.025], [76.94999999999999, 11.025], [76.94999999999999, 11.02]]]}}, {"type": "Feature", "properties": {"nearest_m": 115.9, "band": "0–400 m"}, "geometry": {"type": "Polygon", "coordinates": [[[76.955, 11.02], [76.96, 11.02], [76.96, 11.025], [76.955, 11.025], [76.955, 11.02]]]}}, {"type": "Feature", "properties": {"nearest_m": 255.9, "band": "0–400 m"}, "geometry": {"type": "Polygon", "coordinates": [[[76.96, 11.02], [76.96499999999999, 11.02], [76.96499999999999, 11.025], [76.96, 11.025], [76.96, 11.02]]]}}, {"type": "Feature", "properties": {"nearest_m": 26.7, "band": "0–400 m"}, "geometry": {"type": "Polygon", "coordinates": [[[76.96499999999999, 11.02], [76.96999999999998, 11.02], [76.96999999999998, 11.025], [76.96499999999999, 11.025], [76.96499999999999, 11.02]]]}}, {"type": "Feature", "properties": {"nearest_m": 119.7, "band": "0–400 m"}, "geometry": {"type": "Polygon", "coordinates": [[[76.97, 11.02], [76.975, 11.02], [76.975, 11.025], [76.97, 11.025], [76.97, 11.02]]]}}, {"type": "Feature", "properties": {"nearest_m": 61.2, "band": "0–400 m"}, "geometry": {"type": "Polygon", "coordinates": [[[76.975, 11.02], [76.97999999999999, 11.02], [76.97999999999999, 11.025], [76.975, 11.025], [76.975, 11.02]]]}}, {"type": "Feature", "properties": {"nearest_m": 254.3, "band": "0–400 m"}, "geometry": {"type": "Polygon", "coordinates": [[[76.97999999999999, 11.02], [76.98499999999999, 11.02], [76.98499999999999, 11.025], [76.97999999999999, 11.025], [76.97999999999999, 11.02]]]}}, {"type": "Feature", "properties": {"nearest_m": 52.3, "band": "0–400 m"}, "geometry": {"type": "Polygon", "coordinates": [[[76.985, 11.02], [76.99, 11.02], [76.99, 11.025], [76.985, 11.025], [76.985, 11.02]]]}}, {"type": "Feature", "properties": {"nearest_m": 329.5, "band": "0–400 m"}, "geometry": {"type": "Polygon", "coordinates": [[[76.99, 11.02], [76.99499999999999, 11.02], [76.99499999999999, 11.025], [76.99, 11.025], [76.99, 11.02]]]}}, {"type": "Feature", "properties": {"nearest_m": 432.7, "band": "400–800 m"}, "geometry": {"type": "Polygon", "coordinates": [[[76.99499999999999, 11.02], [76.99999999999999, 11.02], [76.99999999999999, 11.025], [76.99499999999999, 11.025], [76.99499999999999, 11.02]]]}}, {"type": "Feature", "properties": {"nearest_m": 65.1, "band": "0–400 m"}, "geometry": {"type": "Polygon", "coordinates": [[[77.0, 11.02], [77.005, 11.02], [77.005, 11.025], [77.0, 11.025], [77.0, 11.02]]]}}, {"type": "Feature", "properties": {"nearest_m": 328.2, "band": "0–400 m"}, "geometry": {"type": "Polygon", "coordinates": [[[77.005, 11.02], [77.00999999999999, 11.02], [77.00999999999999, 11.025], [77.005, 11.025], [77.005, 11.02]]]}}, {"type": "Feature", "properties": {"nearest_m": 408.4, "band": "400–800 m"}, "geometry": {"type": "Polygon", "coordinates": [[[77.00999999999999, 11.02], [77.01499999999999, 11.02], [77.01499999999999, 11.025], [77.00999999999999, 11.025], [77.00999999999999, 11.02]]]}}, {"type": "Feature", "properties": {"nearest_m": 185.4, "band": "0–400 m"}, "geometry": {"type": "Polygon", "coordinates": [[[77.015, 11.02], [77.02, 11.02], [77.02, 11.025], [77.015, 11.025], [77.015, 11.02]]]}}, {"type": "Feature", "properties": {"nearest_m": 193.7, "band": "0–400 m"}, "geometry": {"type": "Polygon", "coordinates": [[[77.02, 11.02], [77.02499999999999, 11.02], [77.02499999999999, 11.025], [77.02, 11.025], [77.02, 11.02]]]}}, {"type": "Feature", "properties": {"nearest_m": 379.4, "band": "0–400 m"}, "geometry": {"type": "Polygon", "coordinates": [[[77.02499999999999, 11.02], [77.02999999999999, 11.02], [77.02999999999999, 11.025], [77.02499999999999, 11.025], [77.02499999999999, 11.02]]]}}, {"type": "Feature", "properties": {"nearest_m": 622.4, "band": "400–800 m"}, "geometry": {"type": "Polygon", "coordinates": [[[77.03, 11.02], [77.035, 11.02], [77.035, 11.025], [77.03, 11.025], [77.03, 11.02]]]}}, {"type": "Feature", "properties": {"nearest_m": 322.8, "band": "0–400 m"}, "geometry": {"type": "Polygon", "coordinates": [[[77.05499999999999, 11.02], [77.05999999999999, 11.02], [77.05999999999999, 11.025], [77.05499999999999, 11.025], [77.05499999999999, 11.02]]]}}, {"type": "Feature", "properties": {"nearest_m": 249.3, "band": "0–400 m"}, "geometry": {"type": "Polygon", "coordinates": [[[77.05999999999999, 11.02], [77.06499999999998, 11.02], [77.06499999999998, 11.025], [77.05999999999999, 11.025], [77.05999999999999, 11.02]]]}}, {"type": "Feature", "properties": {"nearest_m": 785.5, "band": "400–800 m"}, "geometry": {"type": "Polygon", "coordinates": [[[77.065, 11.02], [77.07, 11.02], [77.07, 11.025], [77.065, 11.025], [77.065, 11.02]]]}}, {"type": "Feature", "properties": {"nearest_m": 509.0, "band": "400–800 m"}, "geometry": {"type": "Polygon", "coordinates": [[[77.07, 11.02], [77.07499999999999, 11.02], [77.07499999999999, 11.025], [77.07, 11.025], [77.07, 11.02]]]}}, {"type": "Feature", "properties": {"nearest_m": 453.5, "band": "400–800 m"}, "geometry": {"type": "Polygon", "coordinates": [[[77.07499999999999, 11.02], [77.07999999999998, 11.02], [77.07999999999998, 11.025], [77.07499999999999, 11.025], [77.07499999999999, 11.02]]]}}, {"type": "Feature", "properties": {"nearest_m": 734.2, "band": "400–800 m"}, "geometry": {"type": "Polygon", "coordinates": [[[76.85, 11.014999999999999], [76.85499999999999, 11.014999999999999], [76.85499999999999, 11.02], [76.85, 11.02], [76.85, 11.014999999999999]]]}}, {"type": "Feature", "properties": {"nearest_m": 358.7, "band": "0–400 m"}, "geometry": {"type": "Polygon", "coordinates": [[[76.85499999999999, 11.014999999999999], [76.85999999999999, 11.014999999999999], [76.85999999999999, 11.02], [76.85499999999999, 11.02], [76.85499999999999, 11.014999999999999]]]}}, {"type": "Feature", "properties": {"nearest_m": 561.5, "band": "400–800 m"}, "geometry": {"type": "Polygon", "coordinates": [[[76.86, 11.014999999999999], [76.865, 11.014999999999999], [76.865, 11.02], [76.86, 11.02], [76.86, 11.014999999999999]]]}}, {"type": "Feature", "properties": {"nearest_m": 762.1, "band": "400–800 m"}, "geometry": {"type": "Polygon", "coordinates": [[[76.865, 11.014999999999999], [76.86999999999999, 11.014999999999999], [76.86999999999999, 11.02], [76.865, 11.02], [76.865, 11.014999999999999]]]}}, {"type": "Feature", "properties": {"nearest_m": 761.6, "band": "400–800 m"}, "geometry": {"type": "Polygon", "coordinates": [[[76.86999999999999, 11.014999999999999], [76.87499999999999, 11.014999999999999], [76.87499999999999, 11.02], [76.86999999999999, 11.02], [76.86999999999999, 11.014999999999999]]]}}, {"type": "Feature", "properties": {"nearest_m": 571.3, "band": "400–800 m"}, "geometry": {"type": "Polygon", "coordinates": [[[76.88999999999999, 11.014999999999999], [76.89499999999998, 11.014999999999999], [76.89499999999998, 11.02], [76.88999999999999, 11.02], [76.88999999999999, 11.014999999999999]]]}}, {"type": "Feature", "properties": {"nearest_m": 127.6, "band": "0–400 m"}, "geometry": {"type": "Polygon", "coordinates": [[[76.895, 11.014999999999999], [76.89999999999999, 11.014999999999999], [76.89999999999999, 11.02], [76.895, 11.02], [76.895, 11.014999999999999]]]}}, {"type": "Feature", "properties": {"nearest_m": 403.9, "band": "400–800 m"}, "geometry": {"type": "Polygon", "coordinates": [[[76.89999999999999, 11.014999999999999], [76.90499999999999, 11.014999999999999], [76.90499999999999, 11.02], [76.89999999999999, 11.02], [76.89999999999999, 11.014999999999999]]]}}, {"type": "Feature", "properties": {"nearest_m": 489.0, "band": "400–800 m"}, "geometry": {"type": "Polygon", "coordinates": [[[76.90499999999999, 11.014999999999999], [76.90999999999998, 11.014999999999999], [76.90999999999998, 11.02], [76.90499999999999, 11.02], [76.90499999999999, 11.014999999999999]]]}}, {"type": "Feature", "properties": {"nearest_m": 569.2, "band": "400–800 m"}, "geometry": {"type": "Polygon", "coordinates": [[[76.91, 11.014999999999999], [76.91499999999999, 11.014999999999999], [76.91499999999999, 11.02], [76.91, 11.02], [76.91, 11.014999999999999]]]}}, {"type": "Feature", "properties": {"nearest_m": 452.4, "band": "400–800 m"}, "geometry": {"type": "Polygon", "coordinates": [[[76.91499999999999, 11.014999999999999], [76.91999999999999, 11.014999999999999], [76.91999999999999, 11.02], [76.91499999999999, 11.02], [76.91499999999999, 11.014999999999999]]]}}, {"type": "Feature", "properties": {"nearest_m": 189.9, "band": "0–400 m"}, "geometry": {"type": "Polygon", "coordinates": [[[76.91999999999999, 11.014999999999999], [76.92499999999998, 11.014999999999999], [76.92499999999998, 11.02], [76.91999999999999, 11.02], [76.91999999999999, 11.014999999999999]]]}}, {"type": "Feature", "properties": {"nearest_m": 308.6, "band": "0–400 m"}, "geometry": {"type": "Polygon", "coordinates": [[[76.925, 11.014999999999999], [76.92999999999999, 11.014999999999999], [76.92999999999999, 11.02], [76.925, 11.02], [76.925, 11.014999999999999]]]}}, {"type": "Feature", "properties": {"nearest_m": 244.1, "band": "0–400 m"}, "geometry": {"type": "Polygon", "coordinates": [[[76.92999999999999, 11.014999999999999], [76.93499999999999, 11.014999999999999], [76.93499999999999, 11.02], [76.92999999999999, 11.02], [76.92999999999999, 11.014999999999999]]]}}, {"type": "Feature", "properties": {"nearest_m": 91.3, "band": "0–400 m"}, "geometry": {"type": "Polygon", "coordinates": [[[76.93499999999999, 11.014999999999999], [76.93999999999998, 11.014999999999999], [76.93999999999998, 11.02], [76.93499999999999, 11.02], [76.93499999999999, 11.014999999999999]]]}}, {"type": "Feature", "properties": {"nearest_m": 61.8, "band": "0–400 m"}, "geometry": {"type": "Polygon", "coordinates": [[[76.94, 11.014999999999999], [76.945, 11.014999999999999], [76.945, 11.02], [76.94, 11.02], [76.94, 11.014999999999999]]]}}, {"type": "Feature", "properties": {"nearest_m": 127.3, "band": "0–400 m"}, "geometry": {"type": "Polygon", "coordinates": [[[76.945, 11.014999999999999], [76.94999999999999, 11.014999999999999], [76.94999999999999, 11.02], [76.945, 11.02], [76.945, 11.014999999999999]]]}}, {"type": "Feature", "properties": {"nearest_m": 113.3, "band": "0–400 m"}, "geometry": {"type": "Polygon", "coordinates": [[[76.94999999999999, 11.014999999999999], [76.95499999999998, 11.014999999999999], [76.95499999999998, 11.02], [76.94999999999999, 11.02], [76.94999999999999, 11.014999999999999]]]}}, {"type": "Feature", "properties": {"nearest_m": 247.8, "band": "0–400 m"}, "geometry": {"type": "Polygon", "coordinates": [[[76.955, 11.014999999999999], [76.96, 11.014999999999999], [76.96, 11.02], [76.955, 11.02], [76.955, 11.014999999999999]]]}}, {"type": "Feature", "properties": {"nearest_m": 81.8, "band": "0–400 m"}, "geometry": {"type": "Polygon", "coordinates": [[[76.96, 11.014999999999999], [76.96499999999999, 11.014999999999999], [76.96499999999999, 11.02], [76.96, 11.02], [76.96, 11.014999999999999]]]}}, {"type": "Feature", "properties": {"nearest_m": 223.9, "band": "0–400 m"}, "geometry": {"type": "Polygon", "coordinates": [[[76.96499999999999, 11.014999999999999], [76.96999999999998, 11.014999999999999], [76.96999999999998, 11.02], [76.96499999999999, 11.02], [76.96499999999999, 11.014999999999999]]]}}, {"type": "Feature", "properties": {"nearest_m": 250.4, "band": "0–400 m"}, "geometry": {"type": "Polygon", "coordinates": [[[76.97, 11.014999999999999], [76.975, 11.014999999999999], [76.975, 11.02], [76.97, 11.02], [76.97, 11.014999999999999]]]}}, {"type": "Feature", "properties": {"nearest_m": 65.4, "band": "0–400 m"}, "geometry": {"type": "Polygon", "coordinates": [[[76.975, 11.014999999999999], [76.97999999999999, 11.014999999999999], [76.97999999999999, 11.02], [76.975, 11.02], [76.975, 11.014999999999999]]]}}, {"type": "Feature", "properties": {"nearest_m": 181.8, "band": "0–400 m"}, "geometry": {"type": "Polygon", "coordinates": [[[76.97999999999999, 11.014999999999999], [76.98499999999999, 11.014999999999999], [76.98499999999999, 11.02], [76.97999999999999, 11.02], [76.97999999999999, 11.014999999999999]]]}}, {"type": "Feature", "properties": {"nearest_m": 240.2, "band": "0–400 m"}, "geometry": {"type": "Polygon", "coordinates": [[[76.985, 11.014999999999999], [76.99, 11.014999999999999], [76.99, 11.02], [76.985, 11.02], [76.985, 11.014999999999999]]]}}, {"type": "Feature", "properties": {"nearest_m": 336.3, "band": "0–400 m"}, "geometry": {"type": "Polygon", "coordinates": [[[76.99, 11.014999999999999], [76.99499999999999, 11.014999999999999], [76.99499999999999, 11.02], [76.99, 11.02], [76.99, 11.014999999999999]]]}}, {"type": "Feature", "properties": {"nearest_m": 171.2, "band": "0–400 m"}, "geometry": {"type": "Polygon", "coordinates": [[[76.99499999999999, 11.014999999999999], [76.99999999999999, 11.014999999999999], [76.99999999999999, 11.02], [76.99499999999999, 11.02], [76.99499999999999, 11.014999999999999]]]}}, {"type": "Feature", "properties": {"nearest_m": 263.1, "band": "0–400 m"}, "geometry": {"type": "Polygon", "coordinates": [[[77.0, 11.014999999999999], [77.005, 11.014999999999999], [77.005, 11.02], [77.0, 11.02], [77.0, 11.014999999999999]]]}}, {"type": "Feature", "properties": {"nearest_m": 126.5, "band": "0–400 m"}, "geometry": {"type": "Polygon", "coordinates": [[[77.005, 11.014999999999999], [77.00999999999999, 11.014999999999999], [77.00999999999999, 11.02], [77.005, 11.02], [77.005, 11.014999999999999]]]}}, {"type": "Feature", "properties": {"nearest_m": 39.3, "band": "0–400 m"}, "geometry": {"type": "Polygon", "coordinates": [[[77.00999999999999, 11.014999999999999], [77.01499999999999, 11.014999999999999], [77.01499999999999, 11.02], [77.00999999999999, 11.02], [77.00999999999999, 11.014999999999999]]]}}, {"type": "Feature", "properties": {"nearest_m": 296.4, "band": "0–400 m"}, "geometry": {"type": "Polygon", "coordinates": [[[77.015, 11.014999999999999], [77.02, 11.014999999999999], [77.02, 11.02], [77.015, 11.02], [77.015, 11.014999999999999]]]}}, {"type": "Feature", "properties": {"nearest_m": 132.5, "band": "0–400 m"}, "geometry": {"type": "Polygon", "coordinates": [[[77.02, 11.014999999999999], [77.02499999999999, 11.014999999999999], [77.02499999999999, 11.02], [77.02, 11.02], [77.02, 11.014999999999999]]]}}, {"type": "Feature", "properties": {"nearest_m": 126.8, "band": "0–400 m"}, "geometry": {"type": "Polygon", "coordinates": [[[77.02499999999999, 11.014999999999999], [77.02999999999999, 11.014999999999999], [77.02999999999999, 11.02], [77.02499999999999, 11.02], [77.02499999999999, 11.014999999999999]]]}}, {"type": "Feature", "properties": {"nearest_m": 664.0, "band": "400–800 m"}, "geometry": {"type": "Polygon", "coordinates": [[[77.03, 11.014999999999999], [77.035, 11.014999999999999], [77.035, 11.02], [77.03, 11.02], [77.03, 11.014999999999999]]]}}, {"type": "Feature", "properties": {"nearest_m": 566.1, "band": "400–800 m"}, "geometry": {"type": "Polygon", "coordinates": [[[77.05499999999999, 11.014999999999999], [77.05999999999999, 11.014999999999999], [77.05999999999999, 11.02], [77.05499999999999, 11.02], [77.05499999999999, 11.014999999999999]]]}}, {"type": "Feature", "properties": {"nearest_m": 527.6, "band": "400–800 m"}, "geometry": {"type": "Polygon", "coordinates": [[[77.05999999999999, 11.014999999999999], [77.06499999999998, 11.014999999999999], [77.06499999999998, 11.02], [77.05999999999999, 11.02], [77.05999999999999, 11.014999999999999]]]}}, {"type": "Feature", "properties": {"nearest_m": 360.8, "band": "0–400 m"}, "geometry": {"type": "Polygon", "coordinates": [[[77.07, 11.014999999999999], [77.07499999999999, 11.014999999999999], [77.07499999999999, 11.02], [77.07, 11.02], [77.07, 11.014999999999999]]]}}, {"type": "Feature", "properties": {"nearest_m": 276.9, "band": "0–400 m"}, "geometry": {"type": "Polygon", "coordinates": [[[77.07499999999999, 11.014999999999999], [77.07999999999998, 11.014999999999999], [77.07999999999998, 11.02], [77.07499999999999, 11.02], [77.07499999999999, 11.014999999999999]]]}}, {"type": "Feature", "properties": {"nearest_m": 699.8, "band": "400–800 m"}, "geometry": {"type": "Polygon", "coordinates": [[[77.08, 11.014999999999999], [77.085, 11.014999999999999], [77.085, 11.02], [77.08, 11.02], [77.08, 11.014999999999999]]]}}, {"type": "Feature", "properties": {"nearest_m": 793.2, "band": "400–800 m"}, "geometry": {"type": "Polygon", "coordinates": [[[77.085, 11.014999999999999], [77.08999999999999, 11.014999999999999], [77.08999999999999, 11.02], [77.085, 11.02], [77.085, 11.014999999999999]]]}}, {"type": "Feature", "properties": {"nearest_m": 688.2, "band": "400–800 m"}, "geometry": {"type": "Polygon", "coordinates": [[[76.86, 11.01], [76.865, 11.01], [76.865, 11.015], [76.86, 11.015], [76.86, 11.01]]]}}, {"type": "Feature", "properties": {"nearest_m": 314.5, "band": "0–400 m"}, "geometry": {"type": "Polygon", "coordinates": [[[76.865, 11.01], [76.86999999999999, 11.01], [76.86999999999999, 11.015], [76.865, 11.015], [76.865, 11.01]]]}}, {"type": "Feature", "properties": {"nearest_m": 313.3, "band": "0–400 m"}, "geometry": {"type": "Polygon", "coordinates": [[[76.86999999999999, 11.01], [76.87499999999999, 11.01], [76.87499999999999, 11.015], [76.86999999999999, 11.015], [76.86999999999999, 11.01]]]}}, {"type": "Feature", "properties": {"nearest_m": 683.9, "band": "400–800 m"}, "geometry": {"type": "Polygon", "coordinates": [[[76.895, 11.01], [76.89999999999999, 11.01], [76.89999999999999, 11.015], [76.895, 11.015], [76.895, 11.01]]]}}, {"type": "Feature", "properties": {"nearest_m": 459.1, "band": "400–800 m"}, "geometry": {"type": "Polygon", "coordinates": [[[76.91999999999999, 11.01], [76.92499999999998, 11.01], [76.92499999999998, 11.015], [76.91999999999999, 11.015], [76.91999999999999, 11.01]]]}}, {"type": "Feature", "properties": {"nearest_m": 518.0, "band": "400–800 m"}, "geometry": {"type": "Polygon", "coordinates": [[[76.925, 11.01], [76.92999999999999, 11.01], [76.92999999999999, 11.015], [76.925, 11.015], [76.925, 11.01]]]}}, {"type": "Feature", "properties": {"nearest_m": 224.0, "band": "0–400 m"}, "geometry": {"type": "Polygon", "coordinates": [[[76.92999999999999, 11.01], [76.93499999999999, 11.01], [76.93499999999999, 11.015], [76.92999999999999, 11.015], [76.92999999999999, 11.01]]]}}, {"type": "Feature", "properties": {"nearest_m": 241.9, "band": "0–400 m"}, "geometry": {"type": "Polygon", "coordinates": [[[76.93499999999999, 11.01], [76.93999999999998, 11.01], [76.93999999999998, 11.015], [76.93499999999999, 11.015], [76.93499999999999, 11.01]]]}}, {"type": "Feature", "properties": {"nearest_m": 78.3, "band": "0–400 m"}, "geometry": {"type": "Polygon", "coordinates": [[[76.94, 11.01], [76.945, 11.01], [76.945, 11.015], [76.94, 11.015], [76.94, 11.01]]]}}, {"type": "Feature", "properties": {"nearest_m": 101.5, "band": "0–400 m"}, "geometry": {"type": "Polygon", "coordinates": [[[76.945, 11.01], [76.94999999999999, 11.01], [76.94999999999999, 11.015], [76.945, 11.015], [76.945, 11.01]]]}}, {"type": "Feature", "properties": {"nearest_m": 186.9, "band": "0–400 m"}, "geometry": {"type": "Polygon", "coordinates": [[[76.94999999999999, 11.01], [76.95499999999998, 11.01], [76.95499999999998, 11.015], [76.94999999999999, 11.015], [76.94999999999999, 11.01]]]}}, {"type": "Feature", "properties": {"nearest_m": 66.6, "band": "0–400 m"}, "geometry": {"type": "Polygon", "coordinates": [[[76.955, 11.01], [76.96, 11.01], [76.96, 11.015], [76.955, 11.015], [76.955, 11.01]]]}}, {"type": "Feature", "properties": {"nearest_m": 66.5, "band": "0–400 m"}, "geometry": {"type": "Polygon", "coordinates": [[[76.96, 11.01], [76.96499999999999, 11.01], [76.96499999999999, 11.015], [76.96, 11.015], [76.96, 11.01]]]}}, {"type": "Feature", "properties": {"nearest_m": 161.6, "band": "0–400 m"}, "geometry": {"type": "Polygon", "coordinates": [[[76.96499999999999, 11.01], [76.96999999999998, 11.01], [76.96999999999998, 11.015], [76.96499999999999, 11.015], [76.96499999999999, 11.01]]]}}, {"type": "Feature", "properties": {"nearest_m": 444.9, "band": "400–800 m"}, "geometry": {"type": "Polygon", "coordinates": [[[76.97, 11.01], [76.975, 11.01], [76.975, 11.015], [76.97, 11.015], [76.97, 11.01]]]}}, {"type": "Feature", "properties": {"nearest_m": 309.6, "band": "0–400 m"}, "geometry": {"type": "Polygon", "coordinates": [[[76.975, 11.01], [76.97999999999999, 11.01], [76.97999999999999, 11.015], [76.975, 11.015], [76.975, 11.01]]]}}, {"type": "Feature", "properties": {"nearest_m": 162.2, "band": "0–400 m"}, "geometry": {"type": "Polygon", "coordinates": [[[76.97999999999999, 11.01], [76.98499999999999, 11.01], [76.98499999999999, 11.015], [76.97999999999999, 11.015], [76.97999999999999, 11.01]]]}}, {"type": "Feature", "properties": {"nearest_m": 137.8, "band": "0–400 m"}, "geometry": {"type": "Polygon", "coordinates": [[[76.985, 11.01], [76.99, 11.01], [76.99, 11.015], [76.985, 11.015], [76.985, 11.01]]]}}, {"type": "Feature", "properties": {"nearest_m": 60.3, "band": "0–400 m"}, "geometry": {"type": "Polygon", "coordinates": [[[76.99, 11.01], [76.99499999999999, 11.01], [76.99499999999999, 11.015], [76.99, 11.015], [76.99, 11.01]]]}}, {"type": "Feature", "properties": {"nearest_m": 203.8, "band": "0–400 m"}, "geometry": {"type": "Polygon", "coordinates": [[[76.99499999999999, 11.01], [76.99999999999999, 11.01], [76.99999999999999, 11.015], [76.99499999999999, 11.015], [76.99499999999999, 11.01]]]}}, {"type": "Feature", "properties": {"nearest_m": 291.1, "band": "0–400 m"}, "geometry": {"type": "Polygon", "coordinates": [[[77.0, 11.01], [77.005, 11.01], [77.005, 11.015], [77.0, 11.015], [77.0, 11.01]]]}}, {"type": "Feature", "properties": {"nearest_m": 195.8, "band": "0–400 m"}, "geometry": {"type": "Polygon", "coordinates": [[[77.005, 11.01], [77.00999999999999, 11.01], [77.00999999999999, 11.015], [77.005, 11.015], [77.005, 11.01]]]}}, {"type": "Feature", "properties": {"nearest_m": 294.1, "band": "0–400 m"}, "geometry": {"type": "Polygon", "coordinates": [[[77.00999999999999, 11.01], [77.01499999999999, 11.01], [77.01499999999999, 11.015], [77.00999999999999, 11.015], [77.00999999999999, 11.01]]]}}, {"type": "Feature", "properties": {"nearest_m": 208.4, "band": "0–400 m"}, "geometry": {"type": "Polygon", "coordinates": [[[77.015, 11.01], [77.02, 11.01], [77.02, 11.015], [77.015, 11.015], [77.015, 11.01]]]}}, {"type": "Feature", "properties": {"nearest_m": 127.4, "band": "0–400 m"}, "geometry": {"type": "Polygon", "coordinates": [[[77.02, 11.01], [77.02499999999999, 11.01], [77.02499999999999, 11.015], [77.02, 11.015], [77.02, 11.01]]]}}, {"type": "Feature", "properties": {"nearest_m": 249.1, "band": "0–400 m"}, "geometry": {"type": "Polygon", "coordinates": [[[77.02499999999999, 11.01], [77.02999999999999, 11.01], [77.02999999999999, 11.015], [77.02499999999999, 11.015], [77.02499999999999, 11.01]]]}}, {"type": "Feature", "properties": {"nearest_m": 794.5, "band": "400–800 m"}, "geometry": {"type": "Polygon", "coordinates": [[[77.03, 11.01], [77.035, 11.01], [77.035, 11.015], [77.03, 11.015], [77.03, 11.01]]]}}, {"type": "Feature", "properties": {"nearest_m": 551.0, "band": "400–800 m"}, "geometry": {"type": "Polygon", "coordinates": [[[77.03999999999999, 11.01], [77.04499999999999, 11.01], [77.04499999999999, 11.015], [77.03999999999999, 11.015], [77.03999999999999, 11.01]]]}}, {"type": "Feature", "properties": {"nearest_m": 670.6, "band": "400–800 m"}, "geometry": {"type": "Polygon", "coordinates": [[[77.04499999999999, 11.01], [77.04999999999998, 11.01], [77.04999999999998, 11.015], [77.04499999999999, 11.015], [77.04499999999999, 11.01]]]}}, {"type": "Feature", "properties": {"nearest_m": 577.1, "band": "400–800 m"}, "geometry": {"type": "Polygon", "coordinates": [[[77.065, 11.01], [77.07, 11.01], [77.07, 11.015], [77.065, 11.015], [77.065, 11.01]]]}}, {"type": "Feature", "properties": {"nearest_m": 600.0, "band": "400–800 m"}, "geometry": {"type": "Polygon", "coordinates": [[[77.07, 11.01], [77.07499999999999, 11.01], [77.07499999999999, 11.015], [77.07, 11.015], [77.07, 11.01]]]}}, {"type": "Feature", "properties": {"nearest_m": 408.9, "band": "400–800 m"}, "geometry": {"type": "Polygon", "coordinates": [[[77.07499999999999, 11.01], [77.07999999999998, 11.01], [77.07999999999998, 11.015], [77.07499999999999, 11.015], [77.07499999999999, 11.01]]]}}, {"type": "Feature", "properties": {"nearest_m": 193.7, "band": "0–400 m"}, "geometry": {"type": "Polygon", "coordinates": [[[77.08, 11.01], [77.085, 11.01], [77.085, 11.015], [77.08, 11.015], [77.08, 11.01]]]}}, {"type": "Feature", "properties": {"nearest_m": 420.7, "band": "400–800 m"}, "geometry": {"type": "Polygon", "coordinates": [[[77.085, 11.01], [77.08999999999999, 11.01], [77.08999999999999, 11.015], [77.085, 11.015], [77.085, 11.01]]]}}, {"type": "Feature", "properties": {"nearest_m": 324.5, "band": "0–400 m"}, "geometry": {"type": "Polygon", "coordinates": [[[76.86, 11.004999999999999], [76.865, 11.004999999999999], [76.865, 11.01], [76.86, 11.01], [76.86, 11.004999999999999]]]}}, {"type": "Feature", "properties": {"nearest_m": 232.2, "band": "0–400 m"}, "geometry": {"type": "Polygon", "coordinates": [[[76.865, 11.004999999999999], [76.86999999999999, 11.004999999999999], [76.86999999999999, 11.01], [76.865, 11.01], [76.865, 11.004999999999999]]]}}, {"type": "Feature", "properties": {"nearest_m": 485.6, "band": "400–800 m"}, "geometry": {"type": "Polygon", "coordinates": [[[76.86999999999999, 11.004999999999999], [76.87499999999999, 11.004999999999999], [76.87499999999999, 11.01], [76.86999999999999, 11.01], [76.86999999999999, 11.004999999999999]]]}}, {"type": "Feature", "properties": {"nearest_m": 621.0, "band": "400–800 m"}, "geometry": {"type": "Polygon", "coordinates": [[[76.925, 11.004999999999999], [76.92999999999999, 11.004999999999999], [76.92999999999999, 11.01], [76.925, 11.01], [76.925, 11.004999999999999]]]}}, {"type": "Feature", "properties": {"nearest_m": 218.2, "band": "0–400 m"}, "geometry": {"type": "Polygon", "coordinates": [[[76.92999999999999, 11.004999999999999], [76.93499999999999, 11.004999999999999], [76.93499999999999, 11.01], [76.92999999999999, 11.01], [76.92999999999999, 11.004999999999999]]]}}, {"type": "Feature", "properties": {"nearest_m": 145.6, "band": "0–400 m"}, "geometry": {"type": "Polygon", "coordinates": [[[76.93499999999999, 11.004999999999999], [76.93999999999998, 11.004999999999999], [76.93999999999998, 11.01], [76.93499999999999, 11.01], [76.93499999999999, 11.004999999999999]]]}}, {"type": "Feature", "properties": {"nearest_m": 182.9, "band": "0–400 m"}, "geometry": {"type": "Polygon", "coordinates": [[[76.94, 11.004999999999999], [76.945, 11.004999999999999], [76.945, 11.01], [76.94, 11.01], [76.94, 11.004999999999999]]]}}, {"type": "Feature", "properties": {"nearest_m": 152.7, "band": "0–400 m"}, "geometry": {"type": "Polygon", "coordinates": [[[76.945, 11.004999999999999], [76.94999999999999, 11.004999999999999], [76.94999999999999, 11.01], [76.945, 11.01], [76.945, 11.004999999999999]]]}}, {"type": "Feature", "properties": {"nearest_m": 159.8, "band": "0–400 m"}, "geometry": {"type": "Polygon", "coordinates": [[[76.94999999999999, 11.004999999999999], [76.95499999999998, 11.004999999999999], [76.95499999999998, 11.01], [76.94999999999999, 11.01], [76.94999999999999, 11.004999999999999]]]}}, {"type": "Feature", "properties": {"nearest_m": 20.6, "band": "0–400 m"}, "geometry": {"type": "Polygon", "coordinates": [[[76.955, 11.004999999999999], [76.96, 11.004999999999999], [76.96, 11.01], [76.955, 11.01], [76.955, 11.004999999999999]]]}}, {"type": "Feature", "properties": {"nearest_m": 85.6, "band": "0–400 m"}, "geometry": {"type": "Polygon", "coordinates": [[[76.96, 11.004999999999999], [76.96499999999999, 11.004999999999999], [76.96499999999999, 11.01], [76.96, 11.01], [76.96, 11.004999999999999]]]}}, {"type": "Feature", "properties": {"nearest_m": 31.4, "band": "0–400 m"}, "geometry": {"type": "Polygon", "coordinates": [[[76.96499999999999, 11.004999999999999], [76.96999999999998, 11.004999999999999], [76.96999999999998, 11.01], [76.96499999999999, 11.01], [76.96499999999999, 11.004999999999999]]]}}, {"type": "Feature", "properties": {"nearest_m": 127.0, "band": "0–400 m"}, "geometry": {"type": "Polygon", "coordinates": [[[76.97, 11.004999999999999], [76.975, 11.004999999999999], [76.975, 11.01], [76.97, 11.01], [76.97, 11.004999999999999]]]}}, {"type": "Feature", "properties": {"nearest_m": 83.8, "band": "0–400 m"}, "geometry": {"type": "Polygon", "coordinates": [[[76.975, 11.004999999999999], [76.97999999999999, 11.004999999999999], [76.97999999999999, 11.01], [76.975, 11.01], [76.975, 11.004999999999999]]]}}, {"type": "Feature", "properties": {"nearest_m": 442.2, "band": "400–800 m"}, "geometry": {"type": "Polygon", "coordinates": [[[76.97999999999999, 11.004999999999999], [76.98499999999999, 11.004999999999999], [76.98499999999999, 11.01], [76.97999999999999, 11.01], [76.97999999999999, 11.004999999999999]]]}}, {"type": "Feature", "properties": {"nearest_m": 217.9, "band": "0–400 m"}, "geometry": {"type": "Polygon", "coordinates": [[[76.985, 11.004999999999999], [76.99, 11.004999999999999], [76.99, 11.01], [76.985, 11.01], [76.985, 11.004999999999999]]]}}, {"type": "Feature", "properties": {"nearest_m": 54.8, "band": "0–400 m"}, "geometry": {"type": "Polygon", "coordinates": [[[76.99, 11.004999999999999], [76.99499999999999, 11.004999999999999], [76.99499999999999, 11.01], [76.99, 11.01], [76.99, 11.004999999999999]]]}}, {"type": "Feature", "properties": {"nearest_m": 105.9, "band": "0–400 m"}, "geometry": {"type": "Polygon", "coordinates": [[[76.99499999999999, 11.004999999999999], [76.99999999999999, 11.004999999999999], [76.99999999999999, 11.01], [76.99499999999999, 11.01], [76.99499999999999, 11.004999999999999]]]}}, {"type": "Feature", "properties": {"nearest_m": 206.0, "band": "0–400 m"}, "geometry": {"type": "Polygon", "coordinates": [[[77.0, 11.004999999999999], [77.005, 11.004999999999999], [77.005, 11.01], [77.0, 11.01], [77.0, 11.004999999999999]]]}}, {"type": "Feature", "properties": {"nearest_m": 179.1, "band": "0–400 m"}, "geometry": {"type": "Polygon", "coordinates": [[[77.005, 11.004999999999999], [77.00999999999999, 11.004999999999999], [77.00999999999999, 11.01], [77.005, 11.01], [77.005, 11.004999999999999]]]}}, {"type": "Feature", "properties": {"nearest_m": 90.1, "band": "0–400 m"}, "geometry": {"type": "Polygon", "coordinates": [[[77.00999999999999, 11.004999999999999], [77.01499999999999, 11.004999999999999], [77.01499999999999, 11.01], [77.00999999999999, 11.01], [77.00999999999999, 11.004999999999999]]]}}, {"type": "Feature", "properties": {"nearest_m": 308.4, "band": "0–400 m"}, "geometry": {"type": "Polygon", "coordinates": [[[77.015, 11.004999999999999], [77.02, 11.004999999999999], [77.02, 11.01], [77.015, 11.01], [77.015, 11.004999999999999]]]}}, {"type": "Feature", "properties": {"nearest_m": 139.7, "band": "0–400 m"}, "geometry": {"type": "Polygon", "coordinates": [[[77.02, 11.004999999999999], [77.02499999999999, 11.004999999999999], [77.02499999999999, 11.01], [77.02, 11.01], [77.02, 11.004999999999999]]]}}, {"type": "Feature", "properties": {"nearest_m": 59.7, "band": "0–400 m"}, "geometry": {"type": "Polygon", "coordinates": [[[77.02499999999999, 11.004999999999999], [77.02999999999999, 11.004999999999999], [77.02999999999999, 11.01], [77.02499999999999, 11.01], [77.02499999999999, 11.004999999999999]]]}}, {"type": "Feature", "properties": {"nearest_m": 430.4, "band": "400–800 m"}, "geometry": {"type": "Polygon", "coordinates": [[[77.03, 11.004999999999999], [77.035, 11.004999999999999], [77.035, 11.01], [77.03, 11.01], [77.03, 11.004999999999999]]]}}, {"type": "Feature", "properties": {"nearest_m": 423.7, "band": "400–800 m"}, "geometry": {"type": "Polygon", "coordinates": [[[77.035, 11.004999999999999], [77.03999999999999, 11.004999999999999], [77.03999999999999, 11.01], [77.035, 11.01], [77.035, 11.004999999999999]]]}}, {"type": "Feature", "properties": {"nearest_m": 141.5, "band": "0–400 m"}, "geometry": {"type": "Polygon", "coordinates": [[[77.03999999999999, 11.004999999999999], [77.04499999999999, 11.004999999999999], [77.04499999999999, 11.01], [77.03999999999999, 11.01], [77.03999999999999, 11.004999999999999]]]}}, {"type": "Feature", "properties": {"nearest_m": 200.0, "band": "0–400 m"}, "geometry": {"type": "Polygon", "coordinates": [[[77.04499999999999, 11.004999999999999], [77.04999999999998, 11.004999999999999], [77.04999999999998, 11.01], [77.04499999999999, 11.01], [77.04499999999999, 11.004999999999999]]]}}, {"type": "Feature", "properties": {"nearest_m": 536.5, "band": "400–800 m"}, "geometry": {"type": "Polygon", "coordinates": [[[77.05, 11.004999999999999], [77.05499999999999, 11.004999999999999], [77.05499999999999, 11.01], [77.05, 11.01], [77.05, 11.004999999999999]]]}}, {"type": "Feature", "properties": {"nearest_m": 466.7, "band": "400–800 m"}, "geometry": {"type": "Polygon", "coordinates": [[[77.05999999999999, 11.004999999999999], [77.06499999999998, 11.004999999999999], [77.06499999999998, 11.01], [77.05999999999999, 11.01], [77.05999999999999, 11.004999999999999]]]}}, {"type": "Feature", "properties": {"nearest_m": 167.3, "band": "0–400 m"}, "geometry": {"type": "Polygon", "coordinates": [[[77.065, 11.004999999999999], [77.07, 11.004999999999999], [77.07, 11.01], [77.065, 11.01], [77.065, 11.004999999999999]]]}}, {"type": "Feature", "properties": {"nearest_m": 134.9, "band": "0–400 m"}, "geometry": {"type": "Polygon", "coordinates": [[[77.07, 11.004999999999999], [77.07499999999999, 11.004999999999999], [77.07499999999999, 11.01], [77.07, 11.01], [77.07, 11.004999999999999]]]}}, {"type": "Feature", "properties": {"nearest_m": 214.0, "band": "0–400 m"}, "geometry": {"type": "Polygon", "coordinates": [[[77.07499999999999, 11.004999999999999], [77.07999999999998, 11.004999999999999], [77.07999999999998, 11.01], [77.07499999999999, 11.01], [77.07499999999999, 11.004999999999999]]]}}, {"type": "Feature", "properties": {"nearest_m": 199.8, "band": "0–400 m"}, "geometry": {"type": "Polygon", "coordinates": [[[77.08, 11.004999999999999], [77.085, 11.004999999999999], [77.085, 11.01], [77.08, 11.01], [77.08, 11.004999999999999]]]}}, {"type": "Feature", "properties": {"nearest_m": 586.9, "band": "400–800 m"}, "geometry": {"type": "Polygon", "coordinates": [[[77.085, 11.004999999999999], [77.08999999999999, 11.004999999999999], [77.08999999999999, 11.01], [77.085, 11.01], [77.085, 11.004999999999999]]]}}, {"type": "Feature", "properties": {"nearest_m": 597.2, "band": "400–800 m"}, "geometry": {"type": "Polygon", "coordinates": [[[76.86, 10.999999999999998], [76.865, 10.999999999999998], [76.865, 11.004999999999999], [76.86, 11.004999999999999], [76.86, 10.999999999999998]]]}}, {"type": "Feature", "properties": {"nearest_m": 552.5, "band": "400–800 m"}, "geometry": {"type": "Polygon", "coordinates": [[[76.865, 10.999999999999998], [76.86999999999999, 10.999999999999998], [76.86999999999999, 11.004999999999999], [76.865, 11.004999999999999], [76.865, 10.999999999999998]]]}}, {"type": "Feature", "properties": {"nearest_m": 732.6, "band": "400–800 m"}, "geometry": {"type": "Polygon", "coordinates": [[[76.92999999999999, 10.999999999999998], [76.93499999999999, 10.999999999999998], [76.93499999999999, 11.004999999999999], [76.92999999999999, 11.004999999999999], [76.92999999999999, 10.999999999999998]]]}}, {"type": "Feature", "properties": {"nearest_m": 402.9, "band": "400–800 m"}, "geometry": {"type": "Polygon", "coordinates": [[[76.93499999999999, 10.999999999999998], [76.93999999999998, 10.999999999999998], [76.93999999999998, 11.004999999999999], [76.93499999999999, 11.004999999999999], [76.93499999999999, 10.999999999999998]]]}}, {"type": "Feature", "properties": {"nearest_m": 389.2, "band": "0–400 m"}, "geometry": {"type": "Polygon", "coordinates": [[[76.94, 10.999999999999998], [76.945, 10.999999999999998], [76.945, 11.004999999999999], [76.94, 11.004999999999999], [76.94, 10.999999999999998]]]}}, {"type": "Feature", "properties": {"nearest_m": 156.1, "band": "0–400 m"}, "geometry": {"type": "Polygon", "coordinates": [[[76.945, 10.999999999999998], [76.94999999999999, 10.999999999999998], [76.94999999999999, 11.004999999999999], [76.945, 11.004999999999999], [76.945, 10.999999999999998]]]}}, {"type": "Feature", "properties": {"nearest_m": 128.1, "band": "0–400 m"}, "geometry": {"type": "Polygon", "coordinates": [[[76.94999999999999, 10.999999999999998], [76.95499999999998, 10.999999999999998], [76.95499999999998, 11.004999999999999], [76.94999999999999, 11.004999999999999], [76.94999999999999, 10.999999999999998]]]}}, {"type": "Feature", "properties": {"nearest_m": 171.7, "band": "0–400 m"}, "geometry": {"type": "Polygon", "coordinates": [[[76.955, 10.999999999999998], [76.96, 10.999999999999998], [76.96, 11.004999999999999], [76.955, 11.004999999999999], [76.955, 10.999999999999998]]]}}, {"type": "Feature", "properties": {"nearest_m": 337.9, "band": "0–400 m"}, "geometry": {"type": "Polygon", "coordinates": [[[76.96, 10.999999999999998], [76.96499999999999, 10.999999999999998], [76.96499999999999, 11.004999999999999], [76.96, 11.004999999999999], [76.96, 10.999999999999998]]]}}, {"type": "Feature", "properties": {"nearest_m": 208.2, "band": "0–400 m"}, "geometry": {"type": "Polygon", "coordinates": [[[76.96499999999999, 10.999999999999998], [76.96999999999998, 10.999999999999998], [76.96999999999998, 11.004999999999999], [76.96499999999999, 11.004999999999999], [76.96499999999999, 10.999999999999998]]]}}, {"type": "Feature", "properties": {"nearest_m": 157.4, "band": "0–400 m"}, "geometry": {"type": "Polygon", "coordinates": [[[76.97, 10.999999999999998], [76.975, 10.999999999999998], [76.975, 11.004999999999999], [76.97, 11.004999999999999], [76.97, 10.999999999999998]]]}}, {"type": "Feature", "properties": {"nearest_m": 198.5, "band": "0–400 m"}, "geometry": {"type": "Polygon", "coordinates": [[[76.975, 10.999999999999998], [76.97999999999999, 10.999999999999998], [76.97999999999999, 11.004999999999999], [76.975, 11.004999999999999], [76.975, 10.999999999999998]]]}}, {"type": "Feature", "properties": {"nearest_m": 303.6, "band": "0–400 m"}, "geometry": {"type": "Polygon", "coordinates": [[[76.97999999999999, 10.999999999999998], [76.98499999999999, 10.999999999999998], [76.98499999999999, 11.004999999999999], [76.97999999999999, 11.004999999999999], [76.97999999999999, 10.999999999999998]]]}}, {"type": "Feature", "properties": {"nearest_m": 167.3, "band": "0–400 m"}, "geometry": {"type": "Polygon", "coordinates": [[[76.985, 10.999999999999998], [76.99, 10.999999999999998], [76.99, 11.004999999999999], [76.985, 11.004999999999999], [76.985, 10.999999999999998]]]}}, {"type": "Feature", "properties": {"nearest_m": 97.5, "band": "0–400 m"}, "geometry": {"type": "Polygon", "coordinates": [[[76.99, 10.999999999999998], [76.99499999999999, 10.999999999999998], [76.99499999999999, 11.004999999999999], [76.99, 11.004999999999999], [76.99, 10.999999999999998]]]}}, {"type": "Feature", "properties": {"nearest_m": 133.6, "band": "0–400 m"}, "geometry": {"type": "Polygon", "coordinates": [[[76.99499999999999, 10.999999999999998], [76.99999999999999, 10.999999999999998], [76.99999999999999, 11.004999999999999], [76.99499999999999, 11.004999999999999], [76.99499999999999, 10.999999999999998]]]}}, {"type": "Feature", "properties": {"nearest_m": 364.0, "band": "0–400 m"}, "geometry": {"type": "Polygon", "coordinates": [[[77.0, 10.999999999999998], [77.005, 10.999999999999998], [77.005, 11.004999999999999], [77.0, 11.004999999999999], [77.0, 10.999999999999998]]]}}, {"type": "Feature", "properties": {"nearest_m": 390.0, "band": "0–400 m"}, "geometry": {"type": "Polygon", "coordinates": [[[77.005, 10.999999999999998], [77.00999999999999, 10.999999999999998], [77.00999999999999, 11.004999999999999], [77.005, 11.004999999999999], [77.005, 10.999999999999998]]]}}, {"type": "Feature", "properties": {"nearest_m": 351.0, "band": "0–400 m"}, "geometry": {"type": "Polygon", "coordinates": [[[77.00999999999999, 10.999999999999998], [77.01499999999999, 10.999999999999998], [77.01499999999999, 11.004999999999999], [77.00999999999999, 11.004999999999999], [77.00999999999999, 10.999999999999998]]]}}, {"type": "Feature", "properties": {"nearest_m": 100.4, "band": "0–400 m"}, "geometry": {"type": "Polygon", "coordinates": [[[77.015, 10.999999999999998], [77.02, 10.999999999999998], [77.02, 11.004999999999999], [77.015, 11.004999999999999], [77.015, 10.999999999999998]]]}}, {"type": "Feature", "properties": {"nearest_m": 514.2, "band": "400–800 m"}, "geometry": {"type": "Polygon", "coordinates": [[[77.02, 10.999999999999998], [77.02499999999999, 10.999999999999998], [77.02499999999999, 11.004999999999999], [77.02, 11.004999999999999], [77.02, 10.999999999999998]]]}}, {"type": "Feature", "properties": {"nearest_m": 147.1, "band": "0–400 m"}, "geometry": {"type": "Polygon", "coordinates": [[[77.02499999999999, 10.999999999999998], [77.02999999999999, 10.999999999999998], [77.02999999999999, 11.004999999999999], [77.02499999999999, 11.004999999999999], [77.02499999999999, 10.999999999999998]]]}}, {"type": "Feature", "properties": {"nearest_m": 81.2, "band": "0–400 m"}, "geometry": {"type": "Polygon", "coordinates": [[[77.03, 10.999999999999998], [77.035, 10.999999999999998], [77.035, 11.004999999999999], [77.03, 11.004999999999999], [77.03, 10.999999999999998]]]}}, {"type": "Feature", "properties": {"nearest_m": 168.2, "band": "0–400 m"}, "geometry": {"type": "Polygon", "coordinates": [[[77.035, 10.999999999999998], [77.03999999999999, 10.999999999999998], [77.03999999999999, 11.004999999999999], [77.035, 11.004999999999999], [77.035, 10.999999999999998]]]}}, {"type": "Feature", "properties": {"nearest_m": 202.7, "band": "0–400 m"}, "geometry": {"type": "Polygon", "coordinates": [[[77.03999999999999, 10.999999999999998], [77.04499999999999, 10.999999999999998], [77.04499999999999, 11.004999999999999], [77.03999999999999, 11.004999999999999], [77.03999999999999, 10.999999999999998]]]}}, {"type": "Feature", "properties": {"nearest_m": 177.4, "band": "0–400 m"}, "geometry": {"type": "Polygon", "coordinates": [[[77.04499999999999, 10.999999999999998], [77.04999999999998, 10.999999999999998], [77.04999999999998, 11.004999999999999], [77.04499999999999, 11.004999999999999], [77.04499999999999, 10.999999999999998]]]}}, {"type": "Feature", "properties": {"nearest_m": 617.3, "band": "400–800 m"}, "geometry": {"type": "Polygon", "coordinates": [[[77.05, 10.999999999999998], [77.05499999999999, 10.999999999999998], [77.05499999999999, 11.004999999999999], [77.05, 11.004999999999999], [77.05, 10.999999999999998]]]}}, {"type": "Feature", "properties": {"nearest_m": 564.9, "band": "400–800 m"}, "geometry": {"type": "Polygon", "coordinates": [[[77.05999999999999, 10.999999999999998], [77.06499999999998, 10.999999999999998], [77.06499999999998, 11.004999999999999], [77.05999999999999, 11.004999999999999], [77.05999999999999, 10.999999999999998]]]}}, {"type": "Feature", "properties": {"nearest_m": 388.0, "band": "0–400 m"}, "geometry": {"type": "Polygon", "coordinates": [[[77.065, 10.999999999999998], [77.07, 10.999999999999998], [77.07, 11.004999999999999], [77.065, 11.004999999999999], [77.065, 10.999999999999998]]]}}, {"type": "Feature", "properties": {"nearest_m": 506.1, "band": "400–800 m"}, "geometry": {"type": "Polygon", "coordinates": [[[77.07, 10.999999999999998], [77.07499999999999, 10.999999999999998], [77.07499999999999, 11.004999999999999], [77.07, 11.004999999999999], [77.07, 10.999999999999998]]]}}, {"type": "Feature", "properties": {"nearest_m": 647.3, "band": "400–800 m"}, "geometry": {"type": "Polygon", "coordinates": [[[77.07499999999999, 10.999999999999998], [77.07999999999998, 10.999999999999998], [77.07999999999998, 11.004999999999999], [77.07499999999999, 11.004999999999999], [77.07499999999999, 10.999999999999998]]]}}, {"type": "Feature", "properties": {"nearest_m": 411.5, "band": "400–800 m"}, "geometry": {"type": "Polygon", "coordinates": [[[77.08, 10.999999999999998], [77.085, 10.999999999999998], [77.085, 11.004999999999999], [77.08, 11.004999999999999], [77.08, 10.999999999999998]]]}}, {"type": "Feature", "properties": {"nearest_m": 512.2, "band": "400–800 m"}, "geometry": {"type": "Polygon", "coordinates": [[[77.085, 10.999999999999998], [77.08999999999999, 10.999999999999998], [77.08999999999999, 11.004999999999999], [77.085, 11.004999999999999], [77.085, 10.999999999999998]]]}}, {"type": "Feature", "properties": {"nearest_m": 590.6, "band": "400–800 m"}, "geometry": {"type": "Polygon", "coordinates": [[[77.095, 10.999999999999998], [77.1, 10.999999999999998], [77.1, 11.004999999999999], [77.095, 11.004999999999999], [77.095, 10.999999999999998]]]}}, {"type": "Feature", "properties": {"nearest_m": 579.6, "band": "400–800 m"}, "geometry": {"type": "Polygon", "coordinates": [[[76.83999999999999, 10.995], [76.84499999999998, 10.995], [76.84499999999998, 11.0], [76.83999999999999, 11.0], [76.83999999999999, 10.995]]]}}, {"type": "Feature", "properties": {"nearest_m": 716.6, "band": "400–800 m"}, "geometry": {"type": "Polygon", "coordinates": [[[76.845, 10.995], [76.85, 10.995], [76.85, 11.0], [76.845, 11.0], [76.845, 10.995]]]}}, {"type": "Feature", "properties": {"nearest_m": 391.1, "band": "0–400 m"}, "geometry": {"type": "Polygon", "coordinates": [[[76.93499999999999, 10.995], [76.93999999999998, 10.995], [76.93999999999998, 11.0], [76.93499999999999, 11.0], [76.93499999999999, 10.995]]]}}, {"type": "Feature", "properties": {"nearest_m": 377.0, "band": "0–400 m"}, "geometry": {"type": "Polygon", "coordinates": [[[76.94, 10.995], [76.945, 10.995], [76.945, 11.0], [76.94, 11.0], [76.94, 10.995]]]}}, {"type": "Feature", "properties": {"nearest_m": 238.8, "band": "0–400 m"}, "geometry": {"type": "Polygon", "coordinates": [[[76.945, 10.995], [76.94999999999999, 10.995], [76.94999999999999, 11.0], [76.945, 11.0], [76.945, 10.995]]]}}, {"type": "Feature", "properties": {"nearest_m": 183.7, "band": "0–400 m"}, "geometry": {"type": "Polygon", "coordinates": [[[76.94999999999999, 10.995], [76.95499999999998, 10.995], [76.95499999999998, 11.0], [76.94999999999999, 11.0], [76.94999999999999, 10.995]]]}}, {"type": "Feature", "properties": {"nearest_m": 254.8, "band": "0–400 m"}, "geometry": {"type": "Polygon", "coordinates": [[[76.955, 10.995], [76.96, 10.995], [76.96, 11.0], [76.955, 11.0], [76.955, 10.995]]]}}, {"type": "Feature", "properties": {"nearest_m": 141.1, "band": "0–400 m"}, "geometry": {"type": "Polygon", "coordinates": [[[76.96, 10.995], [76.96499999999999, 10.995], [76.96499999999999, 11.0], [76.96, 11.0], [76.96, 10.995]]]}}, {"type": "Feature", "properties": {"nearest_m": 121.6, "band": "0–400 m"}, "geometry": {"type": "Polygon", "coordinates": [[[76.96499999999999, 10.995], [76.96999999999998, 10.995], [76.96999999999998, 11.0], [76.96499999999999, 11.0], [76.96499999999999, 10.995]]]}}, {"type": "Feature", "properties": {"nearest_m": 59.9, "band": "0–400 m"}, "geometry": {"type": "Polygon", "coordinates": [[[76.97, 10.995], [76.975, 10.995], [76.975, 11.0], [76.97, 11.0], [76.97, 10.995]]]}}, {"type": "Feature", "properties": {"nearest_m": 181.1, "band": "0–400 m"}, "geometry": {"type": "Polygon", "coordinates": [[[76.975, 10.995], [76.97999999999999, 10.995], [76.97999999999999, 11.0], [76.975, 11.0], [76.975, 10.995]]]}}, {"type": "Feature", "properties": {"nearest_m": 109.7, "band": "0–400 m"}, "geometry": {"type": "Polygon", "coordinates": [[[76.97999999999999, 10.995], [76.98499999999999, 10.995], [76.98499999999999, 11.0], [76.97999999999999, 11.0], [76.97999999999999, 10.995]]]}}, {"type": "Feature", "properties": {"nearest_m": 192.0, "band": "0–400 m"}, "geometry": {"type": "Polygon", "coordinates": [[[76.985, 10.995], [76.99, 10.995], [76.99, 11.0], [76.985, 11.0], [76.985, 10.995]]]}}, {"type": "Feature", "properties": {"nearest_m": 137.0, "band": "0–400 m"}, "geometry": {"type": "Polygon", "coordinates": [[[76.99, 10.995], [76.99499999999999, 10.995], [76.99499999999999, 11.0], [76.99, 11.0], [76.99, 10.995]]]}}, {"type": "Feature", "properties": {"nearest_m": 41.6, "band": "0–400 m"}, "geometry": {"type": "Polygon", "coordinates": [[[76.99499999999999, 10.995], [76.99999999999999, 10.995], [76.99999999999999, 11.0], [76.99499999999999, 11.0], [76.99499999999999, 10.995]]]}}, {"type": "Feature", "properties": {"nearest_m": 40.7, "band": "0–400 m"}, "geometry": {"type": "Polygon", "coordinates": [[[77.0, 10.995], [77.005, 10.995], [77.005, 11.0], [77.0, 11.0], [77.0, 10.995]]]}}, {"type": "Feature", "properties": {"nearest_m": 91.3, "band": "0–400 m"}, "geometry": {"type": "Polygon", "coordinates": [[[77.005, 10.995], [77.00999999999999, 10.995], [77.00999999999999, 11.0], [77.005, 11.0], [77.005, 10.995]]]}}, {"type": "Feature", "properties": {"nearest_m": 226.2, "band": "0–400 m"}, "geometry": {"type": "Polygon", "coordinates": [[[77.00999999999999, 10.995], [77.01499999999999, 10.995], [77.01499999999999, 11.0], [77.00999999999999, 11.0], [77.00999999999999, 10.995]]]}}, {"type": "Feature", "properties": {"nearest_m": 64.1, "band": "0–400 m"}, "geometry": {"type": "Polygon", "coordinates": [[[77.015, 10.995], [77.02, 10.995], [77.02, 11.0], [77.015, 11.0], [77.015, 10.995]]]}}, {"type": "Feature", "properties": {"nearest_m": 328.3, "band": "0–400 m"}, "geometry": {"type": "Polygon", "coordinates": [[[77.02, 10.995], [77.02499999999999, 10.995], [77.02499999999999, 11.0], [77.02, 11.0], [77.02, 10.995]]]}}, {"type": "Feature", "properties": {"nearest_m": 361.5, "band": "0–400 m"}, "geometry": {"type": "Polygon", "coordinates": [[[77.02499999999999, 10.995], [77.02999999999999, 10.995], [77.02999999999999, 11.0], [77.02499999999999, 11.0], [77.02499999999999, 10.995]]]}}, {"type": "Feature", "properties": {"nearest_m": 405.4, "band": "400–800 m"}, "geometry": {"type": "Polygon", "coordinates": [[[77.03, 10.995], [77.035, 10.995], [77.035, 11.0], [77.03, 11.0], [77.03, 10.995]]]}}, {"type": "Feature", "properties": {"nearest_m": 574.5, "band": "400–800 m"}, "geometry": {"type": "Polygon", "coordinates": [[[77.035, 10.995], [77.03999999999999, 10.995], [77.03999999999999, 11.0], [77.035, 11.0], [77.035, 10.995]]]}}, {"type": "Feature", "properties": {"nearest_m": 487.3, "band": "400–800 m"}, "geometry": {"type": "Polygon", "coordinates": [[[77.03999999999999, 10.995], [77.04499999999999, 10.995], [77.04499999999999, 11.0], [77.03999999999999, 11.0], [77.03999999999999, 10.995]]]}}, {"type": "Feature", "properties": {"nearest_m": 462.5, "band": "400–800 m"}, "geometry": {"type": "Polygon", "coordinates": [[[77.04499999999999, 10.995], [77.04999999999998, 10.995], [77.04999999999998, 11.0], [77.04499999999999, 11.0], [77.04499999999999, 10.995]]]}}, {"type": "Feature", "properties": {"nearest_m": 606.6, "band": "400–800 m"}, "geometry": {"type": "Polygon", "coordinates": [[[77.05499999999999, 10.995], [77.05999999999999, 10.995], [77.05999999999999, 11.0], [77.05499999999999, 11.0], [77.05499999999999, 10.995]]]}}, {"type": "Feature", "properties": {"nearest_m": 109.3, "band": "0–400 m"}, "geometry": {"type": "Polygon", "coordinates": [[[77.05999999999999, 10.995], [77.06499999999998, 10.995], [77.06499999999998, 11.0], [77.05999999999999, 11.0], [77.05999999999999, 10.995]]]}}, {"type": "Feature", "properties": {"nearest_m": 502.9, "band": "400–800 m"}, "geometry": {"type": "Polygon", "coordinates": [[[77.065, 10.995], [77.07, 10.995], [77.07, 11.0], [77.065, 11.0], [77.065, 10.995]]]}}, {"type": "Feature", "properties": {"nearest_m": 758.8, "band": "400–800 m"}, "geometry": {"type": "Polygon", "coordinates": [[[77.07499999999999, 10.995], [77.07999999999998, 10.995], [77.07999999999998, 11.0], [77.07499999999999, 11.0], [77.07499999999999, 10.995]]]}}, {"type": "Feature", "properties": {"nearest_m": 267.8, "band": "0–400 m"}, "geometry": {"type": "Polygon", "coordinates": [[[77.08, 10.995], [77.085, 10.995], [77.085, 11.0], [77.08, 11.0], [77.08, 10.995]]]}}, {"type": "Feature", "properties": {"nearest_m": 405.8, "band": "400–800 m"}, "geometry": {"type": "Polygon", "coordinates": [[[77.085, 10.995], [77.08999999999999, 10.995], [77.08999999999999, 11.0], [77.085, 11.0], [77.085, 10.995]]]}}, {"type": "Feature", "properties": {"nearest_m": 741.4, "band": "400–800 m"}, "geometry": {"type": "Polygon", "coordinates": [[[77.08999999999999, 10.995], [77.09499999999998, 10.995], [77.09499999999998, 11.0], [77.08999999999999, 11.0], [77.08999999999999, 10.995]]]}}, {"type": "Feature", "properties": {"nearest_m": 205.9, "band": "0–400 m"}, "geometry": {"type": "Polygon", "coordinates": [[[77.095, 10.995], [77.1, 10.995], [77.1, 11.0], [77.095, 11.0], [77.095, 10.995]]]}}, {"type": "Feature", "properties": {"nearest_m": 510.0, "band": "400–800 m"}, "geometry": {"type": "Polygon", "coordinates": [[[76.835, 10.989999999999998], [76.83999999999999, 10.989999999999998], [76.83999999999999, 10.995], [76.835, 10.995], [76.835, 10.989999999999998]]]}}, {"type": "Feature", "properties": {"nearest_m": 92.9, "band": "0–400 m"}, "geometry": {"type": "Polygon", "coordinates": [[[76.83999999999999, 10.989999999999998], [76.84499999999998, 10.989999999999998], [76.84499999999998, 10.995], [76.83999999999999, 10.995], [76.83999999999999, 10.989999999999998]]]}}, {"type": "Feature", "properties": {"nearest_m": 435.9, "band": "400–800 m"}, "geometry": {"type": "Polygon", "coordinates": [[[76.845, 10.989999999999998], [76.85, 10.989999999999998], [76.85, 10.995], [76.845, 10.995], [76.845, 10.989999999999998]]]}}, {"type": "Feature", "properties": {"nearest_m": 560.5, "band": "400–800 m"}, "geometry": {"type": "Polygon", "coordinates": [[[76.92999999999999, 10.989999999999998], [76.93499999999999, 10.989999999999998], [76.93499999999999, 10.995], [76.92999999999999, 10.995], [76.92999999999999, 10.989999999999998]]]}}, {"type": "Feature", "properties": {"nearest_m": 82.7, "band": "0–400 m"}, "geometry": {"type": "Polygon", "coordinates": [[[76.93499999999999, 10.989999999999998], [76.93999999999998, 10.989999999999998], [76.93999999999998, 10.995], [76.93499999999999, 10.995], [76.93499999999999, 10.989999999999998]]]}}, {"type": "Feature", "properties": {"nearest_m": 267.8, "band": "0–400 m"}, "geometry": {"type": "Polygon", "coordinates": [[[76.94, 10.989999999999998], [76.945, 10.989999999999998], [76.945, 10.995], [76.94, 10.995], [76.94, 10.989999999999998]]]}}, {"type": "Feature", "properties": {"nearest_m": 455.7, "band": "400–800 m"}, "geometry": {"type": "Polygon", "coordinates": [[[76.945, 10.989999999999998], [76.94999999999999, 10.989999999999998], [76.94999999999999, 10.995], [76.945, 10.995], [76.945, 10.989999999999998]]]}}, {"type": "Feature", "properties": {"nearest_m": 70.6, "band": "0–400 m"}, "geometry": {"type": "Polygon", "coordinates": [[[76.94999999999999, 10.989999999999998], [76.95499999999998, 10.989999999999998], [76.95499999999998, 10.995], [76.94999999999999, 10.995], [76.94999999999999, 10.989999999999998]]]}}, {"type": "Feature", "properties": {"nearest_m": 38.0, "band": "0–400 m"}, "geometry": {"type": "Polygon", "coordinates": [[[76.955, 10.989999999999998], [76.96, 10.989999999999998], [76.96, 10.995], [76.955, 10.995], [76.955, 10.989999999999998]]]}}, {"type": "Feature", "properties": {"nearest_m": 95.7, "band": "0–400 m"}, "geometry": {"type": "Polygon", "coordinates": [[[76.96, 10.989999999999998], [76.96499999999999, 10.989999999999998], [76.96499999999999, 10.995], [76.96, 10.995], [76.96, 10.989999999999998]]]}}, {"type": "Feature", "properties": {"nearest_m": 237.7, "band": "0–400 m"}, "geometry": {"type": "Polygon", "coordinates": [[[76.96499999999999, 10.989999999999998], [76.96999999999998, 10.989999999999998], [76.96999999999998, 10.995], [76.96499999999999, 10.995], [76.96499999999999, 10.989999999999998]]]}}, {"type": "Feature", "properties": {"nearest_m": 358.8, "band": "0–400 m"}, "geometry": {"type": "Polygon", "coordinates": [[[76.97, 10.989999999999998], [76.975, 10.989999999999998], [76.975, 10.995], [76.97, 10.995], [76.97, 10.989999999999998]]]}}, {"type": "Feature", "properties": {"nearest_m": 138.6, "band": "0–400 m"}, "geometry": {"type": "Polygon", "coordinates": [[[76.975, 10.989999999999998], [76.97999999999999, 10.989999999999998], [76.97999999999999, 10.995], [76.975, 10.995], [76.975, 10.989999999999998]]]}}, {"type": "Feature", "properties": {"nearest_m": 406.0, "band": "400–800 m"}, "geometry": {"type": "Polygon", "coordinates": [[[76.97999999999999, 10.989999999999998], [76.98499999999999, 10.989999999999998], [76.98499999999999, 10.995], [76.97999999999999, 10.995], [76.97999999999999, 10.989999999999998]]]}}, {"type": "Feature", "properties": {"nearest_m": 366.5, "band": "0–400 m"}, "geometry": {"type": "Polygon", "coordinates": [[[76.985, 10.989999999999998], [76.99, 10.989999999999998], [76.99, 10.995], [76.985, 10.995], [76.985, 10.989999999999998]]]}}, {"type": "Feature", "properties": {"nearest_m": 109.1, "band": "0–400 m"}, "geometry": {"type": "Polygon", "coordinates": [[[76.99, 10.989999999999998], [76.99499999999999, 10.989999999999998], [76.99499999999999, 10.995], [76.99, 10.995], [76.99, 10.989999999999998]]]}}, {"type": "Feature", "properties": {"nearest_m": 389.0, "band": "0–400 m"}, "geometry": {"type": "Polygon", "coordinates": [[[76.99499999999999, 10.989999999999998], [76.99999999999999, 10.989999999999998], [76.99999999999999, 10.995], [76.99499999999999, 10.995], [76.99499999999999, 10.989999999999998]]]}}, {"type": "Feature", "properties": {"nearest_m": 77.3, "band": "0–400 m"}, "geometry": {"type": "Polygon", "coordinates": [[[77.0, 10.989999999999998], [77.005, 10.989999999999998], [77.005, 10.995], [77.0, 10.995], [77.0, 10.989999999999998]]]}}, {"type": "Feature", "properties": {"nearest_m": 374.4, "band": "0–400 m"}, "geometry": {"type": "Polygon", "coordinates": [[[77.005, 10.989999999999998], [77.00999999999999, 10.989999999999998], [77.00999999999999, 10.995], [77.005, 10.995], [77.005, 10.989999999999998]]]}}, {"type": "Feature", "properties": {"nearest_m": 473.9, "band": "400–800 m"}, "geometry": {"type": "Polygon", "coordinates": [[[77.00999999999999, 10.989999999999998], [77.01499999999999, 10.989999999999998], [77.01499999999999, 10.995], [77.00999999999999, 10.995], [77.00999999999999, 10.989999999999998]]]}}, {"type": "Feature", "properties": {"nearest_m": 601.6, "band": "400–800 m"}, "geometry": {"type": "Polygon", "coordinates": [[[77.015, 10.989999999999998], [77.02, 10.989999999999998], [77.02, 10.995], [77.015, 10.995], [77.015, 10.989999999999998]]]}}, {"type": "Feature", "properties": {"nearest_m": 714.4, "band": "400–800 m"}, "geometry": {"type": "Polygon", "coordinates": [[[77.02, 10.989999999999998], [77.02499999999999, 10.989999999999998], [77.02499999999999, 10.995], [77.02, 10.995], [77.02, 10.989999999999998]]]}}, {"type": "Feature", "properties": {"nearest_m": 755.7, "band": "400–800 m"}, "geometry": {"type": "Polygon", "coordinates": [[[77.05499999999999, 10.989999999999998], [77.05999999999999, 10.989999999999998], [77.05999999999999, 10.995], [77.05499999999999, 10.995], [77.05499999999999, 10.989999999999998]]]}}, {"type": "Feature", "properties": {"nearest_m": 463.8, "band": "400–800 m"}, "geometry": {"type": "Polygon", "coordinates": [[[77.05999999999999, 10.989999999999998], [77.06499999999998, 10.989999999999998], [77.06499999999998, 10.995], [77.05999999999999, 10.995], [77.05999999999999, 10.989999999999998]]]}}, {"type": "Feature", "properties": {"nearest_m": 675.4, "band": "400–800 m"}, "geometry": {"type": "Polygon", "coordinates": [[[77.065, 10.989999999999998], [77.07, 10.989999999999998], [77.07, 10.995], [77.065, 10.995], [77.065, 10.989999999999998]]]}}, {"type": "Feature", "properties": {"nearest_m": 770.5, "band": "400–800 m"}, "geometry": {"type": "Polygon", "coordinates": [[[77.08, 10.989999999999998], [77.085, 10.989999999999998], [77.085, 10.995], [77.08, 10.995], [77.08, 10.989999999999998]]]}}, {"type": "Feature", "properties": {"nearest_m": 552.2, "band": "400–800 m"}, "geometry": {"type": "Polygon", "coordinates": [[[77.08999999999999, 10.989999999999998], [77.09499999999998, 10.989999999999998], [77.09499999999998, 10.995], [77.08999999999999, 10.995], [77.08999999999999, 10.989999999999998]]]}}, {"type": "Feature", "properties": {"nearest_m": 58.5, "band": "0–400 m"}, "geometry": {"type": "Polygon", "coordinates": [[[77.095, 10.989999999999998], [77.1, 10.989999999999998], [77.1, 10.995], [77.095, 10.995], [77.095, 10.989999999999998]]]}}, {"type": "Feature", "properties": {"nearest_m": 687.5, "band": "400–800 m"}, "geometry": {"type": "Polygon", "coordinates": [[[76.835, 10.985], [76.83999999999999, 10.985], [76.83999999999999, 10.99], [76.835, 10.99], [76.835, 10.985]]]}}, {"type": "Feature", "properties": {"nearest_m": 247.9, "band": "0–400 m"}, "geometry": {"type": "Polygon", "coordinates": [[[76.83999999999999, 10.985], [76.84499999999998, 10.985], [76.84499999999998, 10.99], [76.83999999999999, 10.99], [76.83999999999999, 10.985]]]}}, {"type": "Feature", "properties": {"nearest_m": 303.3, "band": "0–400 m"}, "geometry": {"type": "Polygon", "coordinates": [[[76.845, 10.985], [76.85, 10.985], [76.85, 10.99], [76.845, 10.99], [76.845, 10.985]]]}}, {"type": "Feature", "properties": {"nearest_m": 620.6, "band": "400–800 m"}, "geometry": {"type": "Polygon", "coordinates": [[[76.91999999999999, 10.985], [76.92499999999998, 10.985], [76.92499999999998, 10.99], [76.91999999999999, 10.99], [76.91999999999999, 10.985]]]}}, {"type": "Feature", "properties": {"nearest_m": 436.0, "band": "400–800 m"}, "geometry": {"type": "Polygon", "coordinates": [[[76.925, 10.985], [76.92999999999999, 10.985], [76.92999999999999, 10.99], [76.925, 10.99], [76.925, 10.985]]]}}, {"type": "Feature", "properties": {"nearest_m": 133.7, "band": "0–400 m"}, "geometry": {"type": "Polygon", "coordinates": [[[76.92999999999999, 10.985], [76.93499999999999, 10.985], [76.93499999999999, 10.99], [76.92999999999999, 10.99], [76.92999999999999, 10.985]]]}}, {"type": "Feature", "properties": {"nearest_m": 79.1, "band": "0–400 m"}, "geometry": {"type": "Polygon", "coordinates": [[[76.93499999999999, 10.985], [76.93999999999998, 10.985], [76.93999999999998, 10.99], [76.93499999999999, 10.99], [76.93499999999999, 10.985]]]}}, {"type": "Feature", "properties": {"nearest_m": 275.5, "band": "0–400 m"}, "geometry": {"type": "Polygon", "coordinates": [[[76.94, 10.985], [76.945, 10.985], [76.945, 10.99], [76.94, 10.99], [76.94, 10.985]]]}}, {"type": "Feature", "properties": {"nearest_m": 244.9, "band": "0–400 m"}, "geometry": {"type": "Polygon", "coordinates": [[[76.945, 10.985], [76.94999999999999, 10.985], [76.94999999999999, 10.99], [76.945, 10.99], [76.945, 10.985]]]}}, {"type": "Feature", "properties": {"nearest_m": 383.8, "band": "0–400 m"}, "geometry": {"type": "Polygon", "coordinates": [[[76.94999999999999, 10.985], [76.95499999999998, 10.985], [76.95499999999998, 10.99], [76.94999999999999, 10.99], [76.94999999999999, 10.985]]]}}, {"type": "Feature", "properties": {"nearest_m": 385.2, "band": "0–400 m"}, "geometry": {"type": "Polygon", "coordinates": [[[76.955, 10.985], [76.96, 10.985], [76.96, 10.99], [76.955, 10.99], [76.955, 10.985]]]}}, {"type": "Feature", "properties": {"nearest_m": 140.3, "band": "0–400 m"}, "geometry": {"type": "Polygon", "coordinates": [[[76.96, 10.985], [76.96499999999999, 10.985], [76.96499999999999, 10.99], [76.96, 10.99], [76.96, 10.985]]]}}, {"type": "Feature", "properties": {"nearest_m": 193.7, "band": "0–400 m"}, "geometry": {"type": "Polygon", "coordinates": [[[76.96499999999999, 10.985], [76.96999999999998, 10.985], [76.96999999999998, 10.99], [76.96499999999999, 10.99], [76.96499999999999, 10.985]]]}}, {"type": "Feature", "properties": {"nearest_m": 487.8, "band": "400–800 m"}, "geometry": {"type": "Polygon", "coordinates": [[[76.97, 10.985], [76.975, 10.985], [76.975, 10.99], [76.97, 10.99], [76.97, 10.985]]]}}, {"type": "Feature", "properties": {"nearest_m": 448.8, "band": "400–800 m"}, "geometry": {"type": "Polygon", "coordinates": [[[76.975, 10.985], [76.97999999999999, 10.985], [76.97999999999999, 10.99], [76.975, 10.99], [76.975, 10.985]]]}}, {"type": "Feature", "properties": {"nearest_m": 764.9, "band": "400–800 m"}, "geometry": {"type": "Polygon", "coordinates": [[[76.97999999999999, 10.985], [76.98499999999999, 10.985], [76.98499999999999, 10.99], [76.97999999999999, 10.99], [76.97999999999999, 10.985]]]}}, {"type": "Feature", "properties": {"nearest_m": 555.1, "band": "400–800 m"}, "geometry": {"type": "Polygon", "coordinates": [[[76.99, 10.985], [76.99499999999999, 10.985], [76.99499999999999, 10.99], [76.99, 10.99], [76.99, 10.985]]]}}, {"type": "Feature", "properties": {"nearest_m": 548.6, "band": "400–800 m"}, "geometry": {"type": "Polygon", "coordinates": [[[76.99499999999999, 10.985], [76.99999999999999, 10.985], [76.99999999999999, 10.99], [76.99499999999999, 10.99], [76.99499999999999, 10.985]]]}}, {"type": "Feature", "properties": {"nearest_m": 310.6, "band": "0–400 m"}, "geometry": {"type": "Polygon", "coordinates": [[[77.0, 10.985], [77.005, 10.985], [77.005, 10.99], [77.0, 10.99], [77.0, 10.985]]]}}, {"type": "Feature", "properties": {"nearest_m": 307.9, "band": "0–400 m"}, "geometry": {"type": "Polygon", "coordinates": [[[77.005, 10.985], [77.00999999999999, 10.985], [77.00999999999999, 10.99], [77.005, 10.99], [77.005, 10.985]]]}}, {"type": "Feature", "properties": {"nearest_m": 423.4, "band": "400–800 m"}, "geometry": {"type": "Polygon", "coordinates": [[[77.00999999999999, 10.985], [77.01499999999999, 10.985], [77.01499999999999, 10.99], [77.00999999999999, 10.99], [77.00999999999999, 10.985]]]}}, {"type": "Feature", "properties": {"nearest_m": 564.0, "band": "400–800 m"}, "geometry": {"type": "Polygon", "coordinates": [[[77.035, 10.985], [77.03999999999999, 10.985], [77.03999999999999, 10.99], [77.035, 10.99], [77.035, 10.985]]]}}, {"type": "Feature", "properties": {"nearest_m": 250.5, "band": "0–400 m"}, "geometry": {"type": "Polygon", "coordinates": [[[77.03999999999999, 10.985], [77.04499999999999, 10.985], [77.04499999999999, 10.99], [77.03999999999999, 10.99], [77.03999999999999, 10.985]]]}}, {"type": "Feature", "properties": {"nearest_m": 635.9, "band": "400–800 m"}, "geometry": {"type": "Polygon", "coordinates": [[[77.04499999999999, 10.985], [77.04999999999998, 10.985], [77.04999999999998, 10.99], [77.04499999999999, 10.99], [77.04499999999999, 10.985]]]}}, {"type": "Feature", "properties": {"nearest_m": 615.0, "band": "400–800 m"}, "geometry": {"type": "Polygon", "coordinates": [[[77.095, 10.985], [77.1, 10.985], [77.1, 10.99], [77.095, 10.99], [77.095, 10.985]]]}}, {"type": "Feature", "properties": {"nearest_m": 575.2, "band": "400–800 m"}, "geometry": {"type": "Polygon", "coordinates": [[[76.83999999999999, 10.979999999999999], [76.84499999999998, 10.979999999999999], [76.84499999999998, 10.985], [76.83999999999999, 10.985], [76.83999999999999, 10.979999999999999]]]}}, {"type": "Feature", "properties": {"nearest_m": 601.2, "band": "400–800 m"}, "geometry": {"type": "Polygon", "coordinates": [[[76.845, 10.979999999999999], [76.85, 10.979999999999999], [76.85, 10.985], [76.845, 10.985], [76.845, 10.979999999999999]]]}}, {"type": "Feature", "properties": {"nearest_m": 555.4, "band": "400–800 m"}, "geometry": {"type": "Polygon", "coordinates": [[[76.91499999999999, 10.979999999999999], [76.91999999999999, 10.979999999999999], [76.91999999999999, 10.985], [76.91499999999999, 10.985], [76.91499999999999, 10.979999999999999]]]}}, {"type": "Feature", "properties": {"nearest_m": 64.2, "band": "0–400 m"}, "geometry": {"type": "Polygon", "coordinates": [[[76.91999999999999, 10.979999999999999], [76.92499999999998, 10.979999999999999], [76.92499999999998, 10.985], [76.91999999999999, 10.985], [76.91999999999999, 10.979999999999999]]]}}, {"type": "Feature", "properties": {"nearest_m": 316.8, "band": "0–400 m"}, "geometry": {"type": "Polygon", "coordinates": [[[76.925, 10.979999999999999], [76.92999999999999, 10.979999999999999], [76.92999999999999, 10.985], [76.925, 10.985], [76.925, 10.979999999999999]]]}}, {"type": "Feature", "properties": {"nearest_m": 325.8, "band": "0–400 m"}, "geometry": {"type": "Polygon", "coordinates": [[[76.92999999999999, 10.979999999999999], [76.93499999999999, 10.979999999999999], [76.93499999999999, 10.985], [76.92999999999999, 10.985], [76.92999999999999, 10.979999999999999]]]}}, {"type": "Feature", "properties": {"nearest_m": 127.0, "band": "0–400 m"}, "geometry": {"type": "Polygon", "coordinates": [[[76.93499999999999, 10.979999999999999], [76.93999999999998, 10.979999999999999], [76.93999999999998, 10.985], [76.93499999999999, 10.985], [76.93499999999999, 10.979999999999999]]]}}, {"type": "Feature", "properties": {"nearest_m": 453.2, "band": "400–800 m"}, "geometry": {"type": "Polygon", "coordinates": [[[76.94, 10.979999999999999], [76.945, 10.979999999999999], [76.945, 10.985], [76.94, 10.985], [76.94, 10.979999999999999]]]}}, {"type": "Feature", "properties": {"nearest_m": 407.6, "band": "400–800 m"}, "geometry": {"type": "Polygon", "coordinates": [[[76.945, 10.979999999999999], [76.94999999999999, 10.979999999999999], [76.94999999999999, 10.985], [76.945, 10.985], [76.945, 10.979999999999999]]]}}, {"type": "Feature", "properties": {"nearest_m": 585.4, "band": "400–800 m"}, "geometry": {"type": "Polygon", "coordinates": [[[76.96, 10.979999999999999], [76.96499999999999, 10.979999999999999], [76.96499999999999, 10.985], [76.96, 10.985], [76.96, 10.979999999999999]]]}}, {"type": "Feature", "properties": {"nearest_m": 685.7, "band": "400–800 m"}, "geometry": {"type": "Polygon", "coordinates": [[[76.96499999999999, 10.979999999999999], [76.96999999999998, 10.979999999999999], [76.96999999999998, 10.985], [76.96499999999999, 10.985], [76.96499999999999, 10.979999999999999]]]}}, {"type": "Feature", "properties": {"nearest_m": 776.2, "band": "400–800 m"}, "geometry": {"type": "Polygon", "coordinates": [[[76.99, 10.979999999999999], [76.99499999999999, 10.979999999999999], [76.99499999999999, 10.985], [76.99, 10.985], [76.99, 10.979999999999999]]]}}, {"type": "Feature", "properties": {"nearest_m": 234.9, "band": "0–400 m"}, "geometry": {"type": "Polygon", "coordinates": [[[76.99499999999999, 10.979999999999999], [76.99999999999999, 10.979999999999999], [76.99999999999999, 10.985], [76.99499999999999, 10.985], [76.99499999999999, 10.979999999999999]]]}}, {"type": "Feature", "properties": {"nearest_m": 248.9, "band": "0–400 m"}, "geometry": {"type": "Polygon", "coordinates": [[[77.0, 10.979999999999999], [77.005, 10.979999999999999], [77.005, 10.985], [77.0, 10.985], [77.0, 10.979999999999999]]]}}, {"type": "Feature", "properties": {"nearest_m": 625.6, "band": "400–800 m"}, "geometry": {"type": "Polygon", "coordinates": [[[77.005, 10.979999999999999], [77.00999999999999, 10.979999999999999], [77.00999999999999, 10.985], [77.005, 10.985], [77.005, 10.979999999999999]]]}}, {"type": "Feature", "properties": {"nearest_m": 593.7, "band": "400–800 m"}, "geometry": {"type": "Polygon", "coordinates": [[[77.035, 10.979999999999999], [77.03999999999999, 10.979999999999999], [77.03999999999999, 10.985], [77.035, 10.985], [77.035, 10.979999999999999]]]}}, {"type": "Feature", "properties": {"nearest_m": 311.7, "band": "0–400 m"}, "geometry": {"type": "Polygon", "coordinates": [[[77.03999999999999, 10.979999999999999], [77.04499999999999, 10.979999999999999], [77.04499999999999, 10.985], [77.03999999999999, 10.985], [77.03999999999999, 10.979999999999999]]]}}, {"type": "Feature", "properties": {"nearest_m": 662.4, "band": "400–800 m"}, "geometry": {"type": "Polygon", "coordinates": [[[77.04499999999999, 10.979999999999999], [77.04999999999998, 10.979999999999999], [77.04999999999998, 10.985], [77.04499999999999, 10.985], [77.04499999999999, 10.979999999999999]]]}}, {"type": "Feature", "properties": {"nearest_m": 733.6, "band": "400–800 m"}, "geometry": {"type": "Polygon", "coordinates": [[[77.05499999999999, 10.979999999999999], [77.05999999999999, 10.979999999999999], [77.05999999999999, 10.985], [77.05499999999999, 10.985], [77.05499999999999, 10.979999999999999]]]}}, {"type": "Feature", "properties": {"nearest_m": 739.6, "band": "400–800 m"}, "geometry": {"type": "Polygon", "coordinates": [[[76.91499999999999, 10.975], [76.91999999999999, 10.975], [76.91999999999999, 10.98], [76.91499999999999, 10.98], [76.91499999999999, 10.975]]]}}, {"type": "Feature", "properties": {"nearest_m": 492.7, "band": "400–800 m"}, "geometry": {"type": "Polygon", "coordinates": [[[76.91999999999999, 10.975], [76.92499999999998, 10.975], [76.92499999999998, 10.98], [76.91999999999999, 10.98], [76.91999999999999, 10.975]]]}}, {"type": "Feature", "properties": {"nearest_m": 731.7, "band": "400–800 m"}, "geometry": {"type": "Polygon", "coordinates": [[[76.925, 10.975], [76.92999999999999, 10.975], [76.92999999999999, 10.98], [76.925, 10.98], [76.925, 10.975]]]}}, {"type": "Feature", "properties": {"nearest_m": 642.7, "band": "400–800 m"}, "geometry": {"type": "Polygon", "coordinates": [[[76.93499999999999, 10.975], [76.93999999999998, 10.975], [76.93999999999998, 10.98], [76.93499999999999, 10.98], [76.93499999999999, 10.975]]]}}, {"type": "Feature", "properties": {"nearest_m": 776.1, "band": "400–800 m"}, "geometry": {"type": "Polygon", "coordinates": [[[76.94, 10.975], [76.945, 10.975], [76.945, 10.98], [76.94, 10.98], [76.94, 10.975]]]}}, {"type": "Feature", "properties": {"nearest_m": 756.7, "band": "400–800 m"}, "geometry": {"type": "Polygon", "coordinates": [[[76.94999999999999, 10.975], [76.95499999999998, 10.975], [76.95499999999998, 10.98], [76.94999999999999, 10.98], [76.94999999999999, 10.975]]]}}, {"type": "Feature", "properties": {"nearest_m": 734.4, "band": "400–800 m"}, "geometry": {"type": "Polygon", "coordinates": [[[76.955, 10.975], [76.96, 10.975], [76.96, 10.98], [76.955, 10.98], [76.955, 10.975]]]}}, {"type": "Feature", "properties": {"nearest_m": 367.4, "band": "0–400 m"}, "geometry": {"type": "Polygon", "coordinates": [[[76.96, 10.975], [76.96499999999999, 10.975], [76.96499999999999, 10.98], [76.96, 10.98], [76.96, 10.975]]]}}, {"type": "Feature", "properties": {"nearest_m": 413.4, "band": "400–800 m"}, "geometry": {"type": "Polygon", "coordinates": [[[76.96499999999999, 10.975], [76.96999999999998, 10.975], [76.96999999999998, 10.98], [76.96499999999999, 10.98], [76.96499999999999, 10.975]]]}}, {"type": "Feature", "properties": {"nearest_m": 686.1, "band": "400–800 m"}, "geometry": {"type": "Polygon", "coordinates": [[[76.97, 10.975], [76.975, 10.975], [76.975, 10.98], [76.97, 10.98], [76.97, 10.975]]]}}, {"type": "Feature", "properties": {"nearest_m": 737.6, "band": "400–800 m"}, "geometry": {"type": "Polygon", "coordinates": [[[76.975, 10.975], [76.97999999999999, 10.975], [76.97999999999999, 10.98], [76.975, 10.98], [76.975, 10.975]]]}}, {"type": "Feature", "properties": {"nearest_m": 427.3, "band": "400–800 m"}, "geometry": {"type": "Polygon", "coordinates": [[[76.99, 10.975], [76.99499999999999, 10.975], [76.99499999999999, 10.98], [76.99, 10.98], [76.99, 10.975]]]}}, {"type": "Feature", "properties": {"nearest_m": 257.9, "band": "0–400 m"}, "geometry": {"type": "Polygon", "coordinates": [[[76.99499999999999, 10.975], [76.99999999999999, 10.975], [76.99999999999999, 10.98], [76.99499999999999, 10.98], [76.99499999999999, 10.975]]]}}, {"type": "Feature", "properties": {"nearest_m": 426.6, "band": "400–800 m"}, "geometry": {"type": "Polygon", "coordinates": [[[77.0, 10.975], [77.005, 10.975], [77.005, 10.98], [77.0, 10.98], [77.0, 10.975]]]}}, {"type": "Feature", "properties": {"nearest_m": 636.1, "band": "400–800 m"}, "geometry": {"type": "Polygon", "coordinates": [[[77.05, 10.975], [77.05499999999999, 10.975], [77.05499999999999, 10.98], [77.05, 10.98], [77.05, 10.975]]]}}, {"type": "Feature", "properties": {"nearest_m": 186.0, "band": "0–400 m"}, "geometry": {"type": "Polygon", "coordinates": [[[77.05499999999999, 10.975], [77.05999999999999, 10.975], [77.05999999999999, 10.98], [77.05499999999999, 10.98], [77.05499999999999, 10.975]]]}}, {"type": "Feature", "properties": {"nearest_m": 511.5, "band": "400–800 m"}, "geometry": {"type": "Polygon", "coordinates": [[[77.05999999999999, 10.975], [77.06499999999998, 10.975], [77.06499999999998, 10.98], [77.05999999999999, 10.98], [77.05999999999999, 10.975]]]}}, {"type": "Feature", "properties": {"nearest_m": 376.2, "band": "0–400 m"}, "geometry": {"type": "Polygon", "coordinates": [[[76.945, 10.969999999999999], [76.94999999999999, 10.969999999999999], [76.94999999999999, 10.975], [76.945, 10.975], [76.945, 10.969999999999999]]]}}, {"type": "Feature", "properties": {"nearest_m": 332.9, "band": "0–400 m"}, "geometry": {"type": "Polygon", "coordinates": [[[76.94999999999999, 10.969999999999999], [76.95499999999998, 10.969999999999999], [76.95499999999998, 10.975], [76.94999999999999, 10.975], [76.94999999999999, 10.969999999999999]]]}}, {"type": "Feature", "properties": {"nearest_m": 278.4, "band": "0–400 m"}, "geometry": {"type": "Polygon", "coordinates": [[[76.955, 10.969999999999999], [76.96, 10.969999999999999], [76.96, 10.975], [76.955, 10.975], [76.955, 10.969999999999999]]]}}, {"type": "Feature", "properties": {"nearest_m": 368.0, "band": "0–400 m"}, "geometry": {"type": "Polygon", "coordinates": [[[76.96, 10.969999999999999], [76.96499999999999, 10.969999999999999], [76.96499999999999, 10.975], [76.96, 10.975], [76.96, 10.969999999999999]]]}}, {"type": "Feature", "properties": {"nearest_m": 172.9, "band": "0–400 m"}, "geometry": {"type": "Polygon", "coordinates": [[[76.96499999999999, 10.969999999999999], [76.96999999999998, 10.969999999999999], [76.96999999999998, 10.975], [76.96499999999999, 10.975], [76.96499999999999, 10.969999999999999]]]}}, {"type": "Feature", "properties": {"nearest_m": 219.7, "band": "0–400 m"}, "geometry": {"type": "Polygon", "coordinates": [[[76.97, 10.969999999999999], [76.975, 10.969999999999999], [76.975, 10.975], [76.97, 10.975], [76.97, 10.969999999999999]]]}}, {"type": "Feature", "properties": {"nearest_m": 354.0, "band": "0–400 m"}, "geometry": {"type": "Polygon", "coordinates": [[[76.975, 10.969999999999999], [76.97999999999999, 10.969999999999999], [76.97999999999999, 10.975], [76.975, 10.975], [76.975, 10.969999999999999]]]}}, {"type": "Feature", "properties": {"nearest_m": 597.2, "band": "400–800 m"}, "geometry": {"type": "Polygon", "coordinates": [[[76.97999999999999, 10.969999999999999], [76.98499999999999, 10.969999999999999], [76.98499999999999, 10.975], [76.97999999999999, 10.975], [76.97999999999999, 10.969999999999999]]]}}, {"type": "Feature", "properties": {"nearest_m": 679.7, "band": "400–800 m"}, "geometry": {"type": "Polygon", "coordinates": [[[76.985, 10.969999999999999], [76.99, 10.969999999999999], [76.99, 10.975], [76.985, 10.975], [76.985, 10.969999999999999]]]}}, {"type": "Feature", "properties": {"nearest_m": 523.0, "band": "400–800 m"}, "geometry": {"type": "Polygon", "coordinates": [[[76.99, 10.969999999999999], [76.99499999999999, 10.969999999999999], [76.99499999999999, 10.975], [76.99, 10.975], [76.99, 10.969999999999999]]]}}, {"type": "Feature", "properties": {"nearest_m": 396.8, "band": "0–400 m"}, "geometry": {"type": "Polygon", "coordinates": [[[76.99499999999999, 10.969999999999999], [76.99999999999999, 10.969999999999999], [76.99999999999999, 10.975], [76.99499999999999, 10.975], [76.99499999999999, 10.969999999999999]]]}}, {"type": "Feature", "properties": {"nearest_m": 387.9, "band": "0–400 m"}, "geometry": {"type": "Polygon", "coordinates": [[[77.0, 10.969999999999999], [77.005, 10.969999999999999], [77.005, 10.975], [77.0, 10.975], [77.0, 10.969999999999999]]]}}, {"type": "Feature", "properties": {"nearest_m": 625.7, "band": "400–800 m"}, "geometry": {"type": "Polygon", "coordinates": [[[77.005, 10.969999999999999], [77.00999999999999, 10.969999999999999], [77.00999999999999, 10.975], [77.005, 10.975], [77.005, 10.969999999999999]]]}}, {"type": "Feature", "properties": {"nearest_m": 571.5, "band": "400–800 m"}, "geometry": {"type": "Polygon", "coordinates": [[[77.04499999999999, 10.969999999999999], [77.04999999999998, 10.969999999999999], [77.04999999999998, 10.975], [77.04499999999999, 10.975], [77.04499999999999, 10.969999999999999]]]}}, {"type": "Feature", "properties": {"nearest_m": 245.8, "band": "0–400 m"}, "geometry": {"type": "Polygon", "coordinates": [[[77.05, 10.969999999999999], [77.05499999999999, 10.969999999999999], [77.05499999999999, 10.975], [77.05, 10.975], [77.05, 10.969999999999999]]]}}, {"type": "Feature", "properties": {"nearest_m": 388.1, "band": "0–400 m"}, "geometry": {"type": "Polygon", "coordinates": [[[77.05499999999999, 10.969999999999999], [77.05999999999999, 10.969999999999999], [77.05999999999999, 10.975], [77.05499999999999, 10.975], [77.05499999999999, 10.969999999999999]]]}}, {"type": "Feature", "properties": {"nearest_m": 614.5, "band": "400–800 m"}, "geometry": {"type": "Polygon", "coordinates": [[[77.05999999999999, 10.969999999999999], [77.06499999999998, 10.969999999999999], [77.06499999999998, 10.975], [77.05999999999999, 10.975], [77.05999999999999, 10.969999999999999]]]}}, {"type": "Feature", "properties": {"nearest_m": 662.6, "band": "400–800 m"}, "geometry": {"type": "Polygon", "coordinates": [[[76.88999999999999, 10.965], [76.89499999999998, 10.965], [76.89499999999998, 10.97], [76.88999999999999, 10.97], [76.88999999999999, 10.965]]]}}, {"type": "Feature", "properties": {"nearest_m": 475.2, "band": "400–800 m"}, "geometry": {"type": "Polygon", "coordinates": [[[76.895, 10.965], [76.89999999999999, 10.965], [76.89999999999999, 10.97], [76.895, 10.97], [76.895, 10.965]]]}}, {"type": "Feature", "properties": {"nearest_m": 780.8, "band": "400–800 m"}, "geometry": {"type": "Polygon", "coordinates": [[[76.89999999999999, 10.965], [76.90499999999999, 10.965], [76.90499999999999, 10.97], [76.89999999999999, 10.97], [76.89999999999999, 10.965]]]}}, {"type": "Feature", "properties": {"nearest_m": 661.5, "band": "400–800 m"}, "geometry": {"type": "Polygon", "coordinates": [[[76.93499999999999, 10.965], [76.93999999999998, 10.965], [76.93999999999998, 10.97], [76.93499999999999, 10.97], [76.93499999999999, 10.965]]]}}, {"type": "Feature", "properties": {"nearest_m": 260.6, "band": "0–400 m"}, "geometry": {"type": "Polygon", "coordinates": [[[76.94, 10.965], [76.945, 10.965], [76.945, 10.97], [76.94, 10.97], [76.94, 10.965]]]}}, {"type": "Feature", "properties": {"nearest_m": 269.9, "band": "0–400 m"}, "geometry": {"type": "Polygon", "coordinates": [[[76.945, 10.965], [76.94999999999999, 10.965], [76.94999999999999, 10.97], [76.945, 10.97], [76.945, 10.965]]]}}, {"type": "Feature", "properties": {"nearest_m": 47.4, "band": "0–400 m"}, "geometry": {"type": "Polygon", "coordinates": [[[76.94999999999999, 10.965], [76.95499999999998, 10.965], [76.95499999999998, 10.97], [76.94999999999999, 10.97], [76.94999999999999, 10.965]]]}}, {"type": "Feature", "properties": {"nearest_m": 91.8, "band": "0–400 m"}, "geometry": {"type": "Polygon", "coordinates": [[[76.955, 10.965], [76.96, 10.965], [76.96, 10.97], [76.955, 10.97], [76.955, 10.965]]]}}, {"type": "Feature", "properties": {"nearest_m": 614.1, "band": "400–800 m"}, "geometry": {"type": "Polygon", "coordinates": [[[76.96, 10.965], [76.96499999999999, 10.965], [76.96499999999999, 10.97], [76.96, 10.97], [76.96, 10.965]]]}}, {"type": "Feature", "properties": {"nearest_m": 447.6, "band": "400–800 m"}, "geometry": {"type": "Polygon", "coordinates": [[[76.96499999999999, 10.965], [76.96999999999998, 10.965], [76.96999999999998, 10.97], [76.96499999999999, 10.97], [76.96499999999999, 10.965]]]}}, {"type": "Feature", "properties": {"nearest_m": 289.0, "band": "0–400 m"}, "geometry": {"type": "Polygon", "coordinates": [[[76.97, 10.965], [76.975, 10.965], [76.975, 10.97], [76.97, 10.97], [76.97, 10.965]]]}}, {"type": "Feature", "properties": {"nearest_m": 71.7, "band": "0–400 m"}, "geometry": {"type": "Polygon", "coordinates": [[[76.975, 10.965], [76.97999999999999, 10.965], [76.97999999999999, 10.97], [76.975, 10.97], [76.975, 10.965]]]}}, {"type": "Feature", "properties": {"nearest_m": 247.4, "band": "0–400 m"}, "geometry": {"type": "Polygon", "coordinates": [[[76.97999999999999, 10.965], [76.98499999999999, 10.965], [76.98499999999999, 10.97], [76.97999999999999, 10.97], [76.97999999999999, 10.965]]]}}, {"type": "Feature", "properties": {"nearest_m": 130.5, "band": "0–400 m"}, "geometry": {"type": "Polygon", "coordinates": [[[76.985, 10.965], [76.99, 10.965], [76.99, 10.97], [76.985, 10.97], [76.985, 10.965]]]}}, {"type": "Feature", "properties": {"nearest_m": 606.5, "band": "400–800 m"}, "geometry": {"type": "Polygon", "coordinates": [[[76.99, 10.965], [76.99499999999999, 10.965], [76.99499999999999, 10.97], [76.99, 10.97], [76.99, 10.965]]]}}, {"type": "Feature", "properties": {"nearest_m": 623.2, "band": "400–800 m"}, "geometry": {"type": "Polygon", "coordinates": [[[76.99499999999999, 10.965], [76.99999999999999, 10.965], [76.99999999999999, 10.97], [76.99499999999999, 10.97], [76.99499999999999, 10.965]]]}}, {"type": "Feature", "properties": {"nearest_m": 180.2, "band": "0–400 m"}, "geometry": {"type": "Polygon", "coordinates": [[[77.0, 10.965], [77.005, 10.965], [77.005, 10.97], [77.0, 10.97], [77.0, 10.965]]]}}, {"type": "Feature", "properties": {"nearest_m": 212.8, "band": "0–400 m"}, "geometry": {"type": "Polygon", "coordinates": [[[77.005, 10.965], [77.00999999999999, 10.965], [77.00999999999999, 10.97], [77.005, 10.97], [77.005, 10.965]]]}}, {"type": "Feature", "properties": {"nearest_m": 728.7, "band": "400–800 m"}, "geometry": {"type": "Polygon", "coordinates": [[[77.00999999999999, 10.965], [77.01499999999999, 10.965], [77.01499999999999, 10.97], [77.00999999999999, 10.97], [77.00999999999999, 10.965]]]}}, {"type": "Feature", "properties": {"nearest_m": 604.0, "band": "400–800 m"}, "geometry": {"type": "Polygon", "coordinates": [[[77.04499999999999, 10.965], [77.04999999999998, 10.965], [77.04999999999998, 10.97], [77.04499999999999, 10.97], [77.04499999999999, 10.965]]]}}, {"type": "Feature", "properties": {"nearest_m": 314.0, "band": "0–400 m"}, "geometry": {"type": "Polygon", "coordinates": [[[77.05, 10.965], [77.05499999999999, 10.965], [77.05499999999999, 10.97], [77.05, 10.97], [77.05, 10.965]]]}}, {"type": "Feature", "properties": {"nearest_m": 655.3, "band": "400–800 m"}, "geometry": {"type": "Polygon", "coordinates": [[[77.05499999999999, 10.965], [77.05999999999999, 10.965], [77.05999999999999, 10.97], [77.05499999999999, 10.97], [77.05499999999999, 10.965]]]}}, {"type": "Feature", "properties": {"nearest_m": 476.4, "band": "400–800 m"}, "geometry": {"type": "Polygon", "coordinates": [[[76.88999999999999, 10.959999999999999], [76.89499999999998, 10.959999999999999], [76.89499999999998, 10.965], [76.88999999999999, 10.965], [76.88999999999999, 10.959999999999999]]]}}, {"type": "Feature", "properties": {"nearest_m": 117.5, "band": "0–400 m"}, "geometry": {"type": "Polygon", "coordinates": [[[76.895, 10.959999999999999], [76.89999999999999, 10.959999999999999], [76.89999999999999, 10.965], [76.895, 10.965], [76.895, 10.959999999999999]]]}}, {"type": "Feature", "properties": {"nearest_m": 630.6, "band": "400–800 m"}, "geometry": {"type": "Polygon", "coordinates": [[[76.89999999999999, 10.959999999999999], [76.90499999999999, 10.959999999999999], [76.90499999999999, 10.965], [76.89999999999999, 10.965], [76.89999999999999, 10.959999999999999]]]}}, {"type": "Feature", "properties": {"nearest_m": 751.7, "band": "400–800 m"}, "geometry": {"type": "Polygon", "coordinates": [[[76.91999999999999, 10.959999999999999], [76.92499999999998, 10.959999999999999], [76.92499999999998, 10.965], [76.91999999999999, 10.965], [76.91999999999999, 10.959999999999999]]]}}, {"type": "Feature", "properties": {"nearest_m": 683.0, "band": "400–800 m"}, "geometry": {"type": "Polygon", "coordinates": [[[76.93499999999999, 10.959999999999999], [76.93999999999998, 10.959999999999999], [76.93999999999998, 10.965], [76.93499999999999, 10.965], [76.93499999999999, 10.959999999999999]]]}}, {"type": "Feature", "properties": {"nearest_m": 311.2, "band": "0–400 m"}, "geometry": {"type": "Polygon", "coordinates": [[[76.94, 10.959999999999999], [76.945, 10.959999999999999], [76.945, 10.965], [76.94, 10.965], [76.94, 10.959999999999999]]]}}, {"type": "Feature", "properties": {"nearest_m": 286.8, "band": "0–400 m"}, "geometry": {"type": "Polygon", "coordinates": [[[76.945, 10.959999999999999], [76.94999999999999, 10.959999999999999], [76.94999999999999, 10.965], [76.945, 10.965], [76.945, 10.959999999999999]]]}}, {"type": "Feature", "properties": {"nearest_m": 345.6, "band": "0–400 m"}, "geometry": {"type": "Polygon", "coordinates": [[[76.94999999999999, 10.959999999999999], [76.95499999999998, 10.959999999999999], [76.95499999999998, 10.965], [76.94999999999999, 10.965], [76.94999999999999, 10.959999999999999]]]}}, {"type": "Feature", "properties": {"nearest_m": 30.7, "band": "0–400 m"}, "geometry": {"type": "Polygon", "coordinates": [[[76.955, 10.959999999999999], [76.96, 10.959999999999999], [76.96, 10.965], [76.955, 10.965], [76.955, 10.959999999999999]]]}}, {"type": "Feature", "properties": {"nearest_m": 281.2, "band": "0–400 m"}, "geometry": {"type": "Polygon", "coordinates": [[[76.96, 10.959999999999999], [76.96499999999999, 10.959999999999999], [76.96499999999999, 10.965], [76.96, 10.965], [76.96, 10.959999999999999]]]}}, {"type": "Feature", "properties": {"nearest_m": 216.6, "band": "0–400 m"}, "geometry": {"type": "Polygon", "coordinates": [[[76.96499999999999, 10.959999999999999], [76.96999999999998, 10.959999999999999], [76.96999999999998, 10.965], [76.96499999999999, 10.965], [76.96499999999999, 10.959999999999999]]]}}, {"type": "Feature", "properties": {"nearest_m": 206.7, "band": "0–400 m"}, "geometry": {"type": "Polygon", "coordinates": [[[76.97, 10.959999999999999], [76.975, 10.959999999999999], [76.975, 10.965], [76.97, 10.965], [76.97, 10.959999999999999]]]}}, {"type": "Feature", "properties": {"nearest_m": 419.2, "band": "400–800 m"}, "geometry": {"type": "Polygon", "coordinates": [[[76.975, 10.959999999999999], [76.97999999999999, 10.959999999999999], [76.97999999999999, 10.965], [76.975, 10.965], [76.975, 10.959999999999999]]]}}, {"type": "Feature", "properties": {"nearest_m": 296.4, "band": "0–400 m"}, "geometry": {"type": "Polygon", "coordinates": [[[76.97999999999999, 10.959999999999999], [76.98499999999999, 10.959999999999999], [76.98499999999999, 10.965], [76.97999999999999, 10.965], [76.97999999999999, 10.959999999999999]]]}}, {"type": "Feature", "properties": {"nearest_m": 102.0, "band": "0–400 m"}, "geometry": {"type": "Polygon", "coordinates": [[[76.985, 10.959999999999999], [76.99, 10.959999999999999], [76.99, 10.965], [76.985, 10.965], [76.985, 10.959999999999999]]]}}, {"type": "Feature", "properties": {"nearest_m": 631.1, "band": "400–800 m"}, "geometry": {"type": "Polygon", "coordinates": [[[76.99, 10.959999999999999], [76.99499999999999, 10.959999999999999], [76.99499999999999, 10.965], [76.99, 10.965], [76.99, 10.959999999999999]]]}}, {"type": "Feature", "properties": {"nearest_m": 430.2, "band": "400–800 m"}, "geometry": {"type": "Polygon", "coordinates": [[[77.0, 10.959999999999999], [77.005, 10.959999999999999], [77.005, 10.965], [77.0, 10.965], [77.0, 10.959999999999999]]]}}, {"type": "Feature", "properties": {"nearest_m": 437.7, "band": "400–800 m"}, "geometry": {"type": "Polygon", "coordinates": [[[77.005, 10.959999999999999], [77.00999999999999, 10.959999999999999], [77.00999999999999, 10.965], [77.005, 10.965], [77.005, 10.959999999999999]]]}}, {"type": "Feature", "properties": {"nearest_m": 796.6, "band": "400–800 m"}, "geometry": {"type": "Polygon", "coordinates": [[[76.88999999999999, 10.955], [76.89499999999998, 10.955], [76.89499999999998, 10.96], [76.88999999999999, 10.96], [76.88999999999999, 10.955]]]}}, {"type": "Feature", "properties": {"nearest_m": 649.1, "band": "400–800 m"}, "geometry": {"type": "Polygon", "coordinates": [[[76.895, 10.955], [76.89999999999999, 10.955], [76.89999999999999, 10.96], [76.895, 10.96], [76.895, 10.955]]]}}, {"type": "Feature", "properties": {"nearest_m": 657.7, "band": "400–800 m"}, "geometry": {"type": "Polygon", "coordinates": [[[76.91499999999999, 10.955], [76.91999999999999, 10.955], [76.91999999999999, 10.96], [76.91499999999999, 10.96], [76.91499999999999, 10.955]]]}}, {"type": "Feature", "properties": {"nearest_m": 249.7, "band": "0–400 m"}, "geometry": {"type": "Polygon", "coordinates": [[[76.91999999999999, 10.955], [76.92499999999998, 10.955], [76.92499999999998, 10.96], [76.91999999999999, 10.96], [76.91999999999999, 10.955]]]}}, {"type": "Feature", "properties": {"nearest_m": 405.6, "band": "400–800 m"}, "geometry": {"type": "Polygon", "coordinates": [[[76.925, 10.955], [76.92999999999999, 10.955], [76.92999999999999, 10.96], [76.925, 10.96], [76.925, 10.955]]]}}, {"type": "Feature", "properties": {"nearest_m": 514.1, "band": "400–800 m"}, "geometry": {"type": "Polygon", "coordinates": [[[76.92999999999999, 10.955], [76.93499999999999, 10.955], [76.93499999999999, 10.96], [76.92999999999999, 10.96], [76.92999999999999, 10.955]]]}}, {"type": "Feature", "properties": {"nearest_m": 727.3, "band": "400–800 m"}, "geometry": {"type": "Polygon", "coordinates": [[[76.945, 10.955], [76.94999999999999, 10.955], [76.94999999999999, 10.96], [76.945, 10.96], [76.945, 10.955]]]}}, {"type": "Feature", "properties": {"nearest_m": 199.8, "band": "0–400 m"}, "geometry": {"type": "Polygon", "coordinates": [[[76.94999999999999, 10.955], [76.95499999999998, 10.955], [76.95499999999998, 10.96], [76.94999999999999, 10.96], [76.94999999999999, 10.955]]]}}, {"type": "Feature", "properties": {"nearest_m": 345.8, "band": "0–400 m"}, "geometry": {"type": "Polygon", "coordinates": [[[76.955, 10.955], [76.96, 10.955], [76.96, 10.96], [76.955, 10.96], [76.955, 10.955]]]}}, {"type": "Feature", "properties": {"nearest_m": 150.4, "band": "0–400 m"}, "geometry": {"type": "Polygon", "coordinates": [[[76.96, 10.955], [76.96499999999999, 10.955], [76.96499999999999, 10.96], [76.96, 10.96], [76.96, 10.955]]]}}, {"type": "Feature", "properties": {"nearest_m": 395.7, "band": "0–400 m"}, "geometry": {"type": "Polygon", "coordinates": [[[76.96499999999999, 10.955], [76.96999999999998, 10.955], [76.96999999999998, 10.96], [76.96499999999999, 10.96], [76.96499999999999, 10.955]]]}}, {"type": "Feature", "properties": {"nearest_m": 45.6, "band": "0–400 m"}, "geometry": {"type": "Polygon", "coordinates": [[[76.97, 10.955], [76.975, 10.955], [76.975, 10.96], [76.97, 10.96], [76.97, 10.955]]]}}, {"type": "Feature", "properties": {"nearest_m": 224.1, "band": "0–400 m"}, "geometry": {"type": "Polygon", "coordinates": [[[76.975, 10.955], [76.97999999999999, 10.955], [76.97999999999999, 10.96], [76.975, 10.96], [76.975, 10.955]]]}}, {"type": "Feature", "properties": {"nearest_m": 428.5, "band": "400–800 m"}, "geometry": {"type": "Polygon", "coordinates": [[[76.97999999999999, 10.955], [76.98499999999999, 10.955], [76.98499999999999, 10.96], [76.97999999999999, 10.96], [76.97999999999999, 10.955]]]}}, {"type": "Feature", "properties": {"nearest_m": 108.2, "band": "0–400 m"}, "geometry": {"type": "Polygon", "coordinates": [[[76.985, 10.955], [76.99, 10.955], [76.99, 10.96], [76.985, 10.96], [76.985, 10.955]]]}}, {"type": "Feature", "properties": {"nearest_m": 374.2, "band": "0–400 m"}, "geometry": {"type": "Polygon", "coordinates": [[[76.99, 10.955], [76.99499999999999, 10.955], [76.99499999999999, 10.96], [76.99, 10.96], [76.99, 10.955]]]}}, {"type": "Feature", "properties": {"nearest_m": 450.3, "band": "400–800 m"}, "geometry": {"type": "Polygon", "coordinates": [[[76.91499999999999, 10.95], [76.91999999999999, 10.95], [76.91999999999999, 10.955], [76.91499999999999, 10.955], [76.91499999999999, 10.95]]]}}, {"type": "Feature", "properties": {"nearest_m": 124.6, "band": "0–400 m"}, "geometry": {"type": "Polygon", "coordinates": [[[76.91999999999999, 10.95], [76.92499999999998, 10.95], [76.92499999999998, 10.955], [76.91999999999999, 10.955], [76.91999999999999, 10.95]]]}}, {"type": "Feature", "properties": {"nearest_m": 305.6, "band": "0–400 m"}, "geometry": {"type": "Polygon", "coordinates": [[[76.925, 10.95], [76.92999999999999, 10.95], [76.92999999999999, 10.955], [76.925, 10.955], [76.925, 10.95]]]}}, {"type": "Feature", "properties": {"nearest_m": 287.2, "band": "0–400 m"}, "geometry": {"type": "Polygon", "coordinates": [[[76.92999999999999, 10.95], [76.93499999999999, 10.95], [76.93499999999999, 10.955], [76.92999999999999, 10.955], [76.92999999999999, 10.95]]]}}, {"type": "Feature", "properties": {"nearest_m": 457.0, "band": "400–800 m"}, "geometry": {"type": "Polygon", "coordinates": [[[76.93499999999999, 10.95], [76.93999999999998, 10.95], [76.93999999999998, 10.955], [76.93499999999999, 10.955], [76.93499999999999, 10.95]]]}}, {"type": "Feature", "properties": {"nearest_m": 505.9, "band": "400–800 m"}, "geometry": {"type": "Polygon", "coordinates": [[[76.945, 10.95], [76.94999999999999, 10.95], [76.94999999999999, 10.955], [76.945, 10.955], [76.945, 10.95]]]}}, {"type": "Feature", "properties": {"nearest_m": 40.7, "band": "0–400 m"}, "geometry": {"type": "Polygon", "coordinates": [[[76.94999999999999, 10.95], [76.95499999999998, 10.95], [76.95499999999998, 10.955], [76.94999999999999, 10.955], [76.94999999999999, 10.95]]]}}, {"type": "Feature", "properties": {"nearest_m": 208.9, "band": "0–400 m"}, "geometry": {"type": "Polygon", "coordinates": [[[76.955, 10.95], [76.96, 10.95], [76.96, 10.955], [76.955, 10.955], [76.955, 10.95]]]}}, {"type": "Feature", "properties": {"nearest_m": 176.0, "band": "0–400 m"}, "geometry": {"type": "Polygon", "coordinates": [[[76.96, 10.95], [76.96499999999999, 10.95], [76.96499999999999, 10.955], [76.96, 10.955], [76.96, 10.95]]]}}, {"type": "Feature", "properties": {"nearest_m": 580.9, "band": "400–800 m"}, "geometry": {"type": "Polygon", "coordinates": [[[76.96499999999999, 10.95], [76.96999999999998, 10.95], [76.96999999999998, 10.955], [76.96499999999999, 10.955], [76.96499999999999, 10.95]]]}}, {"type": "Feature", "properties": {"nearest_m": 76.7, "band": "0–400 m"}, "geometry": {"type": "Polygon", "coordinates": [[[76.97, 10.95], [76.975, 10.95], [76.975, 10.955], [76.97, 10.955], [76.97, 10.95]]]}}, {"type": "Feature", "properties": {"nearest_m": 180.7, "band": "0–400 m"}, "geometry": {"type": "Polygon", "coordinates": [[[76.975, 10.95], [76.97999999999999, 10.95], [76.97999999999999, 10.955], [76.975, 10.955], [76.975, 10.95]]]}}, {"type": "Feature", "properties": {"nearest_m": 536.0, "band": "400–800 m"}, "geometry": {"type": "Polygon", "coordinates": [[[76.97999999999999, 10.95], [76.98499999999999, 10.95], [76.98499999999999, 10.955], [76.97999999999999, 10.955], [76.97999999999999, 10.95]]]}}, {"type": "Feature", "properties": {"nearest_m": 316.7, "band": "0–400 m"}, "geometry": {"type": "Polygon", "coordinates": [[[76.985, 10.95], [76.99, 10.95], [76.99, 10.955], [76.985, 10.955], [76.985, 10.95]]]}}, {"type": "Feature", "properties": {"nearest_m": 425.7, "band": "400–800 m"}, "geometry": {"type": "Polygon", "coordinates": [[[76.99, 10.95], [76.99499999999999, 10.95], [76.99499999999999, 10.955], [76.99, 10.955], [76.99, 10.95]]]}}, {"type": "Feature", "properties": {"nearest_m": 397.6, "band": "0–400 m"}, "geometry": {"type": "Polygon", "coordinates": [[[76.895, 10.944999999999999], [76.89999999999999, 10.944999999999999], [76.89999999999999, 10.95], [76.895, 10.95], [76.895, 10.944999999999999]]]}}, {"type": "Feature", "properties": {"nearest_m": 444.8, "band": "400–800 m"}, "geometry": {"type": "Polygon", "coordinates": [[[76.89999999999999, 10.944999999999999], [76.90499999999999, 10.944999999999999], [76.90499999999999, 10.95], [76.89999999999999, 10.95], [76.89999999999999, 10.944999999999999]]]}}, {"type": "Feature", "properties": {"nearest_m": 769.8, "band": "400–800 m"}, "geometry": {"type": "Polygon", "coordinates": [[[76.91499999999999, 10.944999999999999], [76.91999999999999, 10.944999999999999], [76.91999999999999, 10.95], [76.91499999999999, 10.95], [76.91499999999999, 10.944999999999999]]]}}, {"type": "Feature", "properties": {"nearest_m": 636.7, "band": "400–800 m"}, "geometry": {"type": "Polygon", "coordinates": [[[76.91999999999999, 10.944999999999999], [76.92499999999998, 10.944999999999999], [76.92499999999998, 10.95], [76.91999999999999, 10.95], [76.91999999999999, 10.944999999999999]]]}}, {"type": "Feature", "properties": {"nearest_m": 285.2, "band": "0–400 m"}, "geometry": {"type": "Polygon", "coordinates": [[[76.925, 10.944999999999999], [76.92999999999999, 10.944999999999999], [76.92999999999999, 10.95], [76.925, 10.95], [76.925, 10.944999999999999]]]}}, {"type": "Feature", "properties": {"nearest_m": 360.0, "band": "0–400 m"}, "geometry": {"type": "Polygon", "coordinates": [[[76.92999999999999, 10.944999999999999], [76.93499999999999, 10.944999999999999], [76.93499999999999, 10.95], [76.92999999999999, 10.95], [76.92999999999999, 10.944999999999999]]]}}, {"type": "Feature", "properties": {"nearest_m": 179.3, "band": "0–400 m"}, "geometry": {"type": "Polygon", "coordinates": [[[76.93499999999999, 10.944999999999999], [76.93999999999998, 10.944999999999999], [76.93999999999998, 10.95], [76.93499999999999, 10.95], [76.93499999999999, 10.944999999999999]]]}}, {"type": "Feature", "properties": {"nearest_m": 510.5, "band": "400–800 m"}, "geometry": {"type": "Polygon", "coordinates": [[[76.94, 10.944999999999999], [76.945, 10.944999999999999], [76.945, 10.95], [76.94, 10.95], [76.94, 10.944999999999999]]]}}, {"type": "Feature", "properties": {"nearest_m": 755.4, "band": "400–800 m"}, "geometry": {"type": "Polygon", "coordinates": [[[76.945, 10.944999999999999], [76.94999999999999, 10.944999999999999], [76.94999999999999, 10.95], [76.945, 10.95], [76.945, 10.944999999999999]]]}}, {"type": "Feature", "properties": {"nearest_m": 562.4, "band": "400–800 m"}, "geometry": {"type": "Polygon", "coordinates": [[[76.94999999999999, 10.944999999999999], [76.95499999999998, 10.944999999999999], [76.95499999999998, 10.95], [76.94999999999999, 10.95], [76.94999999999999, 10.944999999999999]]]}}, {"type": "Feature", "properties": {"nearest_m": 704.2, "band": "400–800 m"}, "geometry": {"type": "Polygon", "coordinates": [[[76.955, 10.944999999999999], [76.96, 10.944999999999999], [76.96, 10.95], [76.955, 10.95], [76.955, 10.944999999999999]]]}}, {"type": "Feature", "properties": {"nearest_m": 715.3, "band": "400–800 m"}, "geometry": {"type": "Polygon", "coordinates": [[[76.96, 10.944999999999999], [76.96499999999999, 10.944999999999999], [76.96499999999999, 10.95], [76.96, 10.95], [76.96, 10.944999999999999]]]}}, {"type": "Feature", "properties": {"nearest_m": 566.3, "band": "400–800 m"}, "geometry": {"type": "Polygon", "coordinates": [[[76.97, 10.944999999999999], [76.975, 10.944999999999999], [76.975, 10.95], [76.97, 10.95], [76.97, 10.944999999999999]]]}}, {"type": "Feature", "properties": {"nearest_m": 142.0, "band": "0–400 m"}, "geometry": {"type": "Polygon", "coordinates": [[[76.975, 10.944999999999999], [76.97999999999999, 10.944999999999999], [76.97999999999999, 10.95], [76.975, 10.95], [76.975, 10.944999999999999]]]}}, {"type": "Feature", "properties": {"nearest_m": 544.6, "band": "400–800 m"}, "geometry": {"type": "Polygon", "coordinates": [[[76.97999999999999, 10.944999999999999], [76.98499999999999, 10.944999999999999], [76.98499999999999, 10.95], [76.97999999999999, 10.95], [76.97999999999999, 10.944999999999999]]]}}, {"type": "Feature", "properties": {"nearest_m": 788.9, "band": "400–800 m"}, "geometry": {"type": "Polygon", "coordinates": [[[77.00999999999999, 10.944999999999999], [77.01499999999999, 10.944999999999999], [77.01499999999999, 10.95], [77.00999999999999, 10.95], [77.00999999999999, 10.944999999999999]]]}}, {"type": "Feature", "properties": {"nearest_m": 784.9, "band": "400–800 m"}, "geometry": {"type": "Polygon", "coordinates": [[[77.015, 10.944999999999999], [77.02, 10.944999999999999], [77.02, 10.95], [77.015, 10.95], [77.015, 10.944999999999999]]]}}, {"type": "Feature", "properties": {"nearest_m": 335.2, "band": "0–400 m"}, "geometry": {"type": "Polygon", "coordinates": [[[76.895, 10.94], [76.89999999999999, 10.94], [76.89999999999999, 10.945], [76.895, 10.945], [76.895, 10.94]]]}}, {"type": "Feature", "properties": {"nearest_m": 390.0, "band": "0–400 m"}, "geometry": {"type": "Polygon", "coordinates": [[[76.89999999999999, 10.94], [76.90499999999999, 10.94], [76.90499999999999, 10.945], [76.89999999999999, 10.945], [76.89999999999999, 10.94]]]}}, {"type": "Feature", "properties": {"nearest_m": 796.6, "band": "400–800 m"}, "geometry": {"type": "Polygon", "coordinates": [[[76.925, 10.94], [76.92999999999999, 10.94], [76.92999999999999, 10.945], [76.925, 10.945], [76.925, 10.94]]]}}, {"type": "Feature", "properties": {"nearest_m": 331.7, "band": "0–400 m"}, "geometry": {"type": "Polygon", "coordinates": [[[76.92999999999999, 10.94], [76.93499999999999, 10.94], [76.93499999999999, 10.945], [76.92999999999999, 10.945], [76.92999999999999, 10.94]]]}}, {"type": "Feature", "properties": {"nearest_m": 133.8, "band": "0–400 m"}, "geometry": {"type": "Polygon", "coordinates": [[[76.93499999999999, 10.94], [76.93999999999998, 10.94], [76.93999999999998, 10.945], [76.93499999999999, 10.945], [76.93499999999999, 10.94]]]}}, {"type": "Feature", "properties": {"nearest_m": 288.6, "band": "0–400 m"}, "geometry": {"type": "Polygon", "coordinates": [[[76.94, 10.94], [76.945, 10.94], [76.945, 10.945], [76.94, 10.945], [76.94, 10.94]]]}}, {"type": "Feature", "properties": {"nearest_m": 235.3, "band": "0–400 m"}, "geometry": {"type": "Polygon", "coordinates": [[[76.945, 10.94], [76.94999999999999, 10.94], [76.94999999999999, 10.945], [76.945, 10.945], [76.945, 10.94]]]}}, {"type": "Feature", "properties": {"nearest_m": 589.4, "band": "400–800 m"}, "geometry": {"type": "Polygon", "coordinates": [[[76.94999999999999, 10.94], [76.95499999999998, 10.94], [76.95499999999998, 10.945], [76.94999999999999, 10.945], [76.94999999999999, 10.94]]]}}, {"type": "Feature", "properties": {"nearest_m": 546.1, "band": "400–800 m"}, "geometry": {"type": "Polygon", "coordinates": [[[76.955, 10.94], [76.96, 10.94], [76.96, 10.945], [76.955, 10.945], [76.955, 10.94]]]}}, {"type": "Feature", "properties": {"nearest_m": 360.1, "band": "0–400 m"}, "geometry": {"type": "Polygon", "coordinates": [[[76.96, 10.94], [76.96499999999999, 10.94], [76.96499999999999, 10.945], [76.96, 10.945], [76.96, 10.94]]]}}, {"type": "Feature", "properties": {"nearest_m": 747.1, "band": "400–800 m"}, "geometry": {"type": "Polygon", "coordinates": [[[76.96499999999999, 10.94], [76.96999999999998, 10.94], [76.96999999999998, 10.945], [76.96499999999999, 10.945], [76.96499999999999, 10.94]]]}}, {"type": "Feature", "properties": {"nearest_m": 524.7, "band": "400–800 m"}, "geometry": {"type": "Polygon", "coordinates": [[[76.975, 10.94], [76.97999999999999, 10.94], [76.97999999999999, 10.945], [76.975, 10.945], [76.975, 10.94]]]}}, {"type": "Feature", "properties": {"nearest_m": 187.2, "band": "0–400 m"}, "geometry": {"type": "Polygon", "coordinates": [[[76.97999999999999, 10.94], [76.98499999999999, 10.94], [76.98499999999999, 10.945], [76.97999999999999, 10.945], [76.97999999999999, 10.94]]]}}, {"type": "Feature", "properties": {"nearest_m": 625.9, "band": "400–800 m"}, "geometry": {"type": "Polygon", "coordinates": [[[76.985, 10.94], [76.99, 10.94], [76.99, 10.945], [76.985, 10.945], [76.985, 10.94]]]}}, {"type": "Feature", "properties": {"nearest_m": 660.1, "band": "400–800 m"}, "geometry": {"type": "Polygon", "coordinates": [[[76.99, 10.94], [76.99499999999999, 10.94], [76.99499999999999, 10.945], [76.99, 10.945], [76.99, 10.94]]]}}, {"type": "Feature", "properties": {"nearest_m": 332.7, "band": "0–400 m"}, "geometry": {"type": "Polygon", "coordinates": [[[77.00999999999999, 10.94], [77.01499999999999, 10.94], [77.01499999999999, 10.945], [77.00999999999999, 10.945], [77.00999999999999, 10.94]]]}}, {"type": "Feature", "properties": {"nearest_m": 323.0, "band": "0–400 m"}, "geometry": {"type": "Polygon", "coordinates": [[[77.015, 10.94], [77.02, 10.94], [77.02, 10.945], [77.015, 10.945], [77.015, 10.94]]]}}, {"type": "Feature", "properties": {"nearest_m": 683.4, "band": "400–800 m"}, "geometry": {"type": "Polygon", "coordinates": [[[77.02, 10.94], [77.02499999999999, 10.94], [77.02499999999999, 10.945], [77.02, 10.945], [77.02, 10.94]]]}}, {"type": "Feature", "properties": {"nearest_m": 485.1, "band": "400–800 m"}, "geometry": {"type": "Polygon", "coordinates": [[[76.92999999999999, 10.934999999999999], [76.93499999999999, 10.934999999999999], [76.93499999999999, 10.94], [76.92999999999999, 10.94], [76.92999999999999, 10.934999999999999]]]}}, {"type": "Feature", "properties": {"nearest_m": 112.0, "band": "0–400 m"}, "geometry": {"type": "Polygon", "coordinates": [[[76.93499999999999, 10.934999999999999], [76.93999999999998, 10.934999999999999], [76.93999999999998, 10.94], [76.93499999999999, 10.94], [76.93499999999999, 10.934999999999999]]]}}, {"type": "Feature", "properties": {"nearest_m": 337.3, "band": "0–400 m"}, "geometry": {"type": "Polygon", "coordinates": [[[76.94, 10.934999999999999], [76.945, 10.934999999999999], [76.945, 10.94], [76.94, 10.94], [76.94, 10.934999999999999]]]}}, {"type": "Feature", "properties": {"nearest_m": 296.1, "band": "0–400 m"}, "geometry": {"type": "Polygon", "coordinates": [[[76.945, 10.934999999999999], [76.94999999999999, 10.934999999999999], [76.94999999999999, 10.94], [76.945, 10.94], [76.945, 10.934999999999999]]]}}, {"type": "Feature", "properties": {"nearest_m": 384.1, "band": "0–400 m"}, "geometry": {"type": "Polygon", "coordinates": [[[76.94999999999999, 10.934999999999999], [76.95499999999998, 10.934999999999999], [76.95499999999998, 10.94], [76.94999999999999, 10.94], [76.94999999999999, 10.934999999999999]]]}}, {"type": "Feature", "properties": {"nearest_m": 61.7, "band": "0–400 m"}, "geometry": {"type": "Polygon", "coordinates": [[[76.955, 10.934999999999999], [76.96, 10.934999999999999], [76.96, 10.94], [76.955, 10.94], [76.955, 10.934999999999999]]]}}, {"type": "Feature", "properties": {"nearest_m": 247.2, "band": "0–400 m"}, "geometry": {"type": "Polygon", "coordinates": [[[76.96, 10.934999999999999], [76.96499999999999, 10.934999999999999], [76.96499999999999, 10.94], [76.96, 10.94], [76.96, 10.934999999999999]]]}}, {"type": "Feature", "properties": {"nearest_m": 699.7, "band": "400–800 m"}, "geometry": {"type": "Polygon", "coordinates": [[[76.96499999999999, 10.934999999999999], [76.96999999999998, 10.934999999999999], [76.96999999999998, 10.94], [76.96499999999999, 10.94], [76.96499999999999, 10.934999999999999]]]}}, {"type": "Feature", "properties": {"nearest_m": 694.6, "band": "400–800 m"}, "geometry": {"type": "Polygon", "coordinates": [[[76.97, 10.934999999999999], [76.975, 10.934999999999999], [76.975, 10.94], [76.97, 10.94], [76.97, 10.934999999999999]]]}}, {"type": "Feature", "properties": {"nearest_m": 341.0, "band": "0–400 m"}, "geometry": {"type": "Polygon", "coordinates": [[[76.975, 10.934999999999999], [76.97999999999999, 10.934999999999999], [76.97999999999999, 10.94], [76.975, 10.94], [76.975, 10.934999999999999]]]}}, {"type": "Feature", "properties": {"nearest_m": 380.9, "band": "0–400 m"}, "geometry": {"type": "Polygon", "coordinates": [[[76.97999999999999, 10.934999999999999], [76.98499999999999, 10.934999999999999], [76.98499999999999, 10.94], [76.97999999999999, 10.94], [76.97999999999999, 10.934999999999999]]]}}, {"type": "Feature", "properties": {"nearest_m": 428.9, "band": "400–800 m"}, "geometry": {"type": "Polygon", "coordinates": [[[76.985, 10.934999999999999], [76.99, 10.934999999999999], [76.99, 10.94], [76.985, 10.94], [76.985, 10.934999999999999]]]}}, {"type": "Feature", "properties": {"nearest_m": 156.5, "band": "0–400 m"}, "geometry": {"type": "Polygon", "coordinates": [[[76.99, 10.934999999999999], [76.99499999999999, 10.934999999999999], [76.99499999999999, 10.94], [76.99, 10.94], [76.99, 10.934999999999999]]]}}, {"type": "Feature", "properties": {"nearest_m": 679.7, "band": "400–800 m"}, "geometry": {"type": "Polygon", "coordinates": [[[76.99499999999999, 10.934999999999999], [76.99999999999999, 10.934999999999999], [76.99999999999999, 10.94], [76.99499999999999, 10.94], [76.99499999999999, 10.934999999999999]]]}}, {"type": "Feature", "properties": {"nearest_m": 467.6, "band": "400–800 m"}, "geometry": {"type": "Polygon", "coordinates": [[[77.00999999999999, 10.934999999999999], [77.01499999999999, 10.934999999999999], [77.01499999999999, 10.94], [77.00999999999999, 10.94], [77.00999999999999, 10.934999999999999]]]}}, {"type": "Feature", "properties": {"nearest_m": 460.8, "band": "400–800 m"}, "geometry": {"type": "Polygon", "coordinates": [[[77.015, 10.934999999999999], [77.02, 10.934999999999999], [77.02, 10.94], [77.015, 10.94], [77.015, 10.934999999999999]]]}}, {"type": "Feature", "properties": {"nearest_m": 131.3, "band": "0–400 m"}, "geometry": {"type": "Polygon", "coordinates": [[[77.02, 10.934999999999999], [77.02499999999999, 10.934999999999999], [77.02499999999999, 10.94], [77.02, 10.94], [77.02, 10.934999999999999]]]}}, {"type": "Feature", "properties": {"nearest_m": 523.9, "band": "400–800 m"}, "geometry": {"type": "Polygon", "coordinates": [[[77.02499999999999, 10.934999999999999], [77.02999999999999, 10.934999999999999], [77.02999999999999, 10.94], [77.02499999999999, 10.94], [77.02499999999999, 10.934999999999999]]]}}, {"type": "Feature", "properties": {"nearest_m": 557.6, "band": "400–800 m"}, "geometry": {"type": "Polygon", "coordinates": [[[76.91499999999999, 10.93], [76.91999999999999, 10.93], [76.91999999999999, 10.935], [76.91499999999999, 10.935], [76.91499999999999, 10.93]]]}}, {"type": "Feature", "properties": {"nearest_m": 320.5, "band": "0–400 m"}, "geometry": {"type": "Polygon", "coordinates": [[[76.91999999999999, 10.93], [76.92499999999998, 10.93], [76.92499999999998, 10.935], [76.91999999999999, 10.935], [76.91999999999999, 10.93]]]}}, {"type": "Feature", "properties": {"nearest_m": 543.4, "band": "400–800 m"}, "geometry": {"type": "Polygon", "coordinates": [[[76.925, 10.93], [76.92999999999999, 10.93], [76.92999999999999, 10.935], [76.925, 10.935], [76.925, 10.93]]]}}, {"type": "Feature", "properties": {"nearest_m": 730.3, "band": "400–800 m"}, "geometry": {"type": "Polygon", "coordinates": [[[76.92999999999999, 10.93], [76.93499999999999, 10.93], [76.93499999999999, 10.935], [76.92999999999999, 10.935], [76.92999999999999, 10.93]]]}}, {"type": "Feature", "properties": {"nearest_m": 648.3, "band": "400–800 m"}, "geometry": {"type": "Polygon", "coordinates": [[[76.93499999999999, 10.93], [76.93999999999998, 10.93], [76.93999999999998, 10.935], [76.93499999999999, 10.935], [76.93499999999999, 10.93]]]}}, {"type": "Feature", "properties": {"nearest_m": 775.6, "band": "400–800 m"}, "geometry": {"type": "Polygon", "coordinates": [[[76.94, 10.93], [76.945, 10.93], [76.945, 10.935], [76.94, 10.935], [76.94, 10.93]]]}}, {"type": "Feature", "properties": {"nearest_m": 758.5, "band": "400–800 m"}, "geometry": {"type": "Polygon", "coordinates": [[[76.945, 10.93], [76.94999999999999, 10.93], [76.94999999999999, 10.935], [76.945, 10.935], [76.945, 10.93]]]}}, {"type": "Feature", "properties": {"nearest_m": 556.4, "band": "400–800 m"}, "geometry": {"type": "Polygon", "coordinates": [[[76.94999999999999, 10.93], [76.95499999999998, 10.93], [76.95499999999998, 10.935], [76.94999999999999, 10.935], [76.94999999999999, 10.93]]]}}, {"type": "Feature", "properties": {"nearest_m": 461.7, "band": "400–800 m"}, "geometry": {"type": "Polygon", "coordinates": [[[76.955, 10.93], [76.96, 10.93], [76.96, 10.935], [76.955, 10.935], [76.955, 10.93]]]}}, {"type": "Feature", "properties": {"nearest_m": 247.3, "band": "0–400 m"}, "geometry": {"type": "Polygon", "coordinates": [[[76.96, 10.93], [76.96499999999999, 10.93], [76.96499999999999, 10.935], [76.96, 10.935], [76.96, 10.93]]]}}, {"type": "Feature", "properties": {"nearest_m": 519.6, "band": "400–800 m"}, "geometry": {"type": "Polygon", "coordinates": [[[76.96499999999999, 10.93], [76.96999999999998, 10.93], [76.96999999999998, 10.935], [76.96499999999999, 10.935], [76.96499999999999, 10.93]]]}}, {"type": "Feature", "properties": {"nearest_m": 303.6, "band": "0–400 m"}, "geometry": {"type": "Polygon", "coordinates": [[[76.97, 10.93], [76.975, 10.93], [76.975, 10.935], [76.97, 10.935], [76.97, 10.93]]]}}, {"type": "Feature", "properties": {"nearest_m": 81.3, "band": "0–400 m"}, "geometry": {"type": "Polygon", "coordinates": [[[76.975, 10.93], [76.97999999999999, 10.93], [76.97999999999999, 10.935], [76.975, 10.935], [76.975, 10.93]]]}}, {"type": "Feature", "properties": {"nearest_m": 307.9, "band": "0–400 m"}, "geometry": {"type": "Polygon", "coordinates": [[[76.97999999999999, 10.93], [76.98499999999999, 10.93], [76.98499999999999, 10.935], [76.97999999999999, 10.935], [76.97999999999999, 10.93]]]}}, {"type": "Feature", "properties": {"nearest_m": 490.1, "band": "400–800 m"}, "geometry": {"type": "Polygon", "coordinates": [[[76.985, 10.93], [76.99, 10.93], [76.99, 10.935], [76.985, 10.935], [76.985, 10.93]]]}}, {"type": "Feature", "properties": {"nearest_m": 306.7, "band": "0–400 m"}, "geometry": {"type": "Polygon", "coordinates": [[[76.99, 10.93], [76.99499999999999, 10.93], [76.99499999999999, 10.935], [76.99, 10.935], [76.99, 10.93]]]}}, {"type": "Feature", "properties": {"nearest_m": 388.3, "band": "0–400 m"}, "geometry": {"type": "Polygon", "coordinates": [[[76.99499999999999, 10.93], [76.99999999999999, 10.93], [76.99999999999999, 10.935], [76.99499999999999, 10.935], [76.99499999999999, 10.93]]]}}, {"type": "Feature", "properties": {"nearest_m": 599.8, "band": "400–800 m"}, "geometry": {"type": "Polygon", "coordinates": [[[77.0, 10.93], [77.005, 10.93], [77.005, 10.935], [77.0, 10.935], [77.0, 10.93]]]}}, {"type": "Feature", "properties": {"nearest_m": 791.3, "band": "400–800 m"}, "geometry": {"type": "Polygon", "coordinates": [[[77.005, 10.93], [77.00999999999999, 10.93], [77.00999999999999, 10.935], [77.005, 10.935], [77.005, 10.93]]]}}, {"type": "Feature", "properties": {"nearest_m": 770.6, "band": "400–800 m"}, "geometry": {"type": "Polygon", "coordinates": [[[77.00999999999999, 10.93], [77.01499999999999, 10.93], [77.01499999999999, 10.935], [77.00999999999999, 10.935], [77.00999999999999, 10.93]]]}}, {"type": "Feature", "properties": {"nearest_m": 602.6, "band": "400–800 m"}, "geometry": {"type": "Polygon", "coordinates": [[[77.015, 10.93], [77.02, 10.93], [77.02, 10.935], [77.015, 10.935], [77.015, 10.93]]]}}, {"type": "Feature", "properties": {"nearest_m": 388.9, "band": "0–400 m"}, "geometry": {"type": "Polygon", "coordinates": [[[77.02, 10.93], [77.02499999999999, 10.93], [77.02499999999999, 10.935], [77.02, 10.935], [77.02, 10.93]]]}}, {"type": "Feature", "properties": {"nearest_m": 666.5, "band": "400–800 m"}, "geometry": {"type": "Polygon", "coordinates": [[[77.02499999999999, 10.93], [77.02999999999999, 10.93], [77.02999999999999, 10.935], [77.02499999999999, 10.935], [77.02499999999999, 10.93]]]}}, {"type": "Feature", "properties": {"nearest_m": 464.3, "band": "400–800 m"}, "geometry": {"type": "Polygon", "coordinates": [[[76.91499999999999, 10.924999999999999], [76.91999999999999, 10.924999999999999], [76.91999999999999, 10.93], [76.91499999999999, 10.93], [76.91499999999999, 10.924999999999999]]]}}, {"type": "Feature", "properties": {"nearest_m": 176.3, "band": "0–400 m"}, "geometry": {"type": "Polygon", "coordinates": [[[76.91999999999999, 10.924999999999999], [76.92499999999998, 10.924999999999999], [76.92499999999998, 10.93], [76.91999999999999, 10.93], [76.91999999999999, 10.924999999999999]]]}}, {"type": "Feature", "properties": {"nearest_m": 57.6, "band": "0–400 m"}, "geometry": {"type": "Polygon", "coordinates": [[[76.925, 10.924999999999999], [76.92999999999999, 10.924999999999999], [76.92999999999999, 10.93], [76.925, 10.93], [76.925, 10.924999999999999]]]}}, {"type": "Feature", "properties": {"nearest_m": 491.3, "band": "400–800 m"}, "geometry": {"type": "Polygon", "coordinates": [[[76.92999999999999, 10.924999999999999], [76.93499999999999, 10.924999999999999], [76.93499999999999, 10.93], [76.92999999999999, 10.93], [76.92999999999999, 10.924999999999999]]]}}, {"type": "Feature", "properties": {"nearest_m": 431.5, "band": "400–800 m"}, "geometry": {"type": "Polygon", "coordinates": [[[76.955, 10.924999999999999], [76.96, 10.924999999999999], [76.96, 10.93], [76.955, 10.93], [76.955, 10.924999999999999]]]}}, {"type": "Feature", "properties": {"nearest_m": 310.0, "band": "0–400 m"}, "geometry": {"type": "Polygon", "coordinates": [[[76.96, 10.924999999999999], [76.96499999999999, 10.924999999999999], [76.96499999999999, 10.93], [76.96, 10.93], [76.96, 10.924999999999999]]]}}, {"type": "Feature", "properties": {"nearest_m": 281.6, "band": "0–400 m"}, "geometry": {"type": "Polygon", "coordinates": [[[76.96499999999999, 10.924999999999999], [76.96999999999998, 10.924999999999999], [76.96999999999998, 10.93], [76.96499999999999, 10.93], [76.96499999999999, 10.924999999999999]]]}}, {"type": "Feature", "properties": {"nearest_m": 105.6, "band": "0–400 m"}, "geometry": {"type": "Polygon", "coordinates": [[[76.97, 10.924999999999999], [76.975, 10.924999999999999], [76.975, 10.93], [76.97, 10.93], [76.97, 10.924999999999999]]]}}, {"type": "Feature", "properties": {"nearest_m": 483.4, "band": "400–800 m"}, "geometry": {"type": "Polygon", "coordinates": [[[76.975, 10.924999999999999], [76.97999999999999, 10.924999999999999], [76.97999999999999, 10.93], [76.975, 10.93], [76.975, 10.924999999999999]]]}}, {"type": "Feature", "properties": {"nearest_m": 453.4, "band": "400–800 m"}, "geometry": {"type": "Polygon", "coordinates": [[[76.97999999999999, 10.924999999999999], [76.98499999999999, 10.924999999999999], [76.98499999999999, 10.93], [76.97999999999999, 10.93], [76.97999999999999, 10.924999999999999]]]}}, {"type": "Feature", "properties": {"nearest_m": 714.8, "band": "400–800 m"}, "geometry": {"type": "Polygon", "coordinates": [[[76.985, 10.924999999999999], [76.99, 10.924999999999999], [76.99, 10.93], [76.985, 10.93], [76.985, 10.924999999999999]]]}}, {"type": "Feature", "properties": {"nearest_m": 652.8, "band": "400–800 m"}, "geometry": {"type": "Polygon", "coordinates": [[[76.99, 10.924999999999999], [76.99499999999999, 10.924999999999999], [76.99499999999999, 10.93], [76.99, 10.93], [76.99, 10.924999999999999]]]}}, {"type": "Feature", "properties": {"nearest_m": 195.1, "band": "0–400 m"}, "geometry": {"type": "Polygon", "coordinates": [[[76.99499999999999, 10.924999999999999], [76.99999999999999, 10.924999999999999], [76.99999999999999, 10.93], [76.99499999999999, 10.93], [76.99499999999999, 10.924999999999999]]]}}, {"type": "Feature", "properties": {"nearest_m": 497.0, "band": "400–800 m"}, "geometry": {"type": "Polygon", "coordinates": [[[77.0, 10.924999999999999], [77.005, 10.924999999999999], [77.005, 10.93], [77.0, 10.93], [77.0, 10.924999999999999]]]}}, {"type": "Feature", "properties": {"nearest_m": 349.5, "band": "0–400 m"}, "geometry": {"type": "Polygon", "coordinates": [[[77.005, 10.924999999999999], [77.00999999999999, 10.924999999999999], [77.00999999999999, 10.93], [77.005, 10.93], [77.005, 10.924999999999999]]]}}, {"type": "Feature", "properties": {"nearest_m": 299.7, "band": "0–400 m"}, "geometry": {"type": "Polygon", "coordinates": [[[77.00999999999999, 10.924999999999999], [77.01499999999999, 10.924999999999999], [77.01499999999999, 10.93], [77.00999999999999, 10.93], [77.00999999999999, 10.924999999999999]]]}}, {"type": "Feature", "properties": {"nearest_m": 499.1, "band": "400–800 m"}, "geometry": {"type": "Polygon", "coordinates": [[[77.015, 10.924999999999999], [77.02, 10.924999999999999], [77.02, 10.93], [77.015, 10.93], [77.015, 10.924999999999999]]]}}, {"type": "Feature", "properties": {"nearest_m": 192.9, "band": "0–400 m"}, "geometry": {"type": "Polygon", "coordinates": [[[77.02, 10.924999999999999], [77.02499999999999, 10.924999999999999], [77.02499999999999, 10.93], [77.02, 10.93], [77.02, 10.924999999999999]]]}}, {"type": "Feature", "properties": {"nearest_m": 649.9, "band": "400–800 m"}, "geometry": {"type": "Polygon", "coordinates": [[[77.02499999999999, 10.924999999999999], [77.02999999999999, 10.924999999999999], [77.02999999999999, 10.93], [77.02499999999999, 10.93], [77.02499999999999, 10.924999999999999]]]}}, {"type": "Feature", "properties": {"nearest_m": 402.2, "band": "400–800 m"}, "geometry": {"type": "Polygon", "coordinates": [[[76.91999999999999, 10.92], [76.92499999999998, 10.92], [76.92499999999998, 10.925], [76.91999999999999, 10.925], [76.91999999999999, 10.92]]]}}, {"type": "Feature", "properties": {"nearest_m": 528.1, "band": "400–800 m"}, "geometry": {"type": "Polygon", "coordinates": [[[76.925, 10.92], [76.92999999999999, 10.92], [76.92999999999999, 10.925], [76.925, 10.925], [76.925, 10.92]]]}}, {"type": "Feature", "properties": {"nearest_m": 754.3, "band": "400–800 m"}, "geometry": {"type": "Polygon", "coordinates": [[[76.92999999999999, 10.92], [76.93499999999999, 10.92], [76.93499999999999, 10.925], [76.92999999999999, 10.925], [76.92999999999999, 10.92]]]}}, {"type": "Feature", "properties": {"nearest_m": 712.9, "band": "400–800 m"}, "geometry": {"type": "Polygon", "coordinates": [[[76.96499999999999, 10.92], [76.96999999999998, 10.92], [76.96999999999998, 10.925], [76.96499999999999, 10.925], [76.96499999999999, 10.92]]]}}, {"type": "Feature", "properties": {"nearest_m": 660.2, "band": "400–800 m"}, "geometry": {"type": "Polygon", "coordinates": [[[76.97, 10.92], [76.975, 10.92], [76.975, 10.925], [76.97, 10.925], [76.97, 10.92]]]}}, {"type": "Feature", "properties": {"nearest_m": 480.2, "band": "400–800 m"}, "geometry": {"type": "Polygon", "coordinates": [[[76.975, 10.92], [76.97999999999999, 10.92], [76.97999999999999, 10.925], [76.975, 10.925], [76.975, 10.92]]]}}, {"type": "Feature", "properties": {"nearest_m": 66.1, "band": "0–400 m"}, "geometry": {"type": "Polygon", "coordinates": [[[76.97999999999999, 10.92], [76.98499999999999, 10.92], [76.98499999999999, 10.925], [76.97999999999999, 10.925], [76.97999999999999, 10.92]]]}}, {"type": "Feature", "properties": {"nearest_m": 494.5, "band": "400–800 m"}, "geometry": {"type": "Polygon", "coordinates": [[[76.985, 10.92], [76.99, 10.92], [76.99, 10.925], [76.985, 10.925], [76.985, 10.92]]]}}, {"type": "Feature", "properties": {"nearest_m": 461.7, "band": "400–800 m"}, "geometry": {"type": "Polygon", "coordinates": [[[76.99, 10.92], [76.99499999999999, 10.92], [76.99499999999999, 10.925], [76.99, 10.925], [76.99, 10.92]]]}}, {"type": "Feature", "properties": {"nearest_m": 738.2, "band": "400–800 m"}, "geometry": {"type": "Polygon", "coordinates": [[[76.99499999999999, 10.92], [76.99999999999999, 10.92], [76.99999999999999, 10.925], [76.99499999999999, 10.925], [76.99499999999999, 10.92]]]}}, {"type": "Feature", "properties": {"nearest_m": 751.6, "band": "400–800 m"}, "geometry": {"type": "Polygon", "coordinates": [[[77.0, 10.92], [77.005, 10.92], [77.005, 10.925], [77.0, 10.925], [77.0, 10.92]]]}}, {"type": "Feature", "properties": {"nearest_m": 267.5, "band": "0–400 m"}, "geometry": {"type": "Polygon", "coordinates": [[[77.005, 10.92], [77.00999999999999, 10.92], [77.00999999999999, 10.925], [77.005, 10.925], [77.005, 10.92]]]}}, {"type": "Feature", "properties": {"nearest_m": 418.6, "band": "400–800 m"}, "geometry": {"type": "Polygon", "coordinates": [[[77.00999999999999, 10.92], [77.01499999999999, 10.92], [77.01499999999999, 10.925], [77.00999999999999, 10.925], [77.00999999999999, 10.92]]]}}, {"type": "Feature", "properties": {"nearest_m": 736.8, "band": "400–800 m"}, "geometry": {"type": "Polygon", "coordinates": [[[77.02, 10.92], [77.02499999999999, 10.92], [77.02499999999999, 10.925], [77.02, 10.925], [77.02, 10.92]]]}}, {"type": "Feature", "properties": {"nearest_m": 560.4, "band": "400–800 m"}, "geometry": {"type": "Polygon", "coordinates": [[[77.035, 10.92], [77.03999999999999, 10.92], [77.03999999999999, 10.925], [77.035, 10.925], [77.035, 10.92]]]}}, {"type": "Feature", "properties": {"nearest_m": 764.2, "band": "400–800 m"}, "geometry": {"type": "Polygon", "coordinates": [[[77.03999999999999, 10.92], [77.04499999999999, 10.92], [77.04499999999999, 10.925], [77.03999999999999, 10.925], [77.03999999999999, 10.92]]]}}, {"type": "Feature", "properties": {"nearest_m": 693.9, "band": "400–800 m"}, "geometry": {"type": "Polygon", "coordinates": [[[76.945, 10.915], [76.94999999999999, 10.915], [76.94999999999999, 10.92], [76.945, 10.92], [76.945, 10.915]]]}}, {"type": "Feature", "properties": {"nearest_m": 772.1, "band": "400–800 m"}, "geometry": {"type": "Polygon", "coordinates": [[[76.94999999999999, 10.915], [76.95499999999998, 10.915], [76.95499999999998, 10.92], [76.94999999999999, 10.92], [76.94999999999999, 10.915]]]}}, {"type": "Feature", "properties": {"nearest_m": 775.2, "band": "400–800 m"}, "geometry": {"type": "Polygon", "coordinates": [[[76.96499999999999, 10.915], [76.96999999999998, 10.915], [76.96999999999998, 10.92], [76.96499999999999, 10.92], [76.96499999999999, 10.915]]]}}, {"type": "Feature", "properties": {"nearest_m": 774.3, "band": "400–800 m"}, "geometry": {"type": "Polygon", "coordinates": [[[76.97, 10.915], [76.975, 10.915], [76.975, 10.92], [76.97, 10.92], [76.97, 10.915]]]}}, {"type": "Feature", "properties": {"nearest_m": 601.6, "band": "400–800 m"}, "geometry": {"type": "Polygon", "coordinates": [[[76.975, 10.915], [76.97999999999999, 10.915], [76.97999999999999, 10.92], [76.975, 10.92], [76.975, 10.915]]]}}, {"type": "Feature", "properties": {"nearest_m": 332.9, "band": "0–400 m"}, "geometry": {"type": "Polygon", "coordinates": [[[76.97999999999999, 10.915], [76.98499999999999, 10.915], [76.98499999999999, 10.92], [76.97999999999999, 10.92], [76.97999999999999, 10.915]]]}}, {"type": "Feature", "properties": {"nearest_m": 64.6, "band": "0–400 m"}, "geometry": {"type": "Polygon", "coordinates": [[[76.985, 10.915], [76.99, 10.915], [76.99, 10.92], [76.985, 10.92], [76.985, 10.915]]]}}, {"type": "Feature", "properties": {"nearest_m": 172.6, "band": "0–400 m"}, "geometry": {"type": "Polygon", "coordinates": [[[76.99, 10.915], [76.99499999999999, 10.915], [76.99499999999999, 10.92], [76.99, 10.92], [76.99, 10.915]]]}}, {"type": "Feature", "properties": {"nearest_m": 685.9, "band": "400–800 m"}, "geometry": {"type": "Polygon", "coordinates": [[[76.99499999999999, 10.915], [76.99999999999999, 10.915], [76.99999999999999, 10.92], [76.99499999999999, 10.92], [76.99499999999999, 10.915]]]}}, {"type": "Feature", "properties": {"nearest_m": 399.2, "band": "0–400 m"}, "geometry": {"type": "Polygon", "coordinates": [[[77.005, 10.915], [77.00999999999999, 10.915], [77.00999999999999, 10.92], [77.005, 10.92], [77.005, 10.915]]]}}, {"type": "Feature", "properties": {"nearest_m": 512.9, "band": "400–800 m"}, "geometry": {"type": "Polygon", "coordinates": [[[77.00999999999999, 10.915], [77.01499999999999, 10.915], [77.01499999999999, 10.92], [77.00999999999999, 10.92], [77.00999999999999, 10.915]]]}}, {"type": "Feature", "properties": {"nearest_m": 656.8, "band": "400–800 m"}, "geometry": {"type": "Polygon", "coordinates": [[[77.015, 10.915], [77.02, 10.915], [77.02, 10.92], [77.015, 10.92], [77.015, 10.915]]]}}, {"type": "Feature", "properties": {"nearest_m": 683.8, "band": "400–800 m"}, "geometry": {"type": "Polygon", "coordinates": [[[77.02, 10.915], [77.02499999999999, 10.915], [77.02499999999999, 10.92], [77.02, 10.92], [77.02, 10.915]]]}}, {"type": "Feature", "properties": {"nearest_m": 572.5, "band": "400–800 m"}, "geometry": {"type": "Polygon", "coordinates": [[[77.03, 10.915], [77.035, 10.915], [77.035, 10.92], [77.03, 10.92], [77.03, 10.915]]]}}, {"type": "Feature", "properties": {"nearest_m": 26.4, "band": "0–400 m"}, "geometry": {"type": "Polygon", "coordinates": [[[77.035, 10.915], [77.03999999999999, 10.915], [77.03999999999999, 10.92], [77.035, 10.92], [77.035, 10.915]]]}}, {"type": "Feature", "properties": {"nearest_m": 520.2, "band": "400–800 m"}, "geometry": {"type": "Polygon", "coordinates": [[[77.03999999999999, 10.915], [77.04499999999999, 10.915], [77.04499999999999, 10.92], [77.03999999999999, 10.92], [77.03999999999999, 10.915]]]}}, {"type": "Feature", "properties": {"nearest_m": 699.2, "band": "400–800 m"}, "geometry": {"type": "Polygon", "coordinates": [[[76.895, 10.91], [76.89999999999999, 10.91], [76.89999999999999, 10.915000000000001], [76.895, 10.915000000000001], [76.895, 10.91]]]}}, {"type": "Feature", "properties": {"nearest_m": 785.8, "band": "400–800 m"}, "geometry": {"type": "Polygon", "coordinates": [[[76.89999999999999, 10.91], [76.90499999999999, 10.91], [76.90499999999999, 10.915000000000001], [76.89999999999999, 10.915000000000001], [76.89999999999999, 10.91]]]}}, {"type": "Feature", "properties": {"nearest_m": 724.1, "band": "400–800 m"}, "geometry": {"type": "Polygon", "coordinates": [[[76.94, 10.91], [76.945, 10.91], [76.945, 10.915000000000001], [76.94, 10.915000000000001], [76.94, 10.91]]]}}, {"type": "Feature", "properties": {"nearest_m": 204.7, "band": "0–400 m"}, "geometry": {"type": "Polygon", "coordinates": [[[76.945, 10.91], [76.94999999999999, 10.91], [76.94999999999999, 10.915000000000001], [76.945, 10.915000000000001], [76.945, 10.91]]]}}, {"type": "Feature", "properties": {"nearest_m": 395.6, "band": "0–400 m"}, "geometry": {"type": "Polygon", "coordinates": [[[76.94999999999999, 10.91], [76.95499999999998, 10.91], [76.95499999999998, 10.915000000000001], [76.94999999999999, 10.915000000000001], [76.94999999999999, 10.91]]]}}, {"type": "Feature", "properties": {"nearest_m": 773.4, "band": "400–800 m"}, "geometry": {"type": "Polygon", "coordinates": [[[76.955, 10.91], [76.96, 10.91], [76.96, 10.915000000000001], [76.955, 10.915000000000001], [76.955, 10.91]]]}}, {"type": "Feature", "properties": {"nearest_m": 557.0, "band": "400–800 m"}, "geometry": {"type": "Polygon", "coordinates": [[[76.96, 10.91], [76.96499999999999, 10.91], [76.96499999999999, 10.915000000000001], [76.96, 10.915000000000001], [76.96, 10.91]]]}}, {"type": "Feature", "properties": {"nearest_m": 322.1, "band": "0–400 m"}, "geometry": {"type": "Polygon", "coordinates": [[[76.96499999999999, 10.91], [76.96999999999998, 10.91], [76.96999999999998, 10.915000000000001], [76.96499999999999, 10.915000000000001], [76.96499999999999, 10.91]]]}}, {"type": "Feature", "properties": {"nearest_m": 319.8, "band": "0–400 m"}, "geometry": {"type": "Polygon", "coordinates": [[[76.97, 10.91], [76.975, 10.91], [76.975, 10.915000000000001], [76.97, 10.915000000000001], [76.97, 10.91]]]}}, {"type": "Feature", "properties": {"nearest_m": 496.5, "band": "400–800 m"}, "geometry": {"type": "Polygon", "coordinates": [[[76.975, 10.91], [76.97999999999999, 10.91], [76.97999999999999, 10.915000000000001], [76.975, 10.915000000000001], [76.975, 10.91]]]}}, {"type": "Feature", "properties": {"nearest_m": 115.1, "band": "0–400 m"}, "geometry": {"type": "Polygon", "coordinates": [[[76.97999999999999, 10.91], [76.98499999999999, 10.91], [76.98499999999999, 10.915000000000001], [76.97999999999999, 10.915000000000001], [76.97999999999999, 10.91]]]}}, {"type": "Feature", "properties": {"nearest_m": 455.5, "band": "400–800 m"}, "geometry": {"type": "Polygon", "coordinates": [[[76.985, 10.91], [76.99, 10.91], [76.99, 10.915000000000001], [76.985, 10.915000000000001], [76.985, 10.91]]]}}, {"type": "Feature", "properties": {"nearest_m": 669.1, "band": "400–800 m"}, "geometry": {"type": "Polygon", "coordinates": [[[76.99, 10.91], [76.99499999999999, 10.91], [76.99499999999999, 10.915000000000001], [76.99, 10.915000000000001], [76.99, 10.91]]]}}, {"type": "Feature", "properties": {"nearest_m": 788.3, "band": "400–800 m"}, "geometry": {"type": "Polygon", "coordinates": [[[77.00999999999999, 10.91], [77.01499999999999, 10.91], [77.01499999999999, 10.915000000000001], [77.00999999999999, 10.915000000000001], [77.00999999999999, 10.91]]]}}, {"type": "Feature", "properties": {"nearest_m": 246.2, "band": "0–400 m"}, "geometry": {"type": "Polygon", "coordinates": [[[77.015, 10.91], [77.02, 10.91], [77.02, 10.915000000000001], [77.015, 10.915000000000001], [77.015, 10.91]]]}}, {"type": "Feature", "properties": {"nearest_m": 311.1, "band": "0–400 m"}, "geometry": {"type": "Polygon", "coordinates": [[[77.02, 10.91], [77.02499999999999, 10.91], [77.02499999999999, 10.915000000000001], [77.02, 10.915000000000001], [77.02, 10.91]]]}}, {"type": "Feature", "properties": {"nearest_m": 796.3, "band": "400–800 m"}, "geometry": {"type": "Polygon", "coordinates": [[[77.03, 10.91], [77.035, 10.91], [77.035, 10.915000000000001], [77.03, 10.915000000000001], [77.03, 10.91]]]}}, {"type": "Feature", "properties": {"nearest_m": 554.0, "band": "400–800 m"}, "geometry": {"type": "Polygon", "coordinates": [[[77.035, 10.91], [77.03999999999999, 10.91], [77.03999999999999, 10.915000000000001], [77.035, 10.915000000000001], [77.035, 10.91]]]}}, {"type": "Feature", "properties": {"nearest_m": 745.2, "band": "400–800 m"}, "geometry": {"type": "Polygon", "coordinates": [[[77.03999999999999, 10.91], [77.04499999999999, 10.91], [77.04499999999999, 10.915000000000001], [77.03999999999999, 10.915000000000001], [77.03999999999999, 10.91]]]}}, {"type": "Feature", "properties": {"nearest_m": 713.0, "band": "400–800 m"}, "geometry": {"type": "Polygon", "coordinates": [[[76.88999999999999, 10.905], [76.89499999999998, 10.905], [76.89499999999998, 10.91], [76.88999999999999, 10.91], [76.88999999999999, 10.905]]]}}, {"type": "Feature", "properties": {"nearest_m": 199.6, "band": "0–400 m"}, "geometry": {"type": "Polygon", "coordinates": [[[76.895, 10.905], [76.89999999999999, 10.905], [76.89999999999999, 10.91], [76.895, 10.91], [76.895, 10.905]]]}}, {"type": "Feature", "properties": {"nearest_m": 410.3, "band": "400–800 m"}, "geometry": {"type": "Polygon", "coordinates": [[[76.89999999999999, 10.905], [76.90499999999999, 10.905], [76.90499999999999, 10.91], [76.89999999999999, 10.91], [76.89999999999999, 10.905]]]}}, {"type": "Feature", "properties": {"nearest_m": 724.8, "band": "400–800 m"}, "geometry": {"type": "Polygon", "coordinates": [[[76.90499999999999, 10.905], [76.90999999999998, 10.905], [76.90999999999998, 10.91], [76.90499999999999, 10.91], [76.90499999999999, 10.905]]]}}, {"type": "Feature", "properties": {"nearest_m": 768.7, "band": "400–800 m"}, "geometry": {"type": "Polygon", "coordinates": [[[76.93499999999999, 10.905], [76.93999999999998, 10.905], [76.93999999999998, 10.91], [76.93499999999999, 10.91], [76.93499999999999, 10.905]]]}}, {"type": "Feature", "properties": {"nearest_m": 704.2, "band": "400–800 m"}, "geometry": {"type": "Polygon", "coordinates": [[[76.94, 10.905], [76.945, 10.905], [76.945, 10.91], [76.94, 10.91], [76.94, 10.905]]]}}, {"type": "Feature", "properties": {"nearest_m": 471.1, "band": "400–800 m"}, "geometry": {"type": "Polygon", "coordinates": [[[76.945, 10.905], [76.94999999999999, 10.905], [76.94999999999999, 10.91], [76.945, 10.91], [76.945, 10.905]]]}}, {"type": "Feature", "properties": {"nearest_m": 139.8, "band": "0–400 m"}, "geometry": {"type": "Polygon", "coordinates": [[[76.94999999999999, 10.905], [76.95499999999998, 10.905], [76.95499999999998, 10.91], [76.94999999999999, 10.91], [76.94999999999999, 10.905]]]}}, {"type": "Feature", "properties": {"nearest_m": 380.4, "band": "0–400 m"}, "geometry": {"type": "Polygon", "coordinates": [[[76.955, 10.905], [76.96, 10.905], [76.96, 10.91], [76.955, 10.91], [76.955, 10.905]]]}}, {"type": "Feature", "properties": {"nearest_m": 427.4, "band": "400–800 m"}, "geometry": {"type": "Polygon", "coordinates": [[[76.96, 10.905], [76.96499999999999, 10.905], [76.96499999999999, 10.91], [76.96, 10.91], [76.96, 10.905]]]}}, {"type": "Feature", "properties": {"nearest_m": 251.0, "band": "0–400 m"}, "geometry": {"type": "Polygon", "coordinates": [[[76.96499999999999, 10.905], [76.96999999999998, 10.905], [76.96999999999998, 10.91], [76.96499999999999, 10.91], [76.96499999999999, 10.905]]]}}, {"type": "Feature", "properties": {"nearest_m": 468.7, "band": "400–800 m"}, "geometry": {"type": "Polygon", "coordinates": [[[76.97, 10.905], [76.975, 10.905], [76.975, 10.91], [76.97, 10.91], [76.97, 10.905]]]}}, {"type": "Feature", "properties": {"nearest_m": 263.5, "band": "0–400 m"}, "geometry": {"type": "Polygon", "coordinates": [[[76.975, 10.905], [76.97999999999999, 10.905], [76.97999999999999, 10.91], [76.975, 10.91], [76.975, 10.905]]]}}, {"type": "Feature", "properties": {"nearest_m": 21.1, "band": "0–400 m"}, "geometry": {"type": "Polygon", "coordinates": [[[76.97999999999999, 10.905], [76.98499999999999, 10.905], [76.98499999999999, 10.91], [76.97999999999999, 10.91], [76.97999999999999, 10.905]]]}}, {"type": "Feature", "properties": {"nearest_m": 565.6, "band": "400–800 m"}, "geometry": {"type": "Polygon", "coordinates": [[[76.985, 10.905], [76.99, 10.905], [76.99, 10.91], [76.985, 10.91], [76.985, 10.905]]]}}, {"type": "Feature", "properties": {"nearest_m": 774.8, "band": "400–800 m"}, "geometry": {"type": "Polygon", "coordinates": [[[76.99, 10.905], [76.99499999999999, 10.905], [76.99499999999999, 10.91], [76.99, 10.91], [76.99, 10.905]]]}}, {"type": "Feature", "properties": {"nearest_m": 540.0, "band": "400–800 m"}, "geometry": {"type": "Polygon", "coordinates": [[[76.99499999999999, 10.905], [76.99999999999999, 10.905], [76.99999999999999, 10.91], [76.99499999999999, 10.91], [76.99499999999999, 10.905]]]}}, {"type": "Feature", "properties": {"nearest_m": 761.5, "band": "400–800 m"}, "geometry": {"type": "Polygon", "coordinates": [[[77.0, 10.905], [77.005, 10.905], [77.005, 10.91], [77.0, 10.91], [77.0, 10.905]]]}}, {"type": "Feature", "properties": {"nearest_m": 556.3, "band": "400–800 m"}, "geometry": {"type": "Polygon", "coordinates": [[[77.015, 10.905], [77.02, 10.905], [77.02, 10.91], [77.015, 10.91], [77.015, 10.905]]]}}, {"type": "Feature", "properties": {"nearest_m": 587.9, "band": "400–800 m"}, "geometry": {"type": "Polygon", "coordinates": [[[77.02, 10.905], [77.02499999999999, 10.905], [77.02499999999999, 10.91], [77.02, 10.91], [77.02, 10.905]]]}}, {"type": "Feature", "properties": {"nearest_m": 518.7, "band": "400–800 m"}, "geometry": {"type": "Polygon", "coordinates": [[[77.035, 10.905], [77.03999999999999, 10.905], [77.03999999999999, 10.91], [77.035, 10.91], [77.035, 10.905]]]}}, {"type": "Feature", "properties": {"nearest_m": 196.2, "band": "0–400 m"}, "geometry": {"type": "Polygon", "coordinates": [[[77.03999999999999, 10.905], [77.04499999999999, 10.905], [77.04499999999999, 10.91], [77.03999999999999, 10.91], [77.03999999999999, 10.905]]]}}, {"type": "Feature", "properties": {"nearest_m": 636.3, "band": "400–800 m"}, "geometry": {"type": "Polygon", "coordinates": [[[77.04499999999999, 10.905], [77.04999999999998, 10.905], [77.04999999999998, 10.91], [77.04499999999999, 10.91], [77.04499999999999, 10.905]]]}}, {"type": "Feature", "properties": {"nearest_m": 757.7, "band": "400–800 m"}, "geometry": {"type": "Polygon", "coordinates": [[[76.88499999999999, 10.9], [76.88999999999999, 10.9], [76.88999999999999, 10.905000000000001], [76.88499999999999, 10.905000000000001], [76.88499999999999, 10.9]]]}}, {"type": "Feature", "properties": {"nearest_m": 240.5, "band": "0–400 m"}, "geometry": {"type": "Polygon", "coordinates": [[[76.88999999999999, 10.9], [76.89499999999998, 10.9], [76.89499999999998, 10.905000000000001], [76.88999999999999, 10.905000000000001], [76.88999999999999, 10.9]]]}}, {"type": "Feature", "properties": {"nearest_m": 269.6, "band": "0–400 m"}, "geometry": {"type": "Polygon", "coordinates": [[[76.895, 10.9], [76.89999999999999, 10.9], [76.89999999999999, 10.905000000000001], [76.895, 10.905000000000001], [76.895, 10.9]]]}}, {"type": "Feature", "properties": {"nearest_m": 58.2, "band": "0–400 m"}, "geometry": {"type": "Polygon", "coordinates": [[[76.89999999999999, 10.9], [76.90499999999999, 10.9], [76.90499999999999, 10.905000000000001], [76.89999999999999, 10.905000000000001], [76.89999999999999, 10.9]]]}}, {"type": "Feature", "properties": {"nearest_m": 392.2, "band": "0–400 m"}, "geometry": {"type": "Polygon", "coordinates": [[[76.90499999999999, 10.9], [76.90999999999998, 10.9], [76.90999999999998, 10.905000000000001], [76.90499999999999, 10.905000000000001], [76.90499999999999, 10.9]]]}}, {"type": "Feature", "properties": {"nearest_m": 380.4, "band": "0–400 m"}, "geometry": {"type": "Polygon", "coordinates": [[[76.93499999999999, 10.9], [76.93999999999998, 10.9], [76.93999999999998, 10.905000000000001], [76.93499999999999, 10.905000000000001], [76.93499999999999, 10.9]]]}}, {"type": "Feature", "properties": {"nearest_m": 222.9, "band": "0–400 m"}, "geometry": {"type": "Polygon", "coordinates": [[[76.94, 10.9], [76.945, 10.9], [76.945, 10.905000000000001], [76.94, 10.905000000000001], [76.94, 10.9]]]}}, {"type": "Feature", "properties": {"nearest_m": 742.8, "band": "400–800 m"}, "geometry": {"type": "Polygon", "coordinates": [[[76.945, 10.9], [76.94999999999999, 10.9], [76.94999999999999, 10.905000000000001], [76.945, 10.905000000000001], [76.945, 10.9]]]}}, {"type": "Feature", "properties": {"nearest_m": 672.6, "band": "400–800 m"}, "geometry": {"type": "Polygon", "coordinates": [[[76.94999999999999, 10.9], [76.95499999999998, 10.9], [76.95499999999998, 10.905000000000001], [76.94999999999999, 10.905000000000001], [76.94999999999999, 10.9]]]}}, {"type": "Feature", "properties": {"nearest_m": 235.5, "band": "0–400 m"}, "geometry": {"type": "Polygon", "coordinates": [[[76.955, 10.9], [76.96, 10.9], [76.96, 10.905000000000001], [76.955, 10.905000000000001], [76.955, 10.9]]]}}, {"type": "Feature", "properties": {"nearest_m": 183.8, "band": "0–400 m"}, "geometry": {"type": "Polygon", "coordinates": [[[76.96, 10.9], [76.96499999999999, 10.9], [76.96499999999999, 10.905000000000001], [76.96, 10.905000000000001], [76.96, 10.9]]]}}, {"type": "Feature", "properties": {"nearest_m": 456.4, "band": "400–800 m"}, "geometry": {"type": "Polygon", "coordinates": [[[76.96499999999999, 10.9], [76.96999999999998, 10.9], [76.96999999999998, 10.905000000000001], [76.96499999999999, 10.905000000000001], [76.96499999999999, 10.9]]]}}, {"type": "Feature", "properties": {"nearest_m": 91.0, "band": "0–400 m"}, "geometry": {"type": "Polygon", "coordinates": [[[76.97, 10.9], [76.975, 10.9], [76.975, 10.905000000000001], [76.97, 10.905000000000001], [76.97, 10.9]]]}}, {"type": "Feature", "properties": {"nearest_m": 532.4, "band": "400–800 m"}, "geometry": {"type": "Polygon", "coordinates": [[[76.975, 10.9], [76.97999999999999, 10.9], [76.97999999999999, 10.905000000000001], [76.975, 10.905000000000001], [76.975, 10.9]]]}}, {"type": "Feature", "properties": {"nearest_m": 565.9, "band": "400–800 m"}, "geometry": {"type": "Polygon", "coordinates": [[[76.97999999999999, 10.9], [76.98499999999999, 10.9], [76.98499999999999, 10.905000000000001], [76.97999999999999, 10.905000000000001], [76.97999999999999, 10.9]]]}}, {"type": "Feature", "properties": {"nearest_m": 799.8, "band": "400–800 m"}, "geometry": {"type": "Polygon", "coordinates": [[[76.985, 10.9], [76.99, 10.9], [76.99, 10.905000000000001], [76.985, 10.905000000000001], [76.985, 10.9]]]}}, {"type": "Feature", "properties": {"nearest_m": 556.0, "band": "400–800 m"}, "geometry": {"type": "Polygon", "coordinates": [[[76.99, 10.9], [76.99499999999999, 10.9], [76.99499999999999, 10.905000000000001], [76.99, 10.905000000000001], [76.99, 10.9]]]}}, {"type": "Feature", "properties": {"nearest_m": 19.2, "band": "0–400 m"}, "geometry": {"type": "Polygon", "coordinates": [[[76.99499999999999, 10.9], [76.99999999999999, 10.9], [76.99999999999999, 10.905000000000001], [76.99499999999999, 10.905000000000001], [76.99499999999999, 10.9]]]}}, {"type": "Feature", "properties": {"nearest_m": 537.2, "band": "400–800 m"}, "geometry": {"type": "Polygon", "coordinates": [[[77.0, 10.9], [77.005, 10.9], [77.005, 10.905000000000001], [77.0, 10.905000000000001], [77.0, 10.9]]]}}, {"type": "Feature", "properties": {"nearest_m": 609.7, "band": "400–800 m"}, "geometry": {"type": "Polygon", "coordinates": [[[77.035, 10.9], [77.03999999999999, 10.9], [77.03999999999999, 10.905000000000001], [77.035, 10.905000000000001], [77.035, 10.9]]]}}, {"type": "Feature", "properties": {"nearest_m": 375.7, "band": "0–400 m"}, "geometry": {"type": "Polygon", "coordinates": [[[77.03999999999999, 10.9], [77.04499999999999, 10.9], [77.04499999999999, 10.905000000000001], [77.03999999999999, 10.905000000000001], [77.03999999999999, 10.9]]]}}, {"type": "Feature", "properties": {"nearest_m": 712.4, "band": "400–800 m"}, "geometry": {"type": "Polygon", "coordinates": [[[77.04499999999999, 10.9], [77.04999999999998, 10.9], [77.04999999999998, 10.905000000000001], [77.04499999999999, 10.905000000000001], [77.04499999999999, 10.9]]]}}]}