{
  "type": "FeatureCollection",
  "name": "Coimbatore mapped public amenities",
  "license": "OpenStreetMap data \u00a9 OpenStreetMap contributors, ODbL 1.0",
  "features": [
    {
      "type": "Feature",
      "properties": {
        "osm_id": "node/244513191",
        "name": "Sri Ramakrishna Engineering College, vatamalaipalayam, coimbatore",
        "kind": "college",
        "category": "education",
        "source": "OpenStreetMap contributors",
        "captured_utc": "2026-09-09 16:36"
      },
      "geometry": {
        "type": "Point",
        "coordinates": [
          76.9653051,
          11.1016316
        ]
      }
    },
    {
      "type": "Feature",
      "properties": {
        "osm_id": "node/247177690",
        "name": "Thudiyalur Police Station",
        "kind": "police",
        "category": "civic",
        "source": "OpenStreetMap contributors",
        "captured_utc": "2026-09-09 16:36"
      },
      "geometry": {
        "type": "Point",
        "coordinates": [
          76.9412411,
          11.0820675
        ]
      }
    },
    {
      "type": "Feature",
      "properties": {
        "osm_id": "node/247177822",
        "name": "SREC Health Center",
        "kind": "hospital",
        "category": "health",
        "source": "OpenStreetMap contributors",
        "captured_utc": "2026-09-09 16:36"
      },
      "geometry": {
        "type": "Point",
        "coordinates": [
          76.9637445,
          11.1005451
        ]
      }
    },
    {
      "type": "Feature",
      "properties": {
        "osm_id": "node/247177826",
        "name": "SREC BSC block",
        "kind": "college",
        "category": "education",
        "source": "OpenStreetMap contributors",
        "captured_utc": "2026-09-09 16:36"
      },
      "geometry": {
        "type": "Point",
        "coordinates": [
          76.9642735,
          11.1008789
        ]
      }
    },
    {
      "type": "Feature",
      "properties": {
        "osm_id": "node/247177878",
        "name": "SREC EEEE,ECE Lab",
        "kind": "college",
        "category": "education",
        "source": "OpenStreetMap contributors",
        "captured_utc": "2026-09-09 16:36"
      },
      "geometry": {
        "type": "Point",
        "coordinates": [
          76.9661302,
          11.1005848
        ]
      }
    },
    {
      "type": "Feature",
      "properties": {
        "osm_id": "node/247177880",
        "name": "Sri Ramakrishna Engineering college Main Block",
        "kind": "college",
        "category": "education",
        "source": "OpenStreetMap contributors",
        "captured_utc": "2026-09-09 16:36"
      },
      "geometry": {
        "type": "Point",
        "coordinates": [
          76.9657051,
          11.1022191
        ]
      }
    },
    {
      "type": "Feature",
      "properties": {
        "osm_id": "node/279428204",
        "name": "Krishna Engineering College",
        "kind": "college",
        "category": "education",
        "source": "OpenStreetMap contributors",
        "captured_utc": "2026-09-09 16:36"
      },
      "geometry": {
        "type": "Point",
        "coordinates": [
          76.956139,
          10.9369672
        ]
      }
    },
    {
      "type": "Feature",
      "properties": {
        "osm_id": "node/282874142",
        "name": "Sri Ramakrishna Arts and Science College for Womens",
        "kind": "college",
        "category": "education",
        "source": "OpenStreetMap contributors",
        "captured_utc": "2026-09-09 16:36"
      },
      "geometry": {
        "type": "Point",
        "coordinates": [
          76.9780502,
          11.0223964
        ]
      }
    },
    {
      "type": "Feature",
      "properties": {
        "osm_id": "node/285883979",
        "name": "sri krishna arts and science college",
        "kind": "college",
        "category": "education",
        "source": "OpenStreetMap contributors",
        "captured_utc": "2026-09-09 16:36"
      },
      "geometry": {
        "type": "Point",
        "coordinates": [
          76.9590823,
          10.9378137
        ]
      }
    },
    {
      "type": "Feature",
      "properties": {
        "osm_id": "node/295987842",
        "name": "Government Women's Polytechnic College",
        "kind": "college",
        "category": "education",
        "source": "OpenStreetMap contributors",
        "captured_utc": "2026-09-09 16:36"
      },
      "geometry": {
        "type": "Point",
        "coordinates": [
          76.975865,
          11.0159476
        ]
      }
    },
    {
      "type": "Feature",
      "properties": {
        "osm_id": "node/321420715",
        "name": "United Physically Handicapped School",
        "kind": "school",
        "category": "education",
        "source": "OpenStreetMap contributors",
        "captured_utc": "2026-09-09 16:36"
      },
      "geometry": {
        "type": "Point",
        "coordinates": [
          77.0242479,
          11.1047421
        ]
      }
    },
    {
      "type": "Feature",
      "properties": {
        "osm_id": "node/321420716",
        "name": "Vimal Jothi Convent School",
        "kind": "school",
        "category": "education",
        "source": "OpenStreetMap contributors",
        "captured_utc": "2026-09-09 16:36"
      },
      "geometry": {
        "type": "Point",
        "coordinates": [
          77.0090525,
          11.090002
        ]
      }
    },
    {
      "type": "Feature",
      "properties": {
        "osm_id": "node/321420767",
        "name": "Ellen Multispeciality Hospital",
        "kind": "hospital",
        "category": "health",
        "source": "OpenStreetMap contributors",
        "captured_utc": "2026-09-09 16:36"
      },
      "geometry": {
        "type": "Point",
        "coordinates": [
          76.9708723,
          11.0213634
        ]
      }
    },
    {
      "type": "Feature",
      "properties": {
        "osm_id": "node/321420772",
        "name": "GP Hospital",
        "kind": "hospital",
        "category": "health",
        "source": "OpenStreetMap contributors",
        "captured_utc": "2026-09-09 16:36"
      },
      "geometry": {
        "type": "Point",
        "coordinates": [
          76.9710726,
          11.0201233
        ]
      }
    },
    {
      "type": "Feature",
      "properties": {
        "osm_id": "node/321420833",
        "name": "Arunn Surgery",
        "kind": "clinic",
        "category": "health",
        "source": "OpenStreetMap contributors",
        "captured_utc": "2026-09-09 16:36"
      },
      "geometry": {
        "type": "Point",
        "coordinates": [
          76.9671438,
          11.0110912
        ]
      }
    },
    {
      "type": "Feature",
      "properties": {
        "osm_id": "node/330069938",
        "name": "Corporation Boys High School",
        "kind": "school",
        "category": "education",
        "source": "OpenStreetMap contributors",
        "captured_utc": "2026-09-09 16:36"
      },
      "geometry": {
        "type": "Point",
        "coordinates": [
          76.9474178,
          11.0049837
        ]
      }
    },
    {
      "type": "Feature",
      "properties": {
        "osm_id": "node/330069956",
        "name": "Corporaton School for Deaf",
        "kind": "school",
        "category": "education",
        "source": "OpenStreetMap contributors",
        "captured_utc": "2026-09-09 16:36"
      },
      "geometry": {
        "type": "Point",
        "coordinates": [
          76.9494051,
          11.0056048
        ]
      }
    },
    {
      "type": "Feature",
      "properties": {
        "osm_id": "node/330069959",
        "name": "Buial Ground AKA Sastri Maidhanam",
        "kind": "pitch",
        "category": "recreation",
        "source": "OpenStreetMap contributors",
        "captured_utc": "2026-09-09 16:36"
      },
      "geometry": {
        "type": "Point",
        "coordinates": [
          76.9490231,
          11.0065984
        ]
      }
    },
    {
      "type": "Feature",
      "properties": {
        "osm_id": "node/330069964",
        "name": "Head Post Office",
        "kind": "post_office",
        "category": "civic",
        "source": "OpenStreetMap contributors",
        "captured_utc": "2026-09-09 16:36"
      },
      "geometry": {
        "type": "Point",
        "coordinates": [
          76.950568,
          11.0106209
        ]
      }
    },
    {
      "type": "Feature",
      "properties": {
        "osm_id": "node/330069969",
        "name": "SRP Ponnuswamy Chettiar Sundrammal Vidhyalaya Matric School",
        "kind": "school",
        "category": "education",
        "source": "OpenStreetMap contributors",
        "captured_utc": "2026-09-09 16:36"
      },
      "geometry": {
        "type": "Point",
        "coordinates": [
          76.9468444,
          11.0131455
        ]
      }
    },
    {
      "type": "Feature",
      "properties": {
        "osm_id": "node/330069972",
        "name": "Vidya Vriksha Play School",
        "kind": "school",
        "category": "education",
        "source": "OpenStreetMap contributors",
        "captured_utc": "2026-09-09 16:36"
      },
      "geometry": {
        "type": "Point",
        "coordinates": [
          76.9486042,
          11.0106805
        ]
      }
    },
    {
      "type": "Feature",
      "properties": {
        "osm_id": "node/330069974",
        "name": "Bishop Ubagarm's Primary School",
        "kind": "school",
        "category": "education",
        "source": "OpenStreetMap contributors",
        "captured_utc": "2026-09-09 16:36"
      },
      "geometry": {
        "type": "Point",
        "coordinates": [
          76.942949,
          11.0130484
        ]
      }
    },
    {
      "type": "Feature",
      "properties": {
        "osm_id": "node/330069980",
        "name": "Saravana Dental Care Hospital",
        "kind": "hospital",
        "category": "health",
        "source": "OpenStreetMap contributors",
        "captured_utc": "2026-09-09 16:36"
      },
      "geometry": {
        "type": "Point",
        "coordinates": [
          76.9513725,
          11.0028292
        ]
      }
    },
    {
      "type": "Feature",
      "properties": {
        "osm_id": "node/330070075",
        "name": "Senthil Hospital",
        "kind": "hospital",
        "category": "health",
        "source": "OpenStreetMap contributors",
        "captured_utc": "2026-09-09 16:36"
      },
      "geometry": {
        "type": "Point",
        "coordinates": [
          76.9578034,
          11.0089752
        ]
      }
    },
    {
      "type": "Feature",
      "properties": {
        "osm_id": "node/330070077",
        "name": "Dr. S. G. Rajarathinam Hospital",
        "kind": "hospital",
        "category": "health",
        "source": "OpenStreetMap contributors",
        "captured_utc": "2026-09-09 16:36"
      },
      "geometry": {
        "type": "Point",
        "coordinates": [
          76.9619316,
          11.0095256
        ]
      }
    },
    {
      "type": "Feature",
      "properties": {
        "osm_id": "node/330070078",
        "name": "Kattur Municipal Elementary School",
        "kind": "school",
        "category": "education",
        "source": "OpenStreetMap contributors",
        "captured_utc": "2026-09-09 16:36"
      },
      "geometry": {
        "type": "Point",
        "coordinates": [
          76.9641166,
          11.0077787
        ]
      }
    },
    {
      "type": "Feature",
      "properties": {
        "osm_id": "node/337578514",
        "name": "Stanes Higher Secondary School",
        "kind": "school",
        "category": "education",
        "source": "OpenStreetMap contributors",
        "captured_utc": "2026-09-09 16:36"
      },
      "geometry": {
        "type": "Point",
        "coordinates": [
          76.9724885,
          11.0063593
        ]
      }
    },
    {
      "type": "Feature",
      "properties": {
        "osm_id": "node/337604253",
        "name": "K. G. Hospital, Coimbatore",
        "kind": "hospital",
        "category": "health",
        "source": "OpenStreetMap contributors",
        "captured_utc": "2026-09-09 16:36"
      },
      "geometry": {
        "type": "Point",
        "coordinates": [
          76.9715023,
          11.0004227
        ]
      }
    },
    {
      "type": "Feature",
      "properties": {
        "osm_id": "node/343436818",
        "name": "Kikani Higher Secondary School",
        "kind": "school",
        "category": "education",
        "source": "OpenStreetMap contributors",
        "captured_utc": "2026-09-09 16:36"
      },
      "geometry": {
        "type": "Point",
        "coordinates": [
          76.9579425,
          11.0115779
        ]
      }
    },
    {
      "type": "Feature",
      "properties": {
        "osm_id": "node/343436821",
        "name": "Sengaliappan Nursing Home",
        "kind": "hospital",
        "category": "health",
        "source": "OpenStreetMap contributors",
        "captured_utc": "2026-09-09 16:36"
      },
      "geometry": {
        "type": "Point",
        "coordinates": [
          76.955239,
          11.0165542
        ]
      }
    },
    {
      "type": "Feature",
      "properties": {
        "osm_id": "node/343438055",
        "name": "Corporation Elementary School",
        "kind": "school",
        "category": "education",
        "source": "OpenStreetMap contributors",
        "captured_utc": "2026-09-09 16:36"
      },
      "geometry": {
        "type": "Point",
        "coordinates": [
          76.9616315,
          11.0136837
        ]
      }
    },
    {
      "type": "Feature",
      "properties": {
        "osm_id": "node/346037148",
        "name": "RS Puram Corporation Girls High School",
        "kind": "school",
        "category": "education",
        "source": "OpenStreetMap contributors",
        "captured_utc": "2026-09-09 16:36"
      },
      "geometry": {
        "type": "Point",
        "coordinates": [
          76.9469568,
          11.0102989
        ]
      }
    },
    {
      "type": "Feature",
      "properties": {
        "osm_id": "node/436772692",
        "name": "Coimbatore District Tennis Association Courts",
        "kind": "sports_centre",
        "category": "recreation",
        "source": "OpenStreetMap contributors",
        "captured_utc": "2026-09-09 16:36"
      },
      "geometry": {
        "type": "Point",
        "coordinates": [
          76.9489287,
          11.0071376
        ]
      }
    },
    {
      "type": "Feature",
      "properties": {
        "osm_id": "node/729616609",
        "name": "CMS Matriculation Higher Secondary School",
        "kind": "school",
        "category": "education",
        "source": "OpenStreetMap contributors",
        "captured_utc": "2026-09-09 16:36"
      },
      "geometry": {
        "type": "Point",
        "coordinates": [
          76.9816972,
          11.0408776
        ]
      }
    },
    {
      "type": "Feature",
      "properties": {
        "osm_id": "node/803091648",
        "name": "Bala Hospital",
        "kind": "hospital",
        "category": "health",
        "source": "OpenStreetMap contributors",
        "captured_utc": "2026-09-09 16:36"
      },
      "geometry": {
        "type": "Point",
        "coordinates": [
          76.995705,
          10.9969296
        ]
      }
    },
    {
      "type": "Feature",
      "properties": {
        "osm_id": "node/803271976",
        "name": "Civic & safety",
        "kind": "police",
        "category": "civic",
        "source": "OpenStreetMap contributors",
        "captured_utc": "2026-09-09 16:36"
      },
      "geometry": {
        "type": "Point",
        "coordinates": [
          76.9681824,
          10.9952707
        ]
      }
    },
    {
      "type": "Feature",
      "properties": {
        "osm_id": "node/803272013",
        "name": "District Police Office",
        "kind": "police",
        "category": "civic",
        "source": "OpenStreetMap contributors",
        "captured_utc": "2026-09-09 16:36"
      },
      "geometry": {
        "type": "Point",
        "coordinates": [
          76.9677805,
          10.9990022
        ]
      }
    },
    {
      "type": "Feature",
      "properties": {
        "osm_id": "node/803389784",
        "name": "Mani Higher Secondary School",
        "kind": "school",
        "category": "education",
        "source": "OpenStreetMap contributors",
        "captured_utc": "2026-09-09 16:36"
      },
      "geometry": {
        "type": "Point",
        "coordinates": [
          76.9820619,
          11.0138918
        ]
      }
    },
    {
      "type": "Feature",
      "properties": {
        "osm_id": "node/803667690",
        "name": "GTTI",
        "kind": "college",
        "category": "education",
        "source": "OpenStreetMap contributors",
        "captured_utc": "2026-09-09 16:36"
      },
      "geometry": {
        "type": "Point",
        "coordinates": [
          76.9778523,
          11.0068188
        ]
      }
    },
    {
      "type": "Feature",
      "properties": {
        "osm_id": "node/803684691",
        "name": "Civic & safety",
        "kind": "post_office",
        "category": "civic",
        "source": "OpenStreetMap contributors",
        "captured_utc": "2026-09-09 16:36"
      },
      "geometry": {
        "type": "Point",
        "coordinates": [
          76.9750386,
          11.0052257
        ]
      }
    },
    {
      "type": "Feature",
      "properties": {
        "osm_id": "node/832776936",
        "name": "Apollo",
        "kind": "pharmacy",
        "category": "health",
        "source": "OpenStreetMap contributors",
        "captured_utc": "2026-09-09 16:36"
      },
      "geometry": {
        "type": "Point",
        "coordinates": [
          76.9603231,
          11.0187962
        ]
      }
    },
    {
      "type": "Feature",
      "properties": {
        "osm_id": "node/832779637",
        "name": "Kongunad Hospital, Coimbatore",
        "kind": "hospital",
        "category": "health",
        "source": "OpenStreetMap contributors",
        "captured_utc": "2026-09-09 16:36"
      },
      "geometry": {
        "type": "Point",
        "coordinates": [
          76.9604883,
          11.018058
        ]
      }
    },
    {
      "type": "Feature",
      "properties": {
        "osm_id": "node/832779865",
        "name": "Sheela Clinic",
        "kind": "hospital",
        "category": "health",
        "source": "OpenStreetMap contributors",
        "captured_utc": "2026-09-09 16:36"
      },
      "geometry": {
        "type": "Point",
        "coordinates": [
          76.9604642,
          11.01843
        ]
      }
    },
    {
      "type": "Feature",
      "properties": {
        "osm_id": "node/832781258",
        "name": "Mobility",
        "kind": "taxi",
        "category": "mobility",
        "source": "OpenStreetMap contributors",
        "captured_utc": "2026-09-09 16:36"
      },
      "geometry": {
        "type": "Point",
        "coordinates": [
          76.9614682,
          11.0181324
        ]
      }
    },
    {
      "type": "Feature",
      "properties": {
        "osm_id": "node/942754044",
        "name": "Ganapathy FireStation",
        "kind": "fire_station",
        "category": "civic",
        "source": "OpenStreetMap contributors",
        "captured_utc": "2026-09-09 16:36"
      },
      "geometry": {
        "type": "Point",
        "coordinates": [
          76.9975014,
          11.0391993
        ]
      }
    },
    {
      "type": "Feature",
      "properties": {
        "osm_id": "node/942767266",
        "name": "Rathinam College of Arts & Science",
        "kind": "college",
        "category": "education",
        "source": "OpenStreetMap contributors",
        "captured_utc": "2026-09-09 16:36"
      },
      "geometry": {
        "type": "Point",
        "coordinates": [
          76.9786341,
          10.9346185
        ]
      }
    },
    {
      "type": "Feature",
      "properties": {
        "osm_id": "node/1039493036",
        "name": "Surya Hospital, Coimbatore",
        "kind": "hospital",
        "category": "health",
        "source": "OpenStreetMap contributors",
        "captured_utc": "2026-09-09 16:36"
      },
      "geometry": {
        "type": "Point",
        "coordinates": [
          76.979517,
          11.0390101
        ]
      }
    },
    {
      "type": "Feature",
      "properties": {
        "osm_id": "node/1039593590",
        "name": "Daffodils Play School",
        "kind": "kindergarten",
        "category": "education",
        "source": "OpenStreetMap contributors",
        "captured_utc": "2026-09-09 16:36"
      },
      "geometry": {
        "type": "Point",
        "coordinates": [
          76.9821129,
          11.0407408
        ]
      }
    },
    {
      "type": "Feature",
      "properties": {
        "osm_id": "node/1039593602",
        "name": "Health",
        "kind": "dentist",
        "category": "health",
        "source": "OpenStreetMap contributors",
        "captured_utc": "2026-09-09 16:36"
      },
      "geometry": {
        "type": "Point",
        "coordinates": [
          76.9810407,
          11.039955
        ]
      }
    },
    {
      "type": "Feature",
      "properties": {
        "osm_id": "node/1051328308",
        "name": "Ukkadam Police Station(B2)",
        "kind": "police",
        "category": "civic",
        "source": "OpenStreetMap contributors",
        "captured_utc": "2026-09-09 16:36"
      },
      "geometry": {
        "type": "Point",
        "coordinates": [
          76.9615341,
          10.9890037
        ]
      }
    },
    {
      "type": "Feature",
      "properties": {
        "osm_id": "node/1051328344",
        "name": "Womens Police Station",
        "kind": "police",
        "category": "civic",
        "source": "OpenStreetMap contributors",
        "captured_utc": "2026-09-09 16:36"
      },
      "geometry": {
        "type": "Point",
        "coordinates": [
          76.9683463,
          11.0155688
        ]
      }
    },
    {
      "type": "Feature",
      "properties": {
        "osm_id": "node/1051328360",
        "name": "Kattor Police Station",
        "kind": "police",
        "category": "civic",
        "source": "OpenStreetMap contributors",
        "captured_utc": "2026-09-09 16:36"
      },
      "geometry": {
        "type": "Point",
        "coordinates": [
          76.968307,
          11.0153033
        ]
      }
    },
    {
      "type": "Feature",
      "properties": {
        "osm_id": "node/1051328368",
        "name": "Madukkarai Police Station",
        "kind": "police",
        "category": "civic",
        "source": "OpenStreetMap contributors",
        "captured_utc": "2026-09-09 16:36"
      },
      "geometry": {
        "type": "Point",
        "coordinates": [
          76.9490401,
          10.911453
        ]
      }
    },
    {
      "type": "Feature",
      "properties": {
        "osm_id": "node/1051328428",
        "name": "Vasan eye Care Hospital",
        "kind": "hospital",
        "category": "health",
        "source": "OpenStreetMap contributors",
        "captured_utc": "2026-09-09 16:36"
      },
      "geometry": {
        "type": "Point",
        "coordinates": [
          76.9540004,
          10.9560967
        ]
      }
    },
    {
      "type": "Feature",
      "properties": {
        "osm_id": "node/1202171362",
        "name": "Goethe Institute",
        "kind": "college",
        "category": "education",
        "source": "OpenStreetMap contributors",
        "captured_utc": "2026-09-09 16:36"
      },
      "geometry": {
        "type": "Point",
        "coordinates": [
          76.9779997,
          11.0069288
        ]
      }
    },
    {
      "type": "Feature",
      "properties": {
        "osm_id": "node/1423948022",
        "name": "PSG Hospitals",
        "kind": "hospital",
        "category": "health",
        "source": "OpenStreetMap contributors",
        "captured_utc": "2026-09-09 16:36"
      },
      "geometry": {
        "type": "Point",
        "coordinates": [
          77.0073136,
          11.0188398
        ]
      }
    },
    {
      "type": "Feature",
      "properties": {
        "osm_id": "node/1425221969",
        "name": "K T V R Group Hospital",
        "kind": "hospital",
        "category": "health",
        "source": "OpenStreetMap contributors",
        "captured_utc": "2026-09-09 16:36"
      },
      "geometry": {
        "type": "Point",
        "coordinates": [
          76.9499384,
          11.026167
        ]
      }
    },
    {
      "type": "Feature",
      "properties": {
        "osm_id": "node/1464278741",
        "name": "Arun two wheeler parking",
        "kind": "bicycle_parking",
        "category": "mobility",
        "source": "OpenStreetMap contributors",
        "captured_utc": "2026-09-09 16:36"
      },
      "geometry": {
        "type": "Point",
        "coordinates": [
          76.9508116,
          11.0270612
        ]
      }
    },
    {
      "type": "Feature",
      "properties": {
        "osm_id": "node/1464278747",
        "name": "District Central Library",
        "kind": "library",
        "category": "community",
        "source": "OpenStreetMap contributors",
        "captured_utc": "2026-09-09 16:36"
      },
      "geometry": {
        "type": "Point",
        "coordinates": [
          76.9481215,
          11.0149429
        ]
      }
    },
    {
      "type": "Feature",
      "properties": {
        "osm_id": "node/1464278758",
        "name": "V V Vani Vidhyalaya",
        "kind": "school",
        "category": "education",
        "source": "OpenStreetMap contributors",
        "captured_utc": "2026-09-09 16:36"
      },
      "geometry": {
        "type": "Point",
        "coordinates": [
          76.9444308,
          11.0257662
        ]
      }
    },
    {
      "type": "Feature",
      "properties": {
        "osm_id": "node/1464278789",
        "name": "Coimbatore Bone and Joint Foundation (P) Ltd.",
        "kind": "hospital",
        "category": "health",
        "source": "OpenStreetMap contributors",
        "captured_utc": "2026-09-09 16:36"
      },
      "geometry": {
        "type": "Point",
        "coordinates": [
          76.9543844,
          11.0149404
        ]
      }
    },
    {
      "type": "Feature",
      "properties": {
        "osm_id": "node/1464278820",
        "name": "Ramalinga Chettiar School (Govt Aided)",
        "kind": "school",
        "category": "education",
        "source": "OpenStreetMap contributors",
        "captured_utc": "2026-09-09 16:36"
      },
      "geometry": {
        "type": "Point",
        "coordinates": [
          76.9482725,
          11.0234569
        ]
      }
    },
    {
      "type": "Feature",
      "properties": {
        "osm_id": "node/1464278882",
        "name": "Liseux play ground",
        "kind": "pitch",
        "category": "recreation",
        "source": "OpenStreetMap contributors",
        "captured_utc": "2026-09-09 16:36"
      },
      "geometry": {
        "type": "Point",
        "coordinates": [
          76.9437074,
          11.0214718
        ]
      }
    },
    {
      "type": "Feature",
      "properties": {
        "osm_id": "node/1464278890",
        "name": "Angappa Hr. Sec. School (CBSE)",
        "kind": "school",
        "category": "education",
        "source": "OpenStreetMap contributors",
        "captured_utc": "2026-09-09 16:36"
      },
      "geometry": {
        "type": "Point",
        "coordinates": [
          76.9463252,
          11.0235622
        ]
      }
    },
    {
      "type": "Feature",
      "properties": {
        "osm_id": "node/1464770604",
        "name": "Amrit Special needs school",
        "kind": "school",
        "category": "education",
        "source": "OpenStreetMap contributors",
        "captured_utc": "2026-09-09 16:36"
      },
      "geometry": {
        "type": "Point",
        "coordinates": [
          76.9503161,
          11.0298208
        ]
      }
    },
    {
      "type": "Feature",
      "properties": {
        "osm_id": "node/1466917439",
        "name": "Womens Medical Centre, Coimbatore",
        "kind": "hospital",
        "category": "health",
        "source": "OpenStreetMap contributors",
        "captured_utc": "2026-09-09 16:36"
      },
      "geometry": {
        "type": "Point",
        "coordinates": [
          76.9517175,
          11.0337824
        ]
      }
    },
    {
      "type": "Feature",
      "properties": {
        "osm_id": "node/1467928839",
        "name": "Masonic Medical Centre For Children",
        "kind": "hospital",
        "category": "health",
        "source": "OpenStreetMap contributors",
        "captured_utc": "2026-09-09 16:36"
      },
      "geometry": {
        "type": "Point",
        "coordinates": [
          76.9799441,
          10.9997961
        ]
      }
    },
    {
      "type": "Feature",
      "properties": {
        "osm_id": "node/1468079158",
        "name": "Somu medicals",
        "kind": "hospital",
        "category": "health",
        "source": "OpenStreetMap contributors",
        "captured_utc": "2026-09-09 16:36"
      },
      "geometry": {
        "type": "Point",
        "coordinates": [
          76.9448591,
          11.0264568
        ]
      }
    },
    {
      "type": "Feature",
      "properties": {
        "osm_id": "node/1468079184",
        "name": "Akila Medicals",
        "kind": "hospital",
        "category": "health",
        "source": "OpenStreetMap contributors",
        "captured_utc": "2026-09-09 16:36"
      },
      "geometry": {
        "type": "Point",
        "coordinates": [
          76.9443924,
          11.0265516
        ]
      }
    },
    {
      "type": "Feature",
      "properties": {
        "osm_id": "node/1468079553",
        "name": "Dr.U.S.Prakash's Clinic",
        "kind": "hospital",
        "category": "health",
        "source": "OpenStreetMap contributors",
        "captured_utc": "2026-09-09 16:36"
      },
      "geometry": {
        "type": "Point",
        "coordinates": [
          76.9372845,
          11.0256249
        ]
      }
    },
    {
      "type": "Feature",
      "properties": {
        "osm_id": "node/1468324428",
        "name": "Post office",
        "kind": "post_office",
        "category": "civic",
        "source": "OpenStreetMap contributors",
        "captured_utc": "2026-09-09 16:36"
      },
      "geometry": {
        "type": "Point",
        "coordinates": [
          76.9966347,
          10.9963455
        ]
      }
    },
    {
      "type": "Feature",
      "properties": {
        "osm_id": "node/1468324438",
        "name": "Prakash medicals",
        "kind": "pharmacy",
        "category": "health",
        "source": "OpenStreetMap contributors",
        "captured_utc": "2026-09-09 16:36"
      },
      "geometry": {
        "type": "Point",
        "coordinates": [
          77.0008135,
          10.9969248
        ]
      }
    },
    {
      "type": "Feature",
      "properties": {
        "osm_id": "node/1468324461",
        "name": "Revathi medicals",
        "kind": "pharmacy",
        "category": "health",
        "source": "OpenStreetMap contributors",
        "captured_utc": "2026-09-09 16:36"
      },
      "geometry": {
        "type": "Point",
        "coordinates": [
          77.0003871,
          10.9972171
        ]
      }
    },
    {
      "type": "Feature",
      "properties": {
        "osm_id": "node/1469101395",
        "name": "KG Eye Hospital",
        "kind": "hospital",
        "category": "health",
        "source": "OpenStreetMap contributors",
        "captured_utc": "2026-09-09 16:36"
      },
      "geometry": {
        "type": "Point",
        "coordinates": [
          76.997422,
          11.0825506
        ]
      }
    },
    {
      "type": "Feature",
      "properties": {
        "osm_id": "node/1469107407",
        "name": "Kumaraguru College of Technology",
        "kind": "college",
        "category": "education",
        "source": "OpenStreetMap contributors",
        "captured_utc": "2026-09-09 16:36"
      },
      "geometry": {
        "type": "Point",
        "coordinates": [
          76.9889277,
          11.075597
        ]
      }
    },
    {
      "type": "Feature",
      "properties": {
        "osm_id": "node/1469109274",
        "name": "KG College of Arts and Science",
        "kind": "college",
        "category": "education",
        "source": "OpenStreetMap contributors",
        "captured_utc": "2026-09-09 16:36"
      },
      "geometry": {
        "type": "Point",
        "coordinates": [
          76.9974565,
          11.0835993
        ]
      }
    },
    {
      "type": "Feature",
      "properties": {
        "osm_id": "node/1469149130",
        "name": "Shree Siva Hospital, Ganapathy,",
        "kind": "hospital",
        "category": "health",
        "source": "OpenStreetMap contributors",
        "captured_utc": "2026-09-09 16:36"
      },
      "geometry": {
        "type": "Point",
        "coordinates": [
          76.9856071,
          11.0441103
        ]
      }
    },
    {
      "type": "Feature",
      "properties": {
        "osm_id": "node/1469149959",
        "name": "SeaSkills Maritime Academy",
        "kind": "school",
        "category": "education",
        "source": "OpenStreetMap contributors",
        "captured_utc": "2026-09-09 16:36"
      },
      "geometry": {
        "type": "Point",
        "coordinates": [
          76.998578,
          11.0829794
        ]
      }
    },
    {
      "type": "Feature",
      "properties": {
        "osm_id": "node/1470337788",
        "name": "Redfields Post Office",
        "kind": "post_office",
        "category": "civic",
        "source": "OpenStreetMap contributors",
        "captured_utc": "2026-09-09 16:36"
      },
      "geometry": {
        "type": "Point",
        "coordinates": [
          76.9830066,
          10.9983509
        ]
      }
    },
    {
      "type": "Feature",
      "properties": {
        "osm_id": "node/1470399520",
        "name": "Health",
        "kind": "pharmacy",
        "category": "health",
        "source": "OpenStreetMap contributors",
        "captured_utc": "2026-09-09 16:36"
      },
      "geometry": {
        "type": "Point",
        "coordinates": [
          76.9710763,
          11.0006257
        ]
      }
    },
    {
      "type": "Feature",
      "properties": {
        "osm_id": "node/1470432055",
        "name": "C2- Race Course Police Station, Coimbatore",
        "kind": "police",
        "category": "civic",
        "source": "OpenStreetMap contributors",
        "captured_utc": "2026-09-09 16:36"
      },
      "geometry": {
        "type": "Point",
        "coordinates": [
          76.9713177,
          11.001692
        ]
      }
    },
    {
      "type": "Feature",
      "properties": {
        "osm_id": "node/1470545645",
        "name": "Amrita Vidhyalayam (Matriculation)",
        "kind": "school",
        "category": "education",
        "source": "OpenStreetMap contributors",
        "captured_utc": "2026-09-09 16:36"
      },
      "geometry": {
        "type": "Point",
        "coordinates": [
          76.9528836,
          11.0500591
        ]
      }
    },
    {
      "type": "Feature",
      "properties": {
        "osm_id": "node/1470545671",
        "name": "Ramasamy Matriculation School",
        "kind": "school",
        "category": "education",
        "source": "OpenStreetMap contributors",
        "captured_utc": "2026-09-09 16:36"
      },
      "geometry": {
        "type": "Point",
        "coordinates": [
          76.9463258,
          11.048063
        ]
      }
    },
    {
      "type": "Feature",
      "properties": {
        "osm_id": "node/1470738327",
        "name": "Kongunadu arts and science college",
        "kind": "college",
        "category": "education",
        "source": "OpenStreetMap contributors",
        "captured_utc": "2026-09-09 16:36"
      },
      "geometry": {
        "type": "Point",
        "coordinates": [
          76.9483963,
          11.0599857
        ]
      }
    },
    {
      "type": "Feature",
      "properties": {
        "osm_id": "node/1470738328",
        "name": "Yuvabharathi CBSE School",
        "kind": "school",
        "category": "education",
        "source": "OpenStreetMap contributors",
        "captured_utc": "2026-09-09 16:36"
      },
      "geometry": {
        "type": "Point",
        "coordinates": [
          76.9169992,
          11.0661062
        ]
      }
    },
    {
      "type": "Feature",
      "properties": {
        "osm_id": "node/1471791399",
        "name": "arya vaidhya salai",
        "kind": "pharmacy",
        "category": "health",
        "source": "OpenStreetMap contributors",
        "captured_utc": "2026-09-09 16:36"
      },
      "geometry": {
        "type": "Point",
        "coordinates": [
          76.9603411,
          11.0193537
        ]
      }
    },
    {
      "type": "Feature",
      "properties": {
        "osm_id": "node/1471854713",
        "name": "C-3 Saibaba Colony Police Station",
        "kind": "police",
        "category": "civic",
        "source": "OpenStreetMap contributors",
        "captured_utc": "2026-09-09 16:36"
      },
      "geometry": {
        "type": "Point",
        "coordinates": [
          76.9515967,
          11.0266348
        ]
      }
    },
    {
      "type": "Feature",
      "properties": {
        "osm_id": "node/1471862691",
        "name": "Avinashilingam Vocational Training Institute",
        "kind": "school",
        "category": "education",
        "source": "OpenStreetMap contributors",
        "captured_utc": "2026-09-09 16:36"
      },
      "geometry": {
        "type": "Point",
        "coordinates": [
          76.9515029,
          11.0225375
        ]
      }
    },
    {
      "type": "Feature",
      "properties": {
        "osm_id": "node/1472189593",
        "name": "Ramakrishna Institute of Pharamedical Sciences",
        "kind": "school",
        "category": "education",
        "source": "OpenStreetMap contributors",
        "captured_utc": "2026-09-09 16:36"
      },
      "geometry": {
        "type": "Point",
        "coordinates": [
          76.9767729,
          11.0244052
        ]
      }
    },
    {
      "type": "Feature",
      "properties": {
        "osm_id": "node/1472189838",
        "name": "College of Pharamacy",
        "kind": "school",
        "category": "education",
        "source": "OpenStreetMap contributors",
        "captured_utc": "2026-09-09 16:36"
      },
      "geometry": {
        "type": "Point",
        "coordinates": [
          76.9762204,
          11.0243971
        ]
      }
    },
    {
      "type": "Feature",
      "properties": {
        "osm_id": "node/1472192499",
        "name": "Sai Shraddha Hospitality",
        "kind": "hospital",
        "category": "health",
        "source": "OpenStreetMap contributors",
        "captured_utc": "2026-09-09 16:36"
      },
      "geometry": {
        "type": "Point",
        "coordinates": [
          76.9726262,
          11.0254581
        ]
      }
    },
    {
      "type": "Feature",
      "properties": {
        "osm_id": "node/1472205012",
        "name": "Suburban Higher Secondary School",
        "kind": "school",
        "category": "education",
        "source": "OpenStreetMap contributors",
        "captured_utc": "2026-09-09 16:36"
      },
      "geometry": {
        "type": "Point",
        "coordinates": [
          76.9609421,
          11.0129282
        ]
      }
    },
    {
      "type": "Feature",
      "properties": {
        "osm_id": "node/1472205751",
        "name": "North Coimbatore Corporation Higher Secondary School",
        "kind": "school",
        "category": "education",
        "source": "OpenStreetMap contributors",
        "captured_utc": "2026-09-09 16:36"
      },
      "geometry": {
        "type": "Point",
        "coordinates": [
          76.958268,
          11.0154056
        ]
      }
    },
    {
      "type": "Feature",
      "properties": {
        "osm_id": "node/1472211318",
        "name": "Vega ENT Hospitals",
        "kind": "hospital",
        "category": "health",
        "source": "OpenStreetMap contributors",
        "captured_utc": "2026-09-09 16:36"
      },
      "geometry": {
        "type": "Point",
        "coordinates": [
          76.9437894,
          11.0144183
        ]
      }
    },
    {
      "type": "Feature",
      "properties": {
        "osm_id": "node/1472211741",
        "name": "Sitalakshmi Hospital",
        "kind": "hospital",
        "category": "health",
        "source": "OpenStreetMap contributors",
        "captured_utc": "2026-09-09 16:36"
      },
      "geometry": {
        "type": "Point",
        "coordinates": [
          76.9449521,
          11.0142906
        ]
      }
    },
    {
      "type": "Feature",
      "properties": {
        "osm_id": "node/1472212062",
        "name": "Manonmani Hospital",
        "kind": "hospital",
        "category": "health",
        "source": "OpenStreetMap contributors",
        "captured_utc": "2026-09-09 16:36"
      },
      "geometry": {
        "type": "Point",
        "coordinates": [
          76.9475002,
          11.0147975
        ]
      }
    },
    {
      "type": "Feature",
      "properties": {
        "osm_id": "node/1472212557",
        "name": "Balaji Nursing Home",
        "kind": "clinic",
        "category": "health",
        "source": "OpenStreetMap contributors",
        "captured_utc": "2026-09-09 16:36"
      },
      "geometry": {
        "type": "Point",
        "coordinates": [
          76.9487649,
          11.0148238
        ]
      }
    },
    {
      "type": "Feature",
      "properties": {
        "osm_id": "node/1472215145",
        "name": "Preetam's Cardio Care",
        "kind": "hospital",
        "category": "health",
        "source": "OpenStreetMap contributors",
        "captured_utc": "2026-09-09 16:36"
      },
      "geometry": {
        "type": "Point",
        "coordinates": [
          76.9498136,
          11.0152003
        ]
      }
    },
    {
      "type": "Feature",
      "properties": {
        "osm_id": "node/1472215560",
        "name": "Kumaran Clinic",
        "kind": "clinic",
        "category": "health",
        "source": "OpenStreetMap contributors",
        "captured_utc": "2026-09-09 16:36"
      },
      "geometry": {
        "type": "Point",
        "coordinates": [
          76.9519379,
          11.0152582
        ]
      }
    },
    {
      "type": "Feature",
      "properties": {
        "osm_id": "node/1472230522",
        "name": "Rasi Hospital",
        "kind": "hospital",
        "category": "health",
        "source": "OpenStreetMap contributors",
        "captured_utc": "2026-09-09 16:36"
      },
      "geometry": {
        "type": "Point",
        "coordinates": [
          76.9503293,
          11.0097731
        ]
      }
    },
    {
      "type": "Feature",
      "properties": {
        "osm_id": "node/1472231440",
        "name": "Health",
        "kind": "pharmacy",
        "category": "health",
        "source": "OpenStreetMap contributors",
        "captured_utc": "2026-09-09 16:36"
      },
      "geometry": {
        "type": "Point",
        "coordinates": [
          76.9510775,
          11.0083777
        ]
      }
    },
    {
      "type": "Feature",
      "properties": {
        "osm_id": "node/1472620151",
        "name": "PASH SPA AND UNISEX SALOON",
        "kind": "sports_centre",
        "category": "recreation",
        "source": "OpenStreetMap contributors",
        "captured_utc": "2026-09-09 16:36"
      },
      "geometry": {
        "type": "Point",
        "coordinates": [
          76.9516727,
          11.0051801
        ]
      }
    },
    {
      "type": "Feature",
      "properties": {
        "osm_id": "node/1472620620",
        "name": "Araya Vaidya Pharmacy",
        "kind": "pharmacy",
        "category": "health",
        "source": "OpenStreetMap contributors",
        "captured_utc": "2026-09-09 16:36"
      },
      "geometry": {
        "type": "Point",
        "coordinates": [
          76.951619,
          11.0038847
        ]
      }
    },
    {
      "type": "Feature",
      "properties": {
        "osm_id": "node/1473802712",
        "name": "City Hospital",
        "kind": "hospital",
        "category": "health",
        "source": "OpenStreetMap contributors",
        "captured_utc": "2026-09-09 16:36"
      },
      "geometry": {
        "type": "Point",
        "coordinates": [
          76.9635166,
          11.0193391
        ]
      }
    },
    {
      "type": "Feature",
      "properties": {
        "osm_id": "node/1473802717",
        "name": "Chinnaiah Medicals",
        "kind": "pharmacy",
        "category": "health",
        "source": "OpenStreetMap contributors",
        "captured_utc": "2026-09-09 16:36"
      },
      "geometry": {
        "type": "Point",
        "coordinates": [
          76.9688485,
          11.0207714
        ]
      }
    },
    {
      "type": "Feature",
      "properties": {
        "osm_id": "node/1473802733",
        "name": "Pasumai Pharmacy",
        "kind": "pharmacy",
        "category": "health",
        "source": "OpenStreetMap contributors",
        "captured_utc": "2026-09-09 16:36"
      },
      "geometry": {
        "type": "Point",
        "coordinates": [
          76.966338,
          11.0203554
        ]
      }
    },
    {
      "type": "Feature",
      "properties": {
        "osm_id": "node/1473802741",
        "name": "Bethel Hospital",
        "kind": "hospital",
        "category": "health",
        "source": "OpenStreetMap contributors",
        "captured_utc": "2026-09-09 16:36"
      },
      "geometry": {
        "type": "Point",
        "coordinates": [
          76.962084,
          11.0190021
        ]
      }
    },
    {
      "type": "Feature",
      "properties": {
        "osm_id": "node/1473830522",
        "name": "Arasu Medicals",
        "kind": "hospital",
        "category": "health",
        "source": "OpenStreetMap contributors",
        "captured_utc": "2026-09-09 16:36"
      },
      "geometry": {
        "type": "Point",
        "coordinates": [
          76.950234,
          11.010593
        ]
      }
    },
    {
      "type": "Feature",
      "properties": {
        "osm_id": "node/1473830523",
        "name": "The Eye Foundaton",
        "kind": "hospital",
        "category": "health",
        "source": "OpenStreetMap contributors",
        "captured_utc": "2026-09-09 16:36"
      },
      "geometry": {
        "type": "Point",
        "coordinates": [
          76.9496753,
          11.0134549
        ]
      }
    },
    {
      "type": "Feature",
      "properties": {
        "osm_id": "node/1474348707",
        "name": "Saravanampatty Elementary School",
        "kind": "school",
        "category": "education",
        "source": "OpenStreetMap contributors",
        "captured_utc": "2026-09-09 16:36"
      },
      "geometry": {
        "type": "Point",
        "coordinates": [
          77.0017133,
          11.0763477
        ]
      }
    },
    {
      "type": "Feature",
      "properties": {
        "osm_id": "node/1474350853",
        "name": "Saravanampatti Police Station",
        "kind": "police",
        "category": "civic",
        "source": "OpenStreetMap contributors",
        "captured_utc": "2026-09-09 16:36"
      },
      "geometry": {
        "type": "Point",
        "coordinates": [
          77.0027116,
          11.0747296
        ]
      }
    },
    {
      "type": "Feature",
      "properties": {
        "osm_id": "node/1474413414",
        "name": "Moses Eye Hospital",
        "kind": "hospital",
        "category": "health",
        "source": "OpenStreetMap contributors",
        "captured_utc": "2026-09-09 16:36"
      },
      "geometry": {
        "type": "Point",
        "coordinates": [
          76.9664663,
          10.9943793
        ]
      }
    },
    {
      "type": "Feature",
      "properties": {
        "osm_id": "node/1474451361",
        "name": "Civic & safety",
        "kind": "post_office",
        "category": "civic",
        "source": "OpenStreetMap contributors",
        "captured_utc": "2026-09-09 16:36"
      },
      "geometry": {
        "type": "Point",
        "coordinates": [
          76.9680799,
          10.9950865
        ]
      }
    },
    {
      "type": "Feature",
      "properties": {
        "osm_id": "node/1474451371",
        "name": "Thayarammal poly clinic",
        "kind": "hospital",
        "category": "health",
        "source": "OpenStreetMap contributors",
        "captured_utc": "2026-09-09 16:36"
      },
      "geometry": {
        "type": "Point",
        "coordinates": [
          76.9756194,
          10.9935069
        ]
      }
    },
    {
      "type": "Feature",
      "properties": {
        "osm_id": "node/1474490995",
        "name": "Presentation convent",
        "kind": "school",
        "category": "education",
        "source": "OpenStreetMap contributors",
        "captured_utc": "2026-09-09 16:36"
      },
      "geometry": {
        "type": "Point",
        "coordinates": [
          76.9648609,
          10.9945514
        ]
      }
    },
    {
      "type": "Feature",
      "properties": {
        "osm_id": "node/1474491017",
        "name": "Jain Library",
        "kind": "library",
        "category": "community",
        "source": "OpenStreetMap contributors",
        "captured_utc": "2026-09-09 16:36"
      },
      "geometry": {
        "type": "Point",
        "coordinates": [
          76.9603415,
          10.995558
        ]
      }
    },
    {
      "type": "Feature",
      "properties": {
        "osm_id": "node/1474491024",
        "name": "corporation Girls High school",
        "kind": "school",
        "category": "education",
        "source": "OpenStreetMap contributors",
        "captured_utc": "2026-09-09 16:36"
      },
      "geometry": {
        "type": "Point",
        "coordinates": [
          76.9601082,
          10.9955422
        ]
      }
    },
    {
      "type": "Feature",
      "properties": {
        "osm_id": "node/1474491029",
        "name": "St.Michaels School",
        "kind": "school",
        "category": "education",
        "source": "OpenStreetMap contributors",
        "captured_utc": "2026-09-09 16:36"
      },
      "geometry": {
        "type": "Point",
        "coordinates": [
          76.9658375,
          10.9945881
        ]
      }
    },
    {
      "type": "Feature",
      "properties": {
        "osm_id": "node/1474518415",
        "name": "Trinity Boys High school",
        "kind": "school",
        "category": "education",
        "source": "OpenStreetMap contributors",
        "captured_utc": "2026-09-09 16:36"
      },
      "geometry": {
        "type": "Point",
        "coordinates": [
          76.9971414,
          10.9976249
        ]
      }
    },
    {
      "type": "Feature",
      "properties": {
        "osm_id": "node/1474518438",
        "name": "Corporation girls high school",
        "kind": "school",
        "category": "education",
        "source": "OpenStreetMap contributors",
        "captured_utc": "2026-09-09 16:36"
      },
      "geometry": {
        "type": "Point",
        "coordinates": [
          76.9905727,
          11.0091964
        ]
      }
    },
    {
      "type": "Feature",
      "properties": {
        "osm_id": "node/1474518439",
        "name": "Dheepmeena pharmacy",
        "kind": "pharmacy",
        "category": "health",
        "source": "OpenStreetMap contributors",
        "captured_utc": "2026-09-09 16:36"
      },
      "geometry": {
        "type": "Point",
        "coordinates": [
          76.9956179,
          10.9969617
        ]
      }
    },
    {
      "type": "Feature",
      "properties": {
        "osm_id": "node/1474518443",
        "name": "Ramanathapuram police station",
        "kind": "police",
        "category": "civic",
        "source": "OpenStreetMap contributors",
        "captured_utc": "2026-09-09 16:36"
      },
      "geometry": {
        "type": "Point",
        "coordinates": [
          76.997871,
          10.9975827
        ]
      }
    },
    {
      "type": "Feature",
      "properties": {
        "osm_id": "node/1474518445",
        "name": "Vasan Eye Care Hospital",
        "kind": "hospital",
        "category": "health",
        "source": "OpenStreetMap contributors",
        "captured_utc": "2026-09-09 16:36"
      },
      "geometry": {
        "type": "Point",
        "coordinates": [
          76.9862396,
          11.0124743
        ]
      }
    },
    {
      "type": "Feature",
      "properties": {
        "osm_id": "node/1474518448",
        "name": "Coimbatore Kidney Centre",
        "kind": "hospital",
        "category": "health",
        "source": "OpenStreetMap contributors",
        "captured_utc": "2026-09-09 16:36"
      },
      "geometry": {
        "type": "Point",
        "coordinates": [
          76.9893791,
          11.009415
        ]
      }
    },
    {
      "type": "Feature",
      "properties": {
        "osm_id": "node/1474726858",
        "name": "St.Fathima's School",
        "kind": "school",
        "category": "education",
        "source": "OpenStreetMap contributors",
        "captured_utc": "2026-09-09 16:36"
      },
      "geometry": {
        "type": "Point",
        "coordinates": [
          76.9639944,
          10.9944145
        ]
      }
    },
    {
      "type": "Feature",
      "properties": {
        "osm_id": "node/1474803271",
        "name": "B1 POLICE STATION",
        "kind": "police",
        "category": "civic",
        "source": "OpenStreetMap contributors",
        "captured_utc": "2026-09-09 16:36"
      },
      "geometry": {
        "type": "Point",
        "coordinates": [
          76.9591307,
          10.9924847
        ]
      }
    },
    {
      "type": "Feature",
      "properties": {
        "osm_id": "node/1474803274",
        "name": "VASAVI VIDYALAYA",
        "kind": "school",
        "category": "education",
        "source": "OpenStreetMap contributors",
        "captured_utc": "2026-09-09 16:36"
      },
      "geometry": {
        "type": "Point",
        "coordinates": [
          76.9578433,
          10.9925558
        ]
      }
    },
    {
      "type": "Feature",
      "properties": {
        "osm_id": "node/1474803277",
        "name": "Ganesh Medicals",
        "kind": "pharmacy",
        "category": "health",
        "source": "OpenStreetMap contributors",
        "captured_utc": "2026-09-09 16:36"
      },
      "geometry": {
        "type": "Point",
        "coordinates": [
          76.9598791,
          10.9922978
        ]
      }
    },
    {
      "type": "Feature",
      "properties": {
        "osm_id": "node/1474872830",
        "name": "Clinic - Dr.Rajashree",
        "kind": "hospital",
        "category": "health",
        "source": "OpenStreetMap contributors",
        "captured_utc": "2026-09-09 16:36"
      },
      "geometry": {
        "type": "Point",
        "coordinates": [
          76.9893923,
          10.9978977
        ]
      }
    },
    {
      "type": "Feature",
      "properties": {
        "osm_id": "node/1474872833",
        "name": "Bishop Ambrose College",
        "kind": "school",
        "category": "education",
        "source": "OpenStreetMap contributors",
        "captured_utc": "2026-09-09 16:36"
      },
      "geometry": {
        "type": "Point",
        "coordinates": [
          76.9844758,
          10.9955885
        ]
      }
    },
    {
      "type": "Feature",
      "properties": {
        "osm_id": "node/1474923291",
        "name": "K. J. Hospital",
        "kind": "hospital",
        "category": "health",
        "source": "OpenStreetMap contributors",
        "captured_utc": "2026-09-09 16:36"
      },
      "geometry": {
        "type": "Point",
        "coordinates": [
          76.9369908,
          10.9414068
        ]
      }
    },
    {
      "type": "Feature",
      "properties": {
        "osm_id": "node/1474924005",
        "name": "Thulsi Pharmacy",
        "kind": "pharmacy",
        "category": "health",
        "source": "OpenStreetMap contributors",
        "captured_utc": "2026-09-09 16:36"
      },
      "geometry": {
        "type": "Point",
        "coordinates": [
          76.9354632,
          10.9489142
        ]
      }
    },
    {
      "type": "Feature",
      "properties": {
        "osm_id": "node/1474928621",
        "name": "Sri Krishna College of Engineering and Technology",
        "kind": "college",
        "category": "education",
        "source": "OpenStreetMap contributors",
        "captured_utc": "2026-09-09 16:36"
      },
      "geometry": {
        "type": "Point",
        "coordinates": [
          76.9564045,
          10.9371249
        ]
      }
    },
    {
      "type": "Feature",
      "properties": {
        "osm_id": "node/1680232798",
        "name": "Civic & safety",
        "kind": "police",
        "category": "civic",
        "source": "OpenStreetMap contributors",
        "captured_utc": "2026-09-09 16:36"
      },
      "geometry": {
        "type": "Point",
        "coordinates": [
          76.9354528,
          10.988383
        ]
      }
    },
    {
      "type": "Feature",
      "properties": {
        "osm_id": "node/1771099491",
        "name": "Kaumaram Sushila International Residential School",
        "kind": "school",
        "category": "education",
        "source": "OpenStreetMap contributors",
        "captured_utc": "2026-09-09 16:36"
      },
      "geometry": {
        "type": "Point",
        "coordinates": [
          76.9884288,
          11.066428
        ]
      }
    },
    {
      "type": "Feature",
      "properties": {
        "osm_id": "node/1913565236",
        "name": "Ashwin Hospital",
        "kind": "hospital",
        "category": "health",
        "source": "OpenStreetMap contributors",
        "captured_utc": "2026-09-09 16:36"
      },
      "geometry": {
        "type": "Point",
        "coordinates": [
          76.9731186,
          11.0241826
        ]
      }
    },
    {
      "type": "Feature",
      "properties": {
        "osm_id": "node/1913565274",
        "name": "Apollo Pharma",
        "kind": "pharmacy",
        "category": "health",
        "source": "OpenStreetMap contributors",
        "captured_utc": "2026-09-09 16:36"
      },
      "geometry": {
        "type": "Point",
        "coordinates": [
          76.975725,
          11.030742
        ]
      }
    },
    {
      "type": "Feature",
      "properties": {
        "osm_id": "node/1913566088",
        "name": "Tulsi Pharmacy",
        "kind": "pharmacy",
        "category": "health",
        "source": "OpenStreetMap contributors",
        "captured_utc": "2026-09-09 16:36"
      },
      "geometry": {
        "type": "Point",
        "coordinates": [
          76.978383,
          11.034999
        ]
      }
    },
    {
      "type": "Feature",
      "properties": {
        "osm_id": "node/2017660110",
        "name": "Krishnaswamy NagarPost Office",
        "kind": "post_office",
        "category": "civic",
        "source": "OpenStreetMap contributors",
        "captured_utc": "2026-09-09 16:36"
      },
      "geometry": {
        "type": "Point",
        "coordinates": [
          76.9977564,
          11.0008947
        ]
      }
    },
    {
      "type": "Feature",
      "properties": {
        "osm_id": "node/2017661235",
        "name": "Krishnaswamy Nagar - Ganga Nagar Matriculation School",
        "kind": "school",
        "category": "education",
        "source": "OpenStreetMap contributors",
        "captured_utc": "2026-09-09 16:36"
      },
      "geometry": {
        "type": "Point",
        "coordinates": [
          76.9986536,
          11.0016933
        ]
      }
    },
    {
      "type": "Feature",
      "properties": {
        "osm_id": "node/2017682995",
        "name": "Coimbatore Golf Club",
        "kind": "sports_centre",
        "category": "recreation",
        "source": "OpenStreetMap contributors",
        "captured_utc": "2026-09-09 16:36"
      },
      "geometry": {
        "type": "Point",
        "coordinates": [
          77.0196971,
          10.9120084
        ]
      }
    },
    {
      "type": "Feature",
      "properties": {
        "osm_id": "node/2018145461",
        "name": "Krishnaswamy Nagar Sports Centre",
        "kind": "sports_centre",
        "category": "recreation",
        "source": "OpenStreetMap contributors",
        "captured_utc": "2026-09-09 16:36"
      },
      "geometry": {
        "type": "Point",
        "coordinates": [
          76.9985443,
          11.001876
        ]
      }
    },
    {
      "type": "Feature",
      "properties": {
        "osm_id": "node/2206625833",
        "name": "JustBooksclc Library",
        "kind": "library",
        "category": "community",
        "source": "OpenStreetMap contributors",
        "captured_utc": "2026-09-09 16:36"
      },
      "geometry": {
        "type": "Point",
        "coordinates": [
          76.9757669,
          11.0035115
        ]
      }
    },
    {
      "type": "Feature",
      "properties": {
        "osm_id": "node/2393648167",
        "name": "Health",
        "kind": "pharmacy",
        "category": "health",
        "source": "OpenStreetMap contributors",
        "captured_utc": "2026-09-09 16:36"
      },
      "geometry": {
        "type": "Point",
        "coordinates": [
          76.9836718,
          11.0500734
        ]
      }
    },
    {
      "type": "Feature",
      "properties": {
        "osm_id": "node/2537780271",
        "name": "Kaumaram Prashanthi Academy",
        "kind": "school",
        "category": "education",
        "source": "OpenStreetMap contributors",
        "captured_utc": "2026-09-09 16:36"
      },
      "geometry": {
        "type": "Point",
        "coordinates": [
          76.9902571,
          11.0663459
        ]
      }
    },
    {
      "type": "Feature",
      "properties": {
        "osm_id": "node/3128692929",
        "name": "Branch Library",
        "kind": "library",
        "category": "community",
        "source": "OpenStreetMap contributors",
        "captured_utc": "2026-09-09 16:36"
      },
      "geometry": {
        "type": "Point",
        "coordinates": [
          76.9440165,
          11.0809152
        ]
      }
    },
    {
      "type": "Feature",
      "properties": {
        "osm_id": "node/3204361323",
        "name": "Arya Vaidya Pharmacy",
        "kind": "hospital",
        "category": "health",
        "source": "OpenStreetMap contributors",
        "captured_utc": "2026-09-09 16:36"
      },
      "geometry": {
        "type": "Point",
        "coordinates": [
          76.9917076,
          10.995609
        ]
      }
    },
    {
      "type": "Feature",
      "properties": {
        "osm_id": "node/3204361348",
        "name": "Ramanathapuram Govt Library",
        "kind": "library",
        "category": "community",
        "source": "OpenStreetMap contributors",
        "captured_utc": "2026-09-09 16:36"
      },
      "geometry": {
        "type": "Point",
        "coordinates": [
          76.9888059,
          10.9959691
        ]
      }
    },
    {
      "type": "Feature",
      "properties": {
        "osm_id": "node/3302155213",
        "name": "Apollo Pharmacy",
        "kind": "pharmacy",
        "category": "health",
        "source": "OpenStreetMap contributors",
        "captured_utc": "2026-09-09 16:36"
      },
      "geometry": {
        "type": "Point",
        "coordinates": [
          76.9353456,
          10.9414625
        ]
      }
    },
    {
      "type": "Feature",
      "properties": {
        "osm_id": "node/3429754962",
        "name": "Community",
        "kind": "community_centre",
        "category": "community",
        "source": "OpenStreetMap contributors",
        "captured_utc": "2026-09-09 16:36"
      },
      "geometry": {
        "type": "Point",
        "coordinates": [
          77.0459357,
          11.0015001
        ]
      }
    },
    {
      "type": "Feature",
      "properties": {
        "osm_id": "node/3571694093",
        "name": "Rathinapuri Police Station",
        "kind": "police",
        "category": "civic",
        "source": "OpenStreetMap contributors",
        "captured_utc": "2026-09-09 16:36"
      },
      "geometry": {
        "type": "Point",
        "coordinates": [
          76.9715748,
          11.0250344
        ]
      }
    },
    {
      "type": "Feature",
      "properties": {
        "osm_id": "node/3571694796",
        "name": "Lala Mahal",
        "kind": "townhall",
        "category": "civic",
        "source": "OpenStreetMap contributors",
        "captured_utc": "2026-09-09 16:36"
      },
      "geometry": {
        "type": "Point",
        "coordinates": [
          76.9663954,
          11.0287149
        ]
      }
    },
    {
      "type": "Feature",
      "properties": {
        "osm_id": "node/3623163884",
        "name": "Vadavalli Bus Stand",
        "kind": "bus_station",
        "category": "mobility",
        "source": "OpenStreetMap contributors",
        "captured_utc": "2026-09-09 16:36"
      },
      "geometry": {
        "type": "Point",
        "coordinates": [
          76.9058305,
          11.0267551
        ]
      }
    },
    {
      "type": "Feature",
      "properties": {
        "osm_id": "node/3781623526",
        "name": "Vasan Eye Care Hospital, Kuniamuthoor",
        "kind": "hospital",
        "category": "health",
        "source": "OpenStreetMap contributors",
        "captured_utc": "2026-09-09 16:36"
      },
      "geometry": {
        "type": "Point",
        "coordinates": [
          76.9543156,
          10.957713
        ]
      }
    },
    {
      "type": "Feature",
      "properties": {
        "osm_id": "node/3891556100",
        "name": "Recreation",
        "kind": "park",
        "category": "recreation",
        "source": "OpenStreetMap contributors",
        "captured_utc": "2026-09-09 16:36"
      },
      "geometry": {
        "type": "Point",
        "coordinates": [
          77.0383192,
          11.0037795
        ]
      }
    },
    {
      "type": "Feature",
      "properties": {
        "osm_id": "node/3891556867",
        "name": "Education",
        "kind": "school",
        "category": "education",
        "source": "OpenStreetMap contributors",
        "captured_utc": "2026-09-09 16:36"
      },
      "geometry": {
        "type": "Point",
        "coordinates": [
          77.0455742,
          11.0042615
        ]
      }
    },
    {
      "type": "Feature",
      "properties": {
        "osm_id": "node/3935613631",
        "name": "Branch library",
        "kind": "library",
        "category": "community",
        "source": "OpenStreetMap contributors",
        "captured_utc": "2026-09-09 16:36"
      },
      "geometry": {
        "type": "Point",
        "coordinates": [
          77.003617,
          11.0747052
        ]
      }
    },
    {
      "type": "Feature",
      "properties": {
        "osm_id": "node/4036175829",
        "name": "Thudiyalur Post Office",
        "kind": "post_office",
        "category": "civic",
        "source": "OpenStreetMap contributors",
        "captured_utc": "2026-09-09 16:36"
      },
      "geometry": {
        "type": "Point",
        "coordinates": [
          76.9443642,
          11.0813252
        ]
      }
    },
    {
      "type": "Feature",
      "properties": {
        "osm_id": "node/4078505530",
        "name": "Iswarya Fertility Test Tube Baby and Research Centre",
        "kind": "clinic",
        "category": "health",
        "source": "OpenStreetMap contributors",
        "captured_utc": "2026-09-09 16:36"
      },
      "geometry": {
        "type": "Point",
        "coordinates": [
          76.9769123,
          11.0173902
        ]
      }
    },
    {
      "type": "Feature",
      "properties": {
        "osm_id": "node/4185045390",
        "name": "Clarity Imaging Centre",
        "kind": "clinic",
        "category": "health",
        "source": "OpenStreetMap contributors",
        "captured_utc": "2026-09-09 16:36"
      },
      "geometry": {
        "type": "Point",
        "coordinates": [
          76.9642774,
          11.0149765
        ]
      }
    },
    {
      "type": "Feature",
      "properties": {
        "osm_id": "node/4203547389",
        "name": "Microbiological Laboratory",
        "kind": "clinic",
        "category": "health",
        "source": "OpenStreetMap contributors",
        "captured_utc": "2026-09-09 16:36"
      },
      "geometry": {
        "type": "Point",
        "coordinates": [
          76.9103076,
          11.0234149
        ]
      }
    },
    {
      "type": "Feature",
      "properties": {
        "osm_id": "node/4224994193",
        "name": "Sree Krishna",
        "kind": "dentist",
        "category": "health",
        "source": "OpenStreetMap contributors",
        "captured_utc": "2026-09-09 16:36"
      },
      "geometry": {
        "type": "Point",
        "coordinates": [
          76.9059765,
          11.0247829
        ]
      }
    },
    {
      "type": "Feature",
      "properties": {
        "osm_id": "node/4235060189",
        "name": "Environment Conservation Group",
        "kind": "community_centre",
        "category": "community",
        "source": "OpenStreetMap contributors",
        "captured_utc": "2026-09-09 16:36"
      },
      "geometry": {
        "type": "Point",
        "coordinates": [
          76.9602618,
          10.9916037
        ]
      }
    },
    {
      "type": "Feature",
      "properties": {
        "osm_id": "node/4259650392",
        "name": "Ortho One",
        "kind": "hospital",
        "category": "health",
        "source": "OpenStreetMap contributors",
        "captured_utc": "2026-09-09 16:36"
      },
      "geometry": {
        "type": "Point",
        "coordinates": [
          77.0328061,
          11.0018351
        ]
      }
    },
    {
      "type": "Feature",
      "properties": {
        "osm_id": "node/4264495717",
        "name": "Recreation",
        "kind": "playground",
        "category": "recreation",
        "source": "OpenStreetMap contributors",
        "captured_utc": "2026-09-09 16:36"
      },
      "geometry": {
        "type": "Point",
        "coordinates": [
          76.9895357,
          11.0183132
        ]
      }
    },
    {
      "type": "Feature",
      "properties": {
        "osm_id": "node/4275430420",
        "name": "Government Urban Primary Health Center",
        "kind": "hospital",
        "category": "health",
        "source": "OpenStreetMap contributors",
        "captured_utc": "2026-09-09 16:36"
      },
      "geometry": {
        "type": "Point",
        "coordinates": [
          76.9427442,
          11.0827084
        ]
      }
    },
    {
      "type": "Feature",
      "properties": {
        "osm_id": "node/4288509871",
        "name": "TNAU Play Ground",
        "kind": "university",
        "category": "education",
        "source": "OpenStreetMap contributors",
        "captured_utc": "2026-09-09 16:36"
      },
      "geometry": {
        "type": "Point",
        "coordinates": [
          76.9343155,
          11.0103722
        ]
      }
    },
    {
      "type": "Feature",
      "properties": {
        "osm_id": "node/4292857667",
        "name": "FLOWER MARKET",
        "kind": "marketplace",
        "category": "other",
        "source": "OpenStreetMap contributors",
        "captured_utc": "2026-09-09 16:36"
      },
      "geometry": {
        "type": "Point",
        "coordinates": [
          76.9554741,
          11.0049401
        ]
      }
    },
    {
      "type": "Feature",
      "properties": {
        "osm_id": "node/4305414189",
        "name": "Recreation",
        "kind": "playground",
        "category": "recreation",
        "source": "OpenStreetMap contributors",
        "captured_utc": "2026-09-09 16:36"
      },
      "geometry": {
        "type": "Point",
        "coordinates": [
          76.897597,
          11.0186425
        ]
      }
    },
    {
      "type": "Feature",
      "properties": {
        "osm_id": "node/4315800697",
        "name": "Aravind Eye Hospital (City Centre)",
        "kind": "hospital",
        "category": "health",
        "source": "OpenStreetMap contributors",
        "captured_utc": "2026-09-09 16:36"
      },
      "geometry": {
        "type": "Point",
        "coordinates": [
          76.9539881,
          11.0153158
        ]
      }
    },
    {
      "type": "Feature",
      "properties": {
        "osm_id": "node/4316688218",
        "name": "Vadavalli Sub Post Office",
        "kind": "post_office",
        "category": "civic",
        "source": "OpenStreetMap contributors",
        "captured_utc": "2026-09-09 16:36"
      },
      "geometry": {
        "type": "Point",
        "coordinates": [
          76.9042641,
          11.0287553
        ]
      }
    },
    {
      "type": "Feature",
      "properties": {
        "osm_id": "node/4316688505",
        "name": "Post Office - Lawley Road",
        "kind": "post_office",
        "category": "civic",
        "source": "OpenStreetMap contributors",
        "captured_utc": "2026-09-09 16:36"
      },
      "geometry": {
        "type": "Point",
        "coordinates": [
          76.9353566,
          11.0110881
        ]
      }
    },
    {
      "type": "Feature",
      "properties": {
        "osm_id": "node/4338438493",
        "name": "Acupuncture Home",
        "kind": "clinic",
        "category": "health",
        "source": "OpenStreetMap contributors",
        "captured_utc": "2026-09-09 16:36"
      },
      "geometry": {
        "type": "Point",
        "coordinates": [
          76.9934918,
          10.9923903
        ]
      }
    },
    {
      "type": "Feature",
      "properties": {
        "osm_id": "node/4341285025",
        "name": "BM Dental Clinic",
        "kind": "dentist",
        "category": "health",
        "source": "OpenStreetMap contributors",
        "captured_utc": "2026-09-09 16:36"
      },
      "geometry": {
        "type": "Point",
        "coordinates": [
          76.978312,
          11.0342408
        ]
      }
    },
    {
      "type": "Feature",
      "properties": {
        "osm_id": "node/4373086692",
        "name": "Health",
        "kind": "pharmacy",
        "category": "health",
        "source": "OpenStreetMap contributors",
        "captured_utc": "2026-09-09 16:36"
      },
      "geometry": {
        "type": "Point",
        "coordinates": [
          76.9488568,
          11.014841
        ]
      }
    },
    {
      "type": "Feature",
      "properties": {
        "osm_id": "node/4379089792",
        "name": "Health",
        "kind": "pharmacy",
        "category": "health",
        "source": "OpenStreetMap contributors",
        "captured_utc": "2026-09-09 16:36"
      },
      "geometry": {
        "type": "Point",
        "coordinates": [
          76.906045,
          11.0258512
        ]
      }
    },
    {
      "type": "Feature",
      "properties": {
        "osm_id": "node/4379089793",
        "name": "Lotus Eye Care Hospital, Coimbatore",
        "kind": "hospital",
        "category": "health",
        "source": "OpenStreetMap contributors",
        "captured_utc": "2026-09-09 16:36"
      },
      "geometry": {
        "type": "Point",
        "coordinates": [
          76.9543624,
          11.0140006
        ]
      }
    },
    {
      "type": "Feature",
      "properties": {
        "osm_id": "node/4402079982",
        "name": "ECHS",
        "kind": "hospital",
        "category": "health",
        "source": "OpenStreetMap contributors",
        "captured_utc": "2026-09-09 16:36"
      },
      "geometry": {
        "type": "Point",
        "coordinates": [
          76.9879176,
          11.0051924
        ]
      }
    },
    {
      "type": "Feature",
      "properties": {
        "osm_id": "node/4402079983",
        "name": "ECHS Polyclinic",
        "kind": "hospital",
        "category": "health",
        "source": "OpenStreetMap contributors",
        "captured_utc": "2026-09-09 16:36"
      },
      "geometry": {
        "type": "Point",
        "coordinates": [
          76.9876533,
          11.0053321
        ]
      }
    },
    {
      "type": "Feature",
      "properties": {
        "osm_id": "node/4407829092",
        "name": "Health",
        "kind": "hospital",
        "category": "health",
        "source": "OpenStreetMap contributors",
        "captured_utc": "2026-09-09 16:36"
      },
      "geometry": {
        "type": "Point",
        "coordinates": [
          76.9564023,
          11.0248424
        ]
      }
    },
    {
      "type": "Feature",
      "properties": {
        "osm_id": "node/4421640990",
        "name": "Baalaje Hospital",
        "kind": "hospital",
        "category": "health",
        "source": "OpenStreetMap contributors",
        "captured_utc": "2026-09-09 16:36"
      },
      "geometry": {
        "type": "Point",
        "coordinates": [
          76.9055811,
          11.0247244
        ]
      }
    },
    {
      "type": "Feature",
      "properties": {
        "osm_id": "node/4423012490",
        "name": "Civic & safety",
        "kind": "post_office",
        "category": "civic",
        "source": "OpenStreetMap contributors",
        "captured_utc": "2026-09-09 16:36"
      },
      "geometry": {
        "type": "Point",
        "coordinates": [
          77.0195057,
          11.0314993
        ]
      }
    },
    {
      "type": "Feature",
      "properties": {
        "osm_id": "node/4426169970",
        "name": "Thudiyalur Auto Stand",
        "kind": "taxi",
        "category": "mobility",
        "source": "OpenStreetMap contributors",
        "captured_utc": "2026-09-09 16:36"
      },
      "geometry": {
        "type": "Point",
        "coordinates": [
          76.9416706,
          11.0801641
        ]
      }
    },
    {
      "type": "Feature",
      "properties": {
        "osm_id": "node/4426171975",
        "name": "Sri Lakshmi Hospital, Coimbatore",
        "kind": "hospital",
        "category": "health",
        "source": "OpenStreetMap contributors",
        "captured_utc": "2026-09-09 16:36"
      },
      "geometry": {
        "type": "Point",
        "coordinates": [
          76.9409348,
          11.0782349
        ]
      }
    },
    {
      "type": "Feature",
      "properties": {
        "osm_id": "node/4445057790",
        "name": "ece department",
        "kind": "school",
        "category": "education",
        "source": "OpenStreetMap contributors",
        "captured_utc": "2026-09-09 16:36"
      },
      "geometry": {
        "type": "Point",
        "coordinates": [
          76.9351837,
          11.0172007
        ]
      }
    },
    {
      "type": "Feature",
      "properties": {
        "osm_id": "node/4450449989",
        "name": "Civic & safety",
        "kind": "police",
        "category": "civic",
        "source": "OpenStreetMap contributors",
        "captured_utc": "2026-09-09 16:36"
      },
      "geometry": {
        "type": "Point",
        "coordinates": [
          76.963933,
          10.9875675
        ]
      }
    },
    {
      "type": "Feature",
      "properties": {
        "osm_id": "node/4450450589",
        "name": "Civic & safety",
        "kind": "post_office",
        "category": "civic",
        "source": "OpenStreetMap contributors",
        "captured_utc": "2026-09-09 16:36"
      },
      "geometry": {
        "type": "Point",
        "coordinates": [
          77.0522293,
          10.970308
        ]
      }
    },
    {
      "type": "Feature",
      "properties": {
        "osm_id": "node/4470920289",
        "name": "Health",
        "kind": "clinic",
        "category": "health",
        "source": "OpenStreetMap contributors",
        "captured_utc": "2026-09-09 16:36"
      },
      "geometry": {
        "type": "Point",
        "coordinates": [
          76.9563626,
          11.008577
        ]
      }
    },
    {
      "type": "Feature",
      "properties": {
        "osm_id": "node/4472726820",
        "name": "Vijaya Hospitals",
        "kind": "hospital",
        "category": "health",
        "source": "OpenStreetMap contributors",
        "captured_utc": "2026-09-09 16:36"
      },
      "geometry": {
        "type": "Point",
        "coordinates": [
          76.9489909,
          11.0148532
        ]
      }
    },
    {
      "type": "Feature",
      "properties": {
        "osm_id": "node/4510663590",
        "name": "Shri Hari Hospital, Coimbatore",
        "kind": "hospital",
        "category": "health",
        "source": "OpenStreetMap contributors",
        "captured_utc": "2026-09-09 16:36"
      },
      "geometry": {
        "type": "Point",
        "coordinates": [
          76.9475939,
          11.0265248
        ]
      }
    },
    {
      "type": "Feature",
      "properties": {
        "osm_id": "node/4527593390",
        "name": "Mobility",
        "kind": "bus_station",
        "category": "mobility",
        "source": "OpenStreetMap contributors",
        "captured_utc": "2026-09-09 16:36"
      },
      "geometry": {
        "type": "Point",
        "coordinates": [
          77.0430875,
          11.1160667
        ]
      }
    },
    {
      "type": "Feature",
      "properties": {
        "osm_id": "node/4571552072",
        "name": "Bethesda Hospital",
        "kind": "hospital",
        "category": "health",
        "source": "OpenStreetMap contributors",
        "captured_utc": "2026-09-09 16:36"
      },
      "geometry": {
        "type": "Point",
        "coordinates": [
          76.9304803,
          11.0354039
        ]
      }
    },
    {
      "type": "Feature",
      "properties": {
        "osm_id": "node/4571573811",
        "name": "Kiruba Hospital, Koilmedu,Coimbatore",
        "kind": "hospital",
        "category": "health",
        "source": "OpenStreetMap contributors",
        "captured_utc": "2026-09-09 16:36"
      },
      "geometry": {
        "type": "Point",
        "coordinates": [
          76.929457,
          11.0335068
        ]
      }
    },
    {
      "type": "Feature",
      "properties": {
        "osm_id": "node/4571630624",
        "name": "T.V.S Ground",
        "kind": "park",
        "category": "recreation",
        "source": "OpenStreetMap contributors",
        "captured_utc": "2026-09-09 16:36"
      },
      "geometry": {
        "type": "Point",
        "coordinates": [
          76.9373804,
          10.9882006
        ]
      }
    },
    {
      "type": "Feature",
      "properties": {
        "osm_id": "node/4571630627",
        "name": "Provident Green Park",
        "kind": "park",
        "category": "recreation",
        "source": "OpenStreetMap contributors",
        "captured_utc": "2026-09-09 16:36"
      },
      "geometry": {
        "type": "Point",
        "coordinates": [
          76.9384148,
          10.9832036
        ]
      }
    },
    {
      "type": "Feature",
      "properties": {
        "osm_id": "node/4571630630",
        "name": "Pitch Ground",
        "kind": "park",
        "category": "recreation",
        "source": "OpenStreetMap contributors",
        "captured_utc": "2026-09-09 16:36"
      },
      "geometry": {
        "type": "Point",
        "coordinates": [
          76.9380271,
          10.9919667
        ]
      }
    },
    {
      "type": "Feature",
      "properties": {
        "osm_id": "node/4594346689",
        "name": "ESI Bus Stop",
        "kind": "bus_station",
        "category": "mobility",
        "source": "OpenStreetMap contributors",
        "captured_utc": "2026-09-09 16:36"
      },
      "geometry": {
        "type": "Point",
        "coordinates": [
          77.0109984,
          11.0071149
        ]
      }
    },
    {
      "type": "Feature",
      "properties": {
        "osm_id": "node/4594365762",
        "name": "Annai Velankanni Matriculation Higher Secondary School",
        "kind": "school",
        "category": "education",
        "source": "OpenStreetMap contributors",
        "captured_utc": "2026-09-09 16:36"
      },
      "geometry": {
        "type": "Point",
        "coordinates": [
          77.009605,
          11.0093239
        ]
      }
    },
    {
      "type": "Feature",
      "properties": {
        "osm_id": "node/4603303688",
        "name": "G R Hospital",
        "kind": "hospital",
        "category": "health",
        "source": "OpenStreetMap contributors",
        "captured_utc": "2026-09-09 16:36"
      },
      "geometry": {
        "type": "Point",
        "coordinates": [
          77.0024216,
          11.0093491
        ]
      }
    },
    {
      "type": "Feature",
      "properties": {
        "osm_id": "node/4700743589",
        "name": "Mobility",
        "kind": "bus_station",
        "category": "mobility",
        "source": "OpenStreetMap contributors",
        "captured_utc": "2026-09-09 16:36"
      },
      "geometry": {
        "type": "Point",
        "coordinates": [
          77.0482202,
          11.1163335
        ]
      }
    },
    {
      "type": "Feature",
      "properties": {
        "osm_id": "node/4703147672",
        "name": "TNAU Hospital",
        "kind": "hospital",
        "category": "health",
        "source": "OpenStreetMap contributors",
        "captured_utc": "2026-09-09 16:36"
      },
      "geometry": {
        "type": "Point",
        "coordinates": [
          76.9362691,
          11.0080012
        ]
      }
    },
    {
      "type": "Feature",
      "properties": {
        "osm_id": "node/4739790083",
        "name": "Bharathiyar University Complex",
        "kind": "university",
        "category": "education",
        "source": "OpenStreetMap contributors",
        "captured_utc": "2026-09-09 16:36"
      },
      "geometry": {
        "type": "Point",
        "coordinates": [
          76.8790518,
          11.038113
        ]
      }
    },
    {
      "type": "Feature",
      "properties": {
        "osm_id": "node/4815778337",
        "name": "Health",
        "kind": "clinic",
        "category": "health",
        "source": "OpenStreetMap contributors",
        "captured_utc": "2026-09-09 16:36"
      },
      "geometry": {
        "type": "Point",
        "coordinates": [
          76.9516784,
          11.0151259
        ]
      }
    },
    {
      "type": "Feature",
      "properties": {
        "osm_id": "node/4815793434",
        "name": "Recreation",
        "kind": "playground",
        "category": "recreation",
        "source": "OpenStreetMap contributors",
        "captured_utc": "2026-09-09 16:36"
      },
      "geometry": {
        "type": "Point",
        "coordinates": [
          76.8584375,
          11.0205881
        ]
      }
    },
    {
      "type": "Feature",
      "properties": {
        "osm_id": "node/4825348621",
        "name": "Health",
        "kind": "hospital",
        "category": "health",
        "source": "OpenStreetMap contributors",
        "captured_utc": "2026-09-09 16:36"
      },
      "geometry": {
        "type": "Point",
        "coordinates": [
          77.003366,
          11.087657
        ]
      }
    },
    {
      "type": "Feature",
      "properties": {
        "osm_id": "node/4878934413",
        "name": "Sri Vaari pharmacy",
        "kind": "pharmacy",
        "category": "health",
        "source": "OpenStreetMap contributors",
        "captured_utc": "2026-09-09 16:36"
      },
      "geometry": {
        "type": "Point",
        "coordinates": [
          76.9560947,
          11.0037607
        ]
      }
    },
    {
      "type": "Feature",
      "properties": {
        "osm_id": "node/4888969835",
        "name": "Rathinam Technopark",
        "kind": "college",
        "category": "education",
        "source": "OpenStreetMap contributors",
        "captured_utc": "2026-09-09 16:36"
      },
      "geometry": {
        "type": "Point",
        "coordinates": [
          76.9800662,
          10.9338941
        ]
      }
    },
    {
      "type": "Feature",
      "properties": {
        "osm_id": "node/4901322322",
        "name": "SS Kamalesh Kalayana Mandabam",
        "kind": "community_centre",
        "category": "community",
        "source": "OpenStreetMap contributors",
        "captured_utc": "2026-09-09 16:36"
      },
      "geometry": {
        "type": "Point",
        "coordinates": [
          76.9418065,
          11.0844204
        ]
      }
    },
    {
      "type": "Feature",
      "properties": {
        "osm_id": "node/5071284303",
        "name": "Civic & safety",
        "kind": "post_office",
        "category": "civic",
        "source": "OpenStreetMap contributors",
        "captured_utc": "2026-09-09 16:36"
      },
      "geometry": {
        "type": "Point",
        "coordinates": [
          77.0479241,
          11.0057524
        ]
      }
    },
    {
      "type": "Feature",
      "properties": {
        "osm_id": "node/5104357826",
        "name": "Health",
        "kind": "clinic",
        "category": "health",
        "source": "OpenStreetMap contributors",
        "captured_utc": "2026-09-09 16:36"
      },
      "geometry": {
        "type": "Point",
        "coordinates": [
          76.9893223,
          10.9547118
        ]
      }
    },
    {
      "type": "Feature",
      "properties": {
        "osm_id": "node/5252327821",
        "name": "Recreation",
        "kind": "playground",
        "category": "recreation",
        "source": "OpenStreetMap contributors",
        "captured_utc": "2026-09-09 16:36"
      },
      "geometry": {
        "type": "Point",
        "coordinates": [
          76.89782,
          11.0199376
        ]
      }
    },
    {
      "type": "Feature",
      "properties": {
        "osm_id": "node/5296505771",
        "name": "Library",
        "kind": "library",
        "category": "community",
        "source": "OpenStreetMap contributors",
        "captured_utc": "2026-09-09 16:36"
      },
      "geometry": {
        "type": "Point",
        "coordinates": [
          76.9622374,
          10.9940386
        ]
      }
    },
    {
      "type": "Feature",
      "properties": {
        "osm_id": "node/5300436328",
        "name": "Auto stand",
        "kind": "taxi",
        "category": "mobility",
        "source": "OpenStreetMap contributors",
        "captured_utc": "2026-09-09 16:36"
      },
      "geometry": {
        "type": "Point",
        "coordinates": [
          76.9407956,
          10.9013995
        ]
      }
    },
    {
      "type": "Feature",
      "properties": {
        "osm_id": "node/5338398362",
        "name": "Chitra pharmacy",
        "kind": "pharmacy",
        "category": "health",
        "source": "OpenStreetMap contributors",
        "captured_utc": "2026-09-09 16:36"
      },
      "geometry": {
        "type": "Point",
        "coordinates": [
          76.9607735,
          10.9905526
        ]
      }
    },
    {
      "type": "Feature",
      "properties": {
        "osm_id": "node/5338403022",
        "name": "Telugupalayam Hospital",
        "kind": "hospital",
        "category": "health",
        "source": "OpenStreetMap contributors",
        "captured_utc": "2026-09-09 16:36"
      },
      "geometry": {
        "type": "Point",
        "coordinates": [
          76.9297655,
          10.9842757
        ]
      }
    },
    {
      "type": "Feature",
      "properties": {
        "osm_id": "node/5343571583",
        "name": "Recreation",
        "kind": "playground",
        "category": "recreation",
        "source": "OpenStreetMap contributors",
        "captured_utc": "2026-09-09 16:36"
      },
      "geometry": {
        "type": "Point",
        "coordinates": [
          76.9747183,
          11.0071867
        ]
      }
    },
    {
      "type": "Feature",
      "properties": {
        "osm_id": "node/5405242821",
        "name": "Recreation",
        "kind": "playground",
        "category": "recreation",
        "source": "OpenStreetMap contributors",
        "captured_utc": "2026-09-09 16:36"
      },
      "geometry": {
        "type": "Point",
        "coordinates": [
          76.8967269,
          11.0256602
        ]
      }
    },
    {
      "type": "Feature",
      "properties": {
        "osm_id": "node/5491827264",
        "name": "EEE block",
        "kind": "college",
        "category": "education",
        "source": "OpenStreetMap contributors",
        "captured_utc": "2026-09-09 16:36"
      },
      "geometry": {
        "type": "Point",
        "coordinates": [
          76.9562248,
          10.936684
        ]
      }
    },
    {
      "type": "Feature",
      "properties": {
        "osm_id": "node/5491827265",
        "name": "CSE/IT block",
        "kind": "college",
        "category": "education",
        "source": "OpenStreetMap contributors",
        "captured_utc": "2026-09-09 16:36"
      },
      "geometry": {
        "type": "Point",
        "coordinates": [
          76.9566271,
          10.9366892
        ]
      }
    },
    {
      "type": "Feature",
      "properties": {
        "osm_id": "node/5491827281",
        "name": "ADMIN block",
        "kind": "college",
        "category": "education",
        "source": "OpenStreetMap contributors",
        "captured_utc": "2026-09-09 16:36"
      },
      "geometry": {
        "type": "Point",
        "coordinates": [
          76.9562731,
          10.9377321
        ]
      }
    },
    {
      "type": "Feature",
      "properties": {
        "osm_id": "node/5491830721",
        "name": "civil block",
        "kind": "college",
        "category": "education",
        "source": "OpenStreetMap contributors",
        "captured_utc": "2026-09-09 16:36"
      },
      "geometry": {
        "type": "Point",
        "coordinates": [
          76.9557983,
          10.9363074
        ]
      }
    },
    {
      "type": "Feature",
      "properties": {
        "osm_id": "node/5643927426",
        "name": "Leo Ortho care Hospital",
        "kind": "hospital",
        "category": "health",
        "source": "OpenStreetMap contributors",
        "captured_utc": "2026-09-09 16:36"
      },
      "geometry": {
        "type": "Point",
        "coordinates": [
          76.9993022,
          10.9969428
        ]
      }
    },
    {
      "type": "Feature",
      "properties": {
        "osm_id": "node/5643927726",
        "name": "Other public",
        "kind": "marketplace",
        "category": "other",
        "source": "OpenStreetMap contributors",
        "captured_utc": "2026-09-09 16:36"
      },
      "geometry": {
        "type": "Point",
        "coordinates": [
          77.0689238,
          11.0067028
        ]
      }
    },
    {
      "type": "Feature",
      "properties": {
        "osm_id": "node/5729708024",
        "name": "Recreation",
        "kind": "playground",
        "category": "recreation",
        "source": "OpenStreetMap contributors",
        "captured_utc": "2026-09-09 16:36"
      },
      "geometry": {
        "type": "Point",
        "coordinates": [
          77.0264423,
          11.0170321
        ]
      }
    },
    {
      "type": "Feature",
      "properties": {
        "osm_id": "node/5774631561",
        "name": "Eye Trust Hospital",
        "kind": "hospital",
        "category": "health",
        "source": "OpenStreetMap contributors",
        "captured_utc": "2026-09-09 16:36"
      },
      "geometry": {
        "type": "Point",
        "coordinates": [
          76.9582327,
          11.0242987
        ]
      }
    },
    {
      "type": "Feature",
      "properties": {
        "osm_id": "node/5837579825",
        "name": "Health",
        "kind": "clinic",
        "category": "health",
        "source": "OpenStreetMap contributors",
        "captured_utc": "2026-09-09 16:36"
      },
      "geometry": {
        "type": "Point",
        "coordinates": [
          77.0190105,
          11.021742
        ]
      }
    },
    {
      "type": "Feature",
      "properties": {
        "osm_id": "node/5970940185",
        "name": "Civic & safety",
        "kind": "police",
        "category": "civic",
        "source": "OpenStreetMap contributors",
        "captured_utc": "2026-09-09 16:36"
      },
      "geometry": {
        "type": "Point",
        "coordinates": [
          76.9411896,
          11.0821749
        ]
      }
    },
    {
      "type": "Feature",
      "properties": {
        "osm_id": "node/6130759969",
        "name": "Anna University Regional Campus Coimbatore",
        "kind": "university",
        "category": "education",
        "source": "OpenStreetMap contributors",
        "captured_utc": "2026-09-09 16:36"
      },
      "geometry": {
        "type": "Point",
        "coordinates": [
          76.8860315,
          11.0420716
        ]
      }
    },
    {
      "type": "Feature",
      "properties": {
        "osm_id": "node/6143848628",
        "name": "\u0bae\u0bb0\u0bc1\u0ba4\u0bae\u0bb2\u0bc8 \u0baa\u0bc7\u0bb0\u0bc1\u0ba8\u0bcd\u0ba4\u0bc1 \u0ba8\u0bbf\u0bb2\u0bc8\u0baf\u0bae\u0bcd",
        "kind": "bus_station",
        "category": "mobility",
        "source": "OpenStreetMap contributors",
        "captured_utc": "2026-09-09 16:36"
      },
      "geometry": {
        "type": "Point",
        "coordinates": [
          76.863919,
          11.0434989
        ]
      }
    },
    {
      "type": "Feature",
      "properties": {
        "osm_id": "node/6144316491",
        "name": "Vadavalli Bus Stand",
        "kind": "bus_station",
        "category": "mobility",
        "source": "OpenStreetMap contributors",
        "captured_utc": "2026-09-09 16:36"
      },
      "geometry": {
        "type": "Point",
        "coordinates": [
          76.9059414,
          11.027921
        ]
      }
    },
    {
      "type": "Feature",
      "properties": {
        "osm_id": "node/6194292573",
        "name": "India Post",
        "kind": "post_office",
        "category": "civic",
        "source": "OpenStreetMap contributors",
        "captured_utc": "2026-09-09 16:36"
      },
      "geometry": {
        "type": "Point",
        "coordinates": [
          76.9800281,
          11.0213539
        ]
      }
    },
    {
      "type": "Feature",
      "properties": {
        "osm_id": "node/6271072814",
        "name": "Shanthi Social Services Canteen",
        "kind": "social_facility",
        "category": "community",
        "source": "OpenStreetMap contributors",
        "captured_utc": "2026-09-09 16:36"
      },
      "geometry": {
        "type": "Point",
        "coordinates": [
          77.0392984,
          11.0034152
        ]
      }
    },
    {
      "type": "Feature",
      "properties": {
        "osm_id": "node/6356067518",
        "name": "ESI Hospital",
        "kind": "hospital",
        "category": "health",
        "source": "OpenStreetMap contributors",
        "captured_utc": "2026-09-09 16:36"
      },
      "geometry": {
        "type": "Point",
        "coordinates": [
          77.0240486,
          11.0092807
        ]
      }
    },
    {
      "type": "Feature",
      "properties": {
        "osm_id": "node/6392075888",
        "name": "bhagirathi hospital",
        "kind": "hospital",
        "category": "health",
        "source": "OpenStreetMap contributors",
        "captured_utc": "2026-09-09 16:36"
      },
      "geometry": {
        "type": "Point",
        "coordinates": [
          76.9409445,
          11.0794799
        ]
      }
    },
    {
      "type": "Feature",
      "properties": {
        "osm_id": "node/6404096355",
        "name": "thulasi pharmacy",
        "kind": "pharmacy",
        "category": "health",
        "source": "OpenStreetMap contributors",
        "captured_utc": "2026-09-09 16:36"
      },
      "geometry": {
        "type": "Point",
        "coordinates": [
          76.9427166,
          11.0803127
        ]
      }
    },
    {
      "type": "Feature",
      "properties": {
        "osm_id": "node/6408090913",
        "name": "marudhamalai sub post office",
        "kind": "post_office",
        "category": "civic",
        "source": "OpenStreetMap contributors",
        "captured_utc": "2026-09-09 16:36"
      },
      "geometry": {
        "type": "Point",
        "coordinates": [
          76.8614647,
          11.0441471
        ]
      }
    },
    {
      "type": "Feature",
      "properties": {
        "osm_id": "node/6436348985",
        "name": "Health",
        "kind": "pharmacy",
        "category": "health",
        "source": "OpenStreetMap contributors",
        "captured_utc": "2026-09-09 16:36"
      },
      "geometry": {
        "type": "Point",
        "coordinates": [
          77.018377,
          11.0203396
        ]
      }
    },
    {
      "type": "Feature",
      "properties": {
        "osm_id": "node/6436701885",
        "name": "Health",
        "kind": "clinic",
        "category": "health",
        "source": "OpenStreetMap contributors",
        "captured_utc": "2026-09-09 16:36"
      },
      "geometry": {
        "type": "Point",
        "coordinates": [
          77.0182915,
          11.0206016
        ]
      }
    },
    {
      "type": "Feature",
      "properties": {
        "osm_id": "node/6460431436",
        "name": "Angappa Matric School",
        "kind": "school",
        "category": "education",
        "source": "OpenStreetMap contributors",
        "captured_utc": "2026-09-09 16:36"
      },
      "geometry": {
        "type": "Point",
        "coordinates": [
          76.9335681,
          11.0393294
        ]
      }
    },
    {
      "type": "Feature",
      "properties": {
        "osm_id": "node/6483712485",
        "name": "Health",
        "kind": "clinic",
        "category": "health",
        "source": "OpenStreetMap contributors",
        "captured_utc": "2026-09-09 16:36"
      },
      "geometry": {
        "type": "Point",
        "coordinates": [
          77.015101,
          11.0364256
        ]
      }
    },
    {
      "type": "Feature",
      "properties": {
        "osm_id": "node/6549807511",
        "name": "KV Matriculation Higher Secondary School",
        "kind": "school",
        "category": "education",
        "source": "OpenStreetMap contributors",
        "captured_utc": "2026-09-09 16:36"
      },
      "geometry": {
        "type": "Point",
        "coordinates": [
          77.026711,
          11.1051411
        ]
      }
    },
    {
      "type": "Feature",
      "properties": {
        "osm_id": "node/6549807512",
        "name": "KV Institute of Management and Information Studies",
        "kind": "college",
        "category": "education",
        "source": "OpenStreetMap contributors",
        "captured_utc": "2026-09-09 16:36"
      },
      "geometry": {
        "type": "Point",
        "coordinates": [
          77.0276575,
          11.1050789
        ]
      }
    },
    {
      "type": "Feature",
      "properties": {
        "osm_id": "node/6675920337",
        "name": "coimbatore corporation thudiyalur middle school (east)",
        "kind": "school",
        "category": "education",
        "source": "OpenStreetMap contributors",
        "captured_utc": "2026-09-09 16:36"
      },
      "geometry": {
        "type": "Point",
        "coordinates": [
          76.946288,
          11.082246
        ]
      }
    },
    {
      "type": "Feature",
      "properties": {
        "osm_id": "node/6779658530",
        "name": "Cricket Pitch",
        "kind": "playground",
        "category": "recreation",
        "source": "OpenStreetMap contributors",
        "captured_utc": "2026-09-09 16:36"
      },
      "geometry": {
        "type": "Point",
        "coordinates": [
          76.9975069,
          11.0497113
        ]
      }
    },
    {
      "type": "Feature",
      "properties": {
        "osm_id": "node/6779658531",
        "name": "Cricket Nets and Pitch",
        "kind": "playground",
        "category": "recreation",
        "source": "OpenStreetMap contributors",
        "captured_utc": "2026-09-09 16:36"
      },
      "geometry": {
        "type": "Point",
        "coordinates": [
          76.9970972,
          11.0492646
        ]
      }
    },
    {
      "type": "Feature",
      "properties": {
        "osm_id": "node/6815119321",
        "name": "B.M.N Kalyana mandapam",
        "kind": "community_centre",
        "category": "community",
        "source": "OpenStreetMap contributors",
        "captured_utc": "2026-09-09 16:36"
      },
      "geometry": {
        "type": "Point",
        "coordinates": [
          76.944047,
          11.0603278
        ]
      }
    },
    {
      "type": "Feature",
      "properties": {
        "osm_id": "node/6886497248",
        "name": "KG Hospital Blood Bank",
        "kind": "hospital",
        "category": "health",
        "source": "OpenStreetMap contributors",
        "captured_utc": "2026-09-09 16:36"
      },
      "geometry": {
        "type": "Point",
        "coordinates": [
          76.9716378,
          11.0004991
        ]
      }
    },
    {
      "type": "Feature",
      "properties": {
        "osm_id": "node/6886497264",
        "name": "PSG Hospital Blood Bank",
        "kind": "hospital",
        "category": "health",
        "source": "OpenStreetMap contributors",
        "captured_utc": "2026-09-09 16:36"
      },
      "geometry": {
        "type": "Point",
        "coordinates": [
          77.0069428,
          11.0184957
        ]
      }
    },
    {
      "type": "Feature",
      "properties": {
        "osm_id": "node/6914767991",
        "name": "Bethel Hospital Pvt. Ltd. - Coimbatore",
        "kind": "hospital",
        "category": "health",
        "source": "OpenStreetMap contributors",
        "captured_utc": "2026-09-09 16:36"
      },
      "geometry": {
        "type": "Point",
        "coordinates": [
          76.9612328,
          11.0187223
        ]
      }
    },
    {
      "type": "Feature",
      "properties": {
        "osm_id": "node/6914767996",
        "name": "Park Hospital, Coimbatore",
        "kind": "hospital",
        "category": "health",
        "source": "OpenStreetMap contributors",
        "captured_utc": "2026-09-09 16:36"
      },
      "geometry": {
        "type": "Point",
        "coordinates": [
          77.0379131,
          11.0419411
        ]
      }
    },
    {
      "type": "Feature",
      "properties": {
        "osm_id": "node/6914880547",
        "name": "Mouthi Hospital Vadavalli, Coimbatore",
        "kind": "hospital",
        "category": "health",
        "source": "OpenStreetMap contributors",
        "captured_utc": "2026-09-09 16:36"
      },
      "geometry": {
        "type": "Point",
        "coordinates": [
          76.9019419,
          11.0291808
        ]
      }
    },
    {
      "type": "Feature",
      "properties": {
        "osm_id": "node/6914895660",
        "name": "Vikaram ENT Hospital, Coimbatore",
        "kind": "hospital",
        "category": "health",
        "source": "OpenStreetMap contributors",
        "captured_utc": "2026-09-09 16:36"
      },
      "geometry": {
        "type": "Point",
        "coordinates": [
          76.9494063,
          11.0120021
        ]
      }
    },
    {
      "type": "Feature",
      "properties": {
        "osm_id": "node/6914896216",
        "name": "R. A. Hospital",
        "kind": "hospital",
        "category": "health",
        "source": "OpenStreetMap contributors",
        "captured_utc": "2026-09-09 16:36"
      },
      "geometry": {
        "type": "Point",
        "coordinates": [
          76.9918562,
          10.998556
        ]
      }
    },
    {
      "type": "Feature",
      "properties": {
        "osm_id": "node/6914896226",
        "name": "R V Hospital, Coimbatore",
        "kind": "hospital",
        "category": "health",
        "source": "OpenStreetMap contributors",
        "captured_utc": "2026-09-09 16:36"
      },
      "geometry": {
        "type": "Point",
        "coordinates": [
          77.0639178,
          11.0546916
        ]
      }
    },
    {
      "type": "Feature",
      "properties": {
        "osm_id": "node/6914911765",
        "name": "Vasavi Hospital",
        "kind": "hospital",
        "category": "health",
        "source": "OpenStreetMap contributors",
        "captured_utc": "2026-09-09 16:36"
      },
      "geometry": {
        "type": "Point",
        "coordinates": [
          76.9550228,
          10.9927872
        ]
      }
    },
    {
      "type": "Feature",
      "properties": {
        "osm_id": "node/6914927152",
        "name": "Vallalar Hospitals (Pvt) Ltd",
        "kind": "hospital",
        "category": "health",
        "source": "OpenStreetMap contributors",
        "captured_utc": "2026-09-09 16:36"
      },
      "geometry": {
        "type": "Point",
        "coordinates": [
          76.9152537,
          11.0218408
        ]
      }
    },
    {
      "type": "Feature",
      "properties": {
        "osm_id": "node/6914937646",
        "name": "Sri Ramana Hospital",
        "kind": "hospital",
        "category": "health",
        "source": "OpenStreetMap contributors",
        "captured_utc": "2026-09-09 16:36"
      },
      "geometry": {
        "type": "Point",
        "coordinates": [
          76.9598213,
          10.9972817
        ]
      }
    },
    {
      "type": "Feature",
      "properties": {
        "osm_id": "node/6914937656",
        "name": "Sri Rani Poly Clinic",
        "kind": "clinic",
        "category": "health",
        "source": "OpenStreetMap contributors",
        "captured_utc": "2026-09-09 16:36"
      },
      "geometry": {
        "type": "Point",
        "coordinates": [
          76.9755752,
          10.9949528
        ]
      }
    },
    {
      "type": "Feature",
      "properties": {
        "osm_id": "node/6914937682",
        "name": "Sri Sakthi Hospital, Ganapathi, Coimbatore",
        "kind": "hospital",
        "category": "health",
        "source": "OpenStreetMap contributors",
        "captured_utc": "2026-09-09 16:36"
      },
      "geometry": {
        "type": "Point",
        "coordinates": [
          76.9930659,
          11.0474918
        ]
      }
    },
    {
      "type": "Feature",
      "properties": {
        "osm_id": "node/6915000695",
        "name": "Sri Meru Nursing Home, Coimbatore",
        "kind": "clinic",
        "category": "health",
        "source": "OpenStreetMap contributors",
        "captured_utc": "2026-09-09 16:36"
      },
      "geometry": {
        "type": "Point",
        "coordinates": [
          76.9606769,
          11.0116059
        ]
      }
    },
    {
      "type": "Feature",
      "properties": {
        "osm_id": "node/6915018746",
        "name": "Sri Loga Clinic",
        "kind": "clinic",
        "category": "health",
        "source": "OpenStreetMap contributors",
        "captured_utc": "2026-09-09 16:36"
      },
      "geometry": {
        "type": "Point",
        "coordinates": [
          77.0017429,
          11.072535
        ]
      }
    },
    {
      "type": "Feature",
      "properties": {
        "osm_id": "node/6915018753",
        "name": "Sri Maruthi Medical Center and Hospital",
        "kind": "hospital",
        "category": "health",
        "source": "OpenStreetMap contributors",
        "captured_utc": "2026-09-09 16:36"
      },
      "geometry": {
        "type": "Point",
        "coordinates": [
          76.9384105,
          11.0891666
        ]
      }
    },
    {
      "type": "Feature",
      "properties": {
        "osm_id": "node/6915358911",
        "name": "Mallika Nursing Home",
        "kind": "clinic",
        "category": "health",
        "source": "OpenStreetMap contributors",
        "captured_utc": "2026-09-09 16:36"
      },
      "geometry": {
        "type": "Point",
        "coordinates": [
          76.9574609,
          10.9627735
        ]
      }
    },
    {
      "type": "Feature",
      "properties": {
        "osm_id": "node/6915464620",
        "name": "Veeku Hospital",
        "kind": "hospital",
        "category": "health",
        "source": "OpenStreetMap contributors",
        "captured_utc": "2026-09-09 16:36"
      },
      "geometry": {
        "type": "Point",
        "coordinates": [
          76.9517022,
          11.0150799
        ]
      }
    },
    {
      "type": "Feature",
      "properties": {
        "osm_id": "node/6917388569",
        "name": "Pranav Clinic",
        "kind": "hospital",
        "category": "health",
        "source": "OpenStreetMap contributors",
        "captured_utc": "2026-09-09 16:36"
      },
      "geometry": {
        "type": "Point",
        "coordinates": [
          76.9985509,
          11.0631074
        ]
      }
    },
    {
      "type": "Feature",
      "properties": {
        "osm_id": "node/6926049956",
        "name": "Gowtham Hospital",
        "kind": "hospital",
        "category": "health",
        "source": "OpenStreetMap contributors",
        "captured_utc": "2026-09-09 16:36"
      },
      "geometry": {
        "type": "Point",
        "coordinates": [
          76.9556397,
          10.962127
        ]
      }
    },
    {
      "type": "Feature",
      "properties": {
        "osm_id": "node/6926055606",
        "name": "St Lukes Hospital, Coimbatore",
        "kind": "hospital",
        "category": "health",
        "source": "OpenStreetMap contributors",
        "captured_utc": "2026-09-09 16:36"
      },
      "geometry": {
        "type": "Point",
        "coordinates": [
          77.0376261,
          11.0335424
        ]
      }
    },
    {
      "type": "Feature",
      "properties": {
        "osm_id": "node/6926369631",
        "name": "Sri Guru Hospital Pvt Ltd",
        "kind": "hospital",
        "category": "health",
        "source": "OpenStreetMap contributors",
        "captured_utc": "2026-09-09 16:36"
      },
      "geometry": {
        "type": "Point",
        "coordinates": [
          76.9423118,
          11.0264336
        ]
      }
    },
    {
      "type": "Feature",
      "properties": {
        "osm_id": "node/6926437444",
        "name": "H. S. Hospital",
        "kind": "hospital",
        "category": "health",
        "source": "OpenStreetMap contributors",
        "captured_utc": "2026-09-09 16:36"
      },
      "geometry": {
        "type": "Point",
        "coordinates": [
          76.9477855,
          11.0418035
        ]
      }
    },
    {
      "type": "Feature",
      "properties": {
        "osm_id": "node/6928304820",
        "name": "Vedanayagam Hospital (P) Limited",
        "kind": "hospital",
        "category": "health",
        "source": "OpenStreetMap contributors",
        "captured_utc": "2026-09-09 16:36"
      },
      "geometry": {
        "type": "Point",
        "coordinates": [
          76.9504979,
          11.0144375
        ]
      }
    },
    {
      "type": "Feature",
      "properties": {
        "osm_id": "node/6928594608",
        "name": "VGM Hospital",
        "kind": "hospital",
        "category": "health",
        "source": "OpenStreetMap contributors",
        "captured_utc": "2026-09-09 16:36"
      },
      "geometry": {
        "type": "Point",
        "coordinates": [
          77.0143291,
          10.9986666
        ]
      }
    },
    {
      "type": "Feature",
      "properties": {
        "osm_id": "node/6928752789",
        "name": "Dr. Muthu's Ortho Centre-Coimbatore",
        "kind": "hospital",
        "category": "health",
        "source": "OpenStreetMap contributors",
        "captured_utc": "2026-09-09 16:36"
      },
      "geometry": {
        "type": "Point",
        "coordinates": [
          77.0406497,
          11.0026291
        ]
      }
    },
    {
      "type": "Feature",
      "properties": {
        "osm_id": "node/6928817376",
        "name": "Sree Abishek Hospitals",
        "kind": "hospital",
        "category": "health",
        "source": "OpenStreetMap contributors",
        "captured_utc": "2026-09-09 16:36"
      },
      "geometry": {
        "type": "Point",
        "coordinates": [
          76.9241157,
          11.0430968
        ]
      }
    },
    {
      "type": "Feature",
      "properties": {
        "osm_id": "node/6928852611",
        "name": "Sree Andal Hospital",
        "kind": "hospital",
        "category": "health",
        "source": "OpenStreetMap contributors",
        "captured_utc": "2026-09-09 16:36"
      },
      "geometry": {
        "type": "Point",
        "coordinates": [
          77.0164575,
          11.0560065
        ]
      }
    },
    {
      "type": "Feature",
      "properties": {
        "osm_id": "node/6929292296",
        "name": "The Arya Vaidya Chikitsalayam and Research Institue",
        "kind": "hospital",
        "category": "health",
        "source": "OpenStreetMap contributors",
        "captured_utc": "2026-09-09 16:36"
      },
      "geometry": {
        "type": "Point",
        "coordinates": [
          76.9915813,
          10.9958401
        ]
      }
    },
    {
      "type": "Feature",
      "properties": {
        "osm_id": "node/6929951553",
        "name": "Kovai Ent Hospital and Research Centre",
        "kind": "hospital",
        "category": "health",
        "source": "OpenStreetMap contributors",
        "captured_utc": "2026-09-09 16:36"
      },
      "geometry": {
        "type": "Point",
        "coordinates": [
          76.9835246,
          11.041741
        ]
      }
    },
    {
      "type": "Feature",
      "properties": {
        "osm_id": "node/6929976817",
        "name": "Koushikha Hospital",
        "kind": "hospital",
        "category": "health",
        "source": "OpenStreetMap contributors",
        "captured_utc": "2026-09-09 16:36"
      },
      "geometry": {
        "type": "Point",
        "coordinates": [
          76.9788824,
          10.9589868
        ]
      }
    },
    {
      "type": "Feature",
      "properties": {
        "osm_id": "node/6930487814",
        "name": "Chinniampalayam Venkateshwara Hospital",
        "kind": "hospital",
        "category": "health",
        "source": "OpenStreetMap contributors",
        "captured_utc": "2026-09-09 16:36"
      },
      "geometry": {
        "type": "Point",
        "coordinates": [
          77.0652106,
          11.0545152
        ]
      }
    },
    {
      "type": "Feature",
      "properties": {
        "osm_id": "node/6932012014",
        "name": "Richmond Hospital",
        "kind": "hospital",
        "category": "health",
        "source": "OpenStreetMap contributors",
        "captured_utc": "2026-09-09 16:36"
      },
      "geometry": {
        "type": "Point",
        "coordinates": [
          76.9793813,
          10.9946605
        ]
      }
    },
    {
      "type": "Feature",
      "properties": {
        "osm_id": "node/6932159823",
        "name": "Ranga Hospital, Velandipalayam",
        "kind": "hospital",
        "category": "health",
        "source": "OpenStreetMap contributors",
        "captured_utc": "2026-09-09 16:36"
      },
      "geometry": {
        "type": "Point",
        "coordinates": [
          76.932096,
          11.0290235
        ]
      }
    },
    {
      "type": "Feature",
      "properties": {
        "osm_id": "node/6932162502",
        "name": "Rao Hospital",
        "kind": "hospital",
        "category": "health",
        "source": "OpenStreetMap contributors",
        "captured_utc": "2026-09-09 16:36"
      },
      "geometry": {
        "type": "Point",
        "coordinates": [
          76.9445555,
          11.018513
        ]
      }
    },
    {
      "type": "Feature",
      "properties": {
        "osm_id": "node/6932200240",
        "name": "Joseph Hospital, Coimbatore",
        "kind": "hospital",
        "category": "health",
        "source": "OpenStreetMap contributors",
        "captured_utc": "2026-09-09 16:36"
      },
      "geometry": {
        "type": "Point",
        "coordinates": [
          76.9990446,
          11.017244
        ]
      }
    },
    {
      "type": "Feature",
      "properties": {
        "osm_id": "node/6932203509",
        "name": "Ramvel Hospital",
        "kind": "hospital",
        "category": "health",
        "source": "OpenStreetMap contributors",
        "captured_utc": "2026-09-09 16:36"
      },
      "geometry": {
        "type": "Point",
        "coordinates": [
          77.0222618,
          11.01362
        ]
      }
    },
    {
      "type": "Feature",
      "properties": {
        "osm_id": "node/6933038573",
        "name": "Immaculate Conception Convent Hospital",
        "kind": "hospital",
        "category": "health",
        "source": "OpenStreetMap contributors",
        "captured_utc": "2026-09-09 16:36"
      },
      "geometry": {
        "type": "Point",
        "coordinates": [
          76.9642074,
          10.9943683
        ]
      }
    },
    {
      "type": "Feature",
      "properties": {
        "osm_id": "node/6933048462",
        "name": "Sree Ramm Nursing Home",
        "kind": "clinic",
        "category": "health",
        "source": "OpenStreetMap contributors",
        "captured_utc": "2026-09-09 16:36"
      },
      "geometry": {
        "type": "Point",
        "coordinates": [
          76.9423681,
          11.0898944
        ]
      }
    },
    {
      "type": "Feature",
      "properties": {
        "osm_id": "node/6933115102",
        "name": "Paari Nursing Home",
        "kind": "clinic",
        "category": "health",
        "source": "OpenStreetMap contributors",
        "captured_utc": "2026-09-09 16:36"
      },
      "geometry": {
        "type": "Point",
        "coordinates": [
          76.9761197,
          11.0321465
        ]
      }
    },
    {
      "type": "Feature",
      "properties": {
        "osm_id": "node/6933992416",
        "name": "S.M.Clinic, Podhanur, Coimbatore",
        "kind": "clinic",
        "category": "health",
        "source": "OpenStreetMap contributors",
        "captured_utc": "2026-09-09 16:36"
      },
      "geometry": {
        "type": "Point",
        "coordinates": [
          76.9898473,
          10.9553739
        ]
      }
    },
    {
      "type": "Feature",
      "properties": {
        "osm_id": "node/6934018833",
        "name": "Vasan Eye Care Hospital, Coimbatore",
        "kind": "hospital",
        "category": "health",
        "source": "OpenStreetMap contributors",
        "captured_utc": "2026-09-09 16:36"
      },
      "geometry": {
        "type": "Point",
        "coordinates": [
          76.9454058,
          11.0091245
        ]
      }
    },
    {
      "type": "Feature",
      "properties": {
        "osm_id": "node/6934039564",
        "name": "Sri Durga Poly Clinic",
        "kind": "clinic",
        "category": "health",
        "source": "OpenStreetMap contributors",
        "captured_utc": "2026-09-09 16:36"
      },
      "geometry": {
        "type": "Point",
        "coordinates": [
          77.0001926,
          10.9980729
        ]
      }
    },
    {
      "type": "Feature",
      "properties": {
        "osm_id": "node/6934126430",
        "name": "Parthiban Nursing Home",
        "kind": "clinic",
        "category": "health",
        "source": "OpenStreetMap contributors",
        "captured_utc": "2026-09-09 16:36"
      },
      "geometry": {
        "type": "Point",
        "coordinates": [
          76.9441089,
          11.0597504
        ]
      }
    },
    {
      "type": "Feature",
      "properties": {
        "osm_id": "node/6934150425",
        "name": "Siloam Thomas Eye Hospital",
        "kind": "clinic",
        "category": "health",
        "source": "OpenStreetMap contributors",
        "captured_utc": "2026-09-09 16:36"
      },
      "geometry": {
        "type": "Point",
        "coordinates": [
          76.9415045,
          11.0276019
        ]
      }
    },
    {
      "type": "Feature",
      "properties": {
        "osm_id": "node/6934246107",
        "name": "Krithika Hospital , Tiruppur",
        "kind": "hospital",
        "category": "health",
        "source": "OpenStreetMap contributors",
        "captured_utc": "2026-09-09 16:36"
      },
      "geometry": {
        "type": "Point",
        "coordinates": [
          76.9476856,
          11.0424742
        ]
      }
    },
    {
      "type": "Feature",
      "properties": {
        "osm_id": "node/6934271130",
        "name": "Lotus Eye Care Hospital Ltd, Coimbatore",
        "kind": "hospital",
        "category": "health",
        "source": "OpenStreetMap contributors",
        "captured_utc": "2026-09-09 16:36"
      },
      "geometry": {
        "type": "Point",
        "coordinates": [
          77.0401856,
          11.0406116
        ]
      }
    },
    {
      "type": "Feature",
      "properties": {
        "osm_id": "node/6934340596",
        "name": "Nandha Hospital",
        "kind": "hospital",
        "category": "health",
        "source": "OpenStreetMap contributors",
        "captured_utc": "2026-09-09 16:36"
      },
      "geometry": {
        "type": "Point",
        "coordinates": [
          76.9756664,
          11.0168636
        ]
      }
    },
    {
      "type": "Feature",
      "properties": {
        "osm_id": "node/6934340612",
        "name": "Nataraj Medical Care Center Private Limited",
        "kind": "hospital",
        "category": "health",
        "source": "OpenStreetMap contributors",
        "captured_utc": "2026-09-09 16:36"
      },
      "geometry": {
        "type": "Point",
        "coordinates": [
          76.9569379,
          10.994101
        ]
      }
    },
    {
      "type": "Feature",
      "properties": {
        "osm_id": "node/6934340734",
        "name": "Ortho One Orthopaedic Speciality Center(A Unit Of Spine Arthroscopic and Joint Replacement Center Pvt Ltd)",
        "kind": "hospital",
        "category": "health",
        "source": "OpenStreetMap contributors",
        "captured_utc": "2026-09-09 16:36"
      },
      "geometry": {
        "type": "Point",
        "coordinates": [
          77.0082217,
          10.9962048
        ]
      }
    },
    {
      "type": "Feature",
      "properties": {
        "osm_id": "node/6934340771",
        "name": "Padmavathy Hospital",
        "kind": "hospital",
        "category": "health",
        "source": "OpenStreetMap contributors",
        "captured_utc": "2026-09-09 16:36"
      },
      "geometry": {
        "type": "Point",
        "coordinates": [
          76.9477212,
          11.0427427
        ]
      }
    },
    {
      "type": "Feature",
      "properties": {
        "osm_id": "node/6934424352",
        "name": "Shree Saravana Nursing Home",
        "kind": "clinic",
        "category": "health",
        "source": "OpenStreetMap contributors",
        "captured_utc": "2026-09-09 16:36"
      },
      "geometry": {
        "type": "Point",
        "coordinates": [
          76.9513442,
          11.002695
        ]
      }
    },
    {
      "type": "Feature",
      "properties": {
        "osm_id": "node/6934430447",
        "name": "Vishnu Ent Hospital - Coimbatore",
        "kind": "hospital",
        "category": "health",
        "source": "OpenStreetMap contributors",
        "captured_utc": "2026-09-09 16:36"
      },
      "geometry": {
        "type": "Point",
        "coordinates": [
          76.9470734,
          11.0265389
        ]
      }
    },
    {
      "type": "Feature",
      "properties": {
        "osm_id": "node/6934690377",
        "name": "Senthil Nursing Home, Coimbatore",
        "kind": "clinic",
        "category": "health",
        "source": "OpenStreetMap contributors",
        "captured_utc": "2026-09-09 16:36"
      },
      "geometry": {
        "type": "Point",
        "coordinates": [
          76.9596114,
          10.9046622
        ]
      }
    },
    {
      "type": "Feature",
      "properties": {
        "osm_id": "node/6934738477",
        "name": "The Balakrishnan Hospital",
        "kind": "hospital",
        "category": "health",
        "source": "OpenStreetMap contributors",
        "captured_utc": "2026-09-09 16:36"
      },
      "geometry": {
        "type": "Point",
        "coordinates": [
          76.9625585,
          11.0190567
        ]
      }
    },
    {
      "type": "Feature",
      "properties": {
        "osm_id": "node/6934957192",
        "name": "Swathi Poly Clinic",
        "kind": "clinic",
        "category": "health",
        "source": "OpenStreetMap contributors",
        "captured_utc": "2026-09-09 16:36"
      },
      "geometry": {
        "type": "Point",
        "coordinates": [
          76.9989473,
          11.0089711
        ]
      }
    },
    {
      "type": "Feature",
      "properties": {
        "osm_id": "node/6935186143",
        "name": "Ponnammal Duraisamy Eye Clinic",
        "kind": "clinic",
        "category": "health",
        "source": "OpenStreetMap contributors",
        "captured_utc": "2026-09-09 16:36"
      },
      "geometry": {
        "type": "Point",
        "coordinates": [
          76.961735,
          11.010795
        ]
      }
    },
    {
      "type": "Feature",
      "properties": {
        "osm_id": "node/6935188981",
        "name": "Sangeetha Hospital, Coimbatore",
        "kind": "hospital",
        "category": "health",
        "source": "OpenStreetMap contributors",
        "captured_utc": "2026-09-09 16:36"
      },
      "geometry": {
        "type": "Point",
        "coordinates": [
          76.9563907,
          10.963603
        ]
      }
    },
    {
      "type": "Feature",
      "properties": {
        "osm_id": "node/6935272584",
        "name": "Karthick Polyclinic",
        "kind": "clinic",
        "category": "health",
        "source": "OpenStreetMap contributors",
        "captured_utc": "2026-09-09 16:36"
      },
      "geometry": {
        "type": "Point",
        "coordinates": [
          76.9876988,
          10.9957861
        ]
      }
    },
    {
      "type": "Feature",
      "properties": {
        "osm_id": "node/6936305098",
        "name": "Priya Hospital, Coimbatore",
        "kind": "hospital",
        "category": "health",
        "source": "OpenStreetMap contributors",
        "captured_utc": "2026-09-09 16:36"
      },
      "geometry": {
        "type": "Point",
        "coordinates": [
          76.9352093,
          10.9446403
        ]
      }
    },
    {
      "type": "Feature",
      "properties": {
        "osm_id": "node/6936310680",
        "name": "Sumith Hospital",
        "kind": "hospital",
        "category": "health",
        "source": "OpenStreetMap contributors",
        "captured_utc": "2026-09-09 16:36"
      },
      "geometry": {
        "type": "Point",
        "coordinates": [
          77.0176752,
          11.0261493
        ]
      }
    },
    {
      "type": "Feature",
      "properties": {
        "osm_id": "node/6936339717",
        "name": "Rajah Hospital, Coimbatore",
        "kind": "hospital",
        "category": "health",
        "source": "OpenStreetMap contributors",
        "captured_utc": "2026-09-09 16:36"
      },
      "geometry": {
        "type": "Point",
        "coordinates": [
          77.0187333,
          11.0270299
        ]
      }
    },
    {
      "type": "Feature",
      "properties": {
        "osm_id": "node/6936359924",
        "name": "Lalitha Hospital",
        "kind": "hospital",
        "category": "health",
        "source": "OpenStreetMap contributors",
        "captured_utc": "2026-09-09 16:36"
      },
      "geometry": {
        "type": "Point",
        "coordinates": [
          76.9617565,
          11.0174139
        ]
      }
    },
    {
      "type": "Feature",
      "properties": {
        "osm_id": "node/6936359961",
        "name": "Hindusthan Hospital, Coimbatore",
        "kind": "hospital",
        "category": "health",
        "source": "OpenStreetMap contributors",
        "captured_utc": "2026-09-09 16:36"
      },
      "geometry": {
        "type": "Point",
        "coordinates": [
          76.9947731,
          11.019682
        ]
      }
    },
    {
      "type": "Feature",
      "properties": {
        "osm_id": "node/6936359967",
        "name": "Kumaran Hospital, Coimbatore",
        "kind": "hospital",
        "category": "health",
        "source": "OpenStreetMap contributors",
        "captured_utc": "2026-09-09 16:36"
      },
      "geometry": {
        "type": "Point",
        "coordinates": [
          76.95132,
          11.0150812
        ]
      }
    },
    {
      "type": "Feature",
      "properties": {
        "osm_id": "node/6936443894",
        "name": "Sankara Eye Hospital, Coimbatore",
        "kind": "hospital",
        "category": "health",
        "source": "OpenStreetMap contributors",
        "captured_utc": "2026-09-09 16:36"
      },
      "geometry": {
        "type": "Point",
        "coordinates": [
          76.9553728,
          11.0133673
        ]
      }
    },
    {
      "type": "Feature",
      "properties": {
        "osm_id": "node/6936582309",
        "name": "C.S.R. Nursing Home, Coimbatore",
        "kind": "clinic",
        "category": "health",
        "source": "OpenStreetMap contributors",
        "captured_utc": "2026-09-09 16:36"
      },
      "geometry": {
        "type": "Point",
        "coordinates": [
          76.9661131,
          11.0209812
        ]
      }
    },
    {
      "type": "Feature",
      "properties": {
        "osm_id": "node/6936609173",
        "name": "Madurai Eye Center",
        "kind": "hospital",
        "category": "health",
        "source": "OpenStreetMap contributors",
        "captured_utc": "2026-09-09 16:36"
      },
      "geometry": {
        "type": "Point",
        "coordinates": [
          76.951316,
          11.0137122
        ]
      }
    },
    {
      "type": "Feature",
      "properties": {
        "osm_id": "node/6936663154",
        "name": "Vega Ent Hospital",
        "kind": "hospital",
        "category": "health",
        "source": "OpenStreetMap contributors",
        "captured_utc": "2026-09-09 16:36"
      },
      "geometry": {
        "type": "Point",
        "coordinates": [
          76.9437897,
          11.0142295
        ]
      }
    },
    {
      "type": "Feature",
      "properties": {
        "osm_id": "node/6936677079",
        "name": "Spt Hospitals",
        "kind": "hospital",
        "category": "health",
        "source": "OpenStreetMap contributors",
        "captured_utc": "2026-09-09 16:36"
      },
      "geometry": {
        "type": "Point",
        "coordinates": [
          76.9614293,
          11.0143493
        ]
      }
    },
    {
      "type": "Feature",
      "properties": {
        "osm_id": "node/6936695107",
        "name": "Dr K Padmavathy Hospital",
        "kind": "hospital",
        "category": "health",
        "source": "OpenStreetMap contributors",
        "captured_utc": "2026-09-09 16:36"
      },
      "geometry": {
        "type": "Point",
        "coordinates": [
          76.9578948,
          11.0081878
        ]
      }
    },
    {
      "type": "Feature",
      "properties": {
        "osm_id": "node/6936696197",
        "name": "V. G. Hospital, Thudiyalur",
        "kind": "hospital",
        "category": "health",
        "source": "OpenStreetMap contributors",
        "captured_utc": "2026-09-09 16:36"
      },
      "geometry": {
        "type": "Point",
        "coordinates": [
          76.9420054,
          11.0706896
        ]
      }
    },
    {
      "type": "Feature",
      "properties": {
        "osm_id": "node/6936708011",
        "name": "Sri Vishnu Priyaa Hospitals Pvt Ltd",
        "kind": "hospital",
        "category": "health",
        "source": "OpenStreetMap contributors",
        "captured_utc": "2026-09-09 16:36"
      },
      "geometry": {
        "type": "Point",
        "coordinates": [
          76.927958,
          11.036949
        ]
      }
    },
    {
      "type": "Feature",
      "properties": {
        "osm_id": "node/6936708037",
        "name": "Aparna Hospital",
        "kind": "hospital",
        "category": "health",
        "source": "OpenStreetMap contributors",
        "captured_utc": "2026-09-09 16:36"
      },
      "geometry": {
        "type": "Point",
        "coordinates": [
          76.9541618,
          10.9561995
        ]
      }
    },
    {
      "type": "Feature",
      "properties": {
        "osm_id": "node/6936708084",
        "name": "Snekaram Multi Specality Hospital",
        "kind": "hospital",
        "category": "health",
        "source": "OpenStreetMap contributors",
        "captured_utc": "2026-09-09 16:36"
      },
      "geometry": {
        "type": "Point",
        "coordinates": [
          76.9358088,
          10.987562
        ]
      }
    },
    {
      "type": "Feature",
      "properties": {
        "osm_id": "node/6936794080",
        "name": "Maruthi Hospital, Coimbatore",
        "kind": "hospital",
        "category": "health",
        "source": "OpenStreetMap contributors",
        "captured_utc": "2026-09-09 16:36"
      },
      "geometry": {
        "type": "Point",
        "coordinates": [
          76.9513019,
          11.0031531
        ]
      }
    },
    {
      "type": "Feature",
      "properties": {
        "osm_id": "node/6937401730",
        "name": "Roselet Medical ObgandSurgical Centre",
        "kind": "hospital",
        "category": "health",
        "source": "OpenStreetMap contributors",
        "captured_utc": "2026-09-09 16:36"
      },
      "geometry": {
        "type": "Point",
        "coordinates": [
          76.9612482,
          11.0177943
        ]
      }
    },
    {
      "type": "Feature",
      "properties": {
        "osm_id": "node/6937449595",
        "name": "Karthic Nursing Home Pvt. Ltd.",
        "kind": "clinic",
        "category": "health",
        "source": "OpenStreetMap contributors",
        "captured_utc": "2026-09-09 16:36"
      },
      "geometry": {
        "type": "Point",
        "coordinates": [
          76.9529521,
          10.9909191
        ]
      }
    },
    {
      "type": "Feature",
      "properties": {
        "osm_id": "node/6937477838",
        "name": "K.M. Polyclinic",
        "kind": "clinic",
        "category": "health",
        "source": "OpenStreetMap contributors",
        "captured_utc": "2026-09-09 16:36"
      },
      "geometry": {
        "type": "Point",
        "coordinates": [
          76.9475555,
          11.0061296
        ]
      }
    },
    {
      "type": "Feature",
      "properties": {
        "osm_id": "node/6937527640",
        "name": "Sruti Hospitals",
        "kind": "hospital",
        "category": "health",
        "source": "OpenStreetMap contributors",
        "captured_utc": "2026-09-09 16:36"
      },
      "geometry": {
        "type": "Point",
        "coordinates": [
          76.9525994,
          11.0060677
        ]
      }
    },
    {
      "type": "Feature",
      "properties": {
        "osm_id": "node/7045329885",
        "name": "Health",
        "kind": "dentist",
        "category": "health",
        "source": "OpenStreetMap contributors",
        "captured_utc": "2026-09-09 16:36"
      },
      "geometry": {
        "type": "Point",
        "coordinates": [
          76.9970065,
          11.0286273
        ]
      }
    },
    {
      "type": "Feature",
      "properties": {
        "osm_id": "node/7210911318",
        "name": "Shree Sivaa Hospital",
        "kind": "hospital",
        "category": "health",
        "source": "OpenStreetMap contributors",
        "captured_utc": "2026-09-09 16:36"
      },
      "geometry": {
        "type": "Point",
        "coordinates": [
          76.9856121,
          11.0450728
        ]
      }
    },
    {
      "type": "Feature",
      "properties": {
        "osm_id": "node/7210920536",
        "name": "Aroghya Nursing Home",
        "kind": "clinic",
        "category": "health",
        "source": "OpenStreetMap contributors",
        "captured_utc": "2026-09-09 16:36"
      },
      "geometry": {
        "type": "Point",
        "coordinates": [
          76.911949,
          11.0246121
        ]
      }
    },
    {
      "type": "Feature",
      "properties": {
        "osm_id": "node/7210924997",
        "name": "Dr. BRJ Ortho Centre",
        "kind": "hospital",
        "category": "health",
        "source": "OpenStreetMap contributors",
        "captured_utc": "2026-09-09 16:36"
      },
      "geometry": {
        "type": "Point",
        "coordinates": [
          76.9512209,
          11.0340354
        ]
      }
    },
    {
      "type": "Feature",
      "properties": {
        "osm_id": "node/7257155919",
        "name": "Geethasree Hospital, Coimbatore",
        "kind": "hospital",
        "category": "health",
        "source": "OpenStreetMap contributors",
        "captured_utc": "2026-09-09 16:36"
      },
      "geometry": {
        "type": "Point",
        "coordinates": [
          77.002444,
          11.07196
        ]
      }
    },
    {
      "type": "Feature",
      "properties": {
        "osm_id": "node/7257155935",
        "name": "J.M.Hospital, Edayarpalayam",
        "kind": "hospital",
        "category": "health",
        "source": "OpenStreetMap contributors",
        "captured_utc": "2026-09-09 16:36"
      },
      "geometry": {
        "type": "Point",
        "coordinates": [
          76.918862,
          11.04984
        ]
      }
    },
    {
      "type": "Feature",
      "properties": {
        "osm_id": "node/7257155938",
        "name": "AR Medical Centre",
        "kind": "hospital",
        "category": "health",
        "source": "OpenStreetMap contributors",
        "captured_utc": "2026-09-09 16:36"
      },
      "geometry": {
        "type": "Point",
        "coordinates": [
          76.971976,
          11.04788
        ]
      }
    },
    {
      "type": "Feature",
      "properties": {
        "osm_id": "node/7257155948",
        "name": "Kamalaprakasam, Kalapatti",
        "kind": "hospital",
        "category": "health",
        "source": "OpenStreetMap contributors",
        "captured_utc": "2026-09-09 16:36"
      },
      "geometry": {
        "type": "Point",
        "coordinates": [
          77.035681,
          11.0778
        ]
      }
    },
    {
      "type": "Feature",
      "properties": {
        "osm_id": "node/7257155951",
        "name": "Coimbatore Medical College Hospital",
        "kind": "hospital",
        "category": "health",
        "source": "OpenStreetMap contributors",
        "captured_utc": "2026-09-09 16:36"
      },
      "geometry": {
        "type": "Point",
        "coordinates": [
          77.0237553,
          11.0289285
        ]
      }
    },
    {
      "type": "Feature",
      "properties": {
        "osm_id": "node/7257155969",
        "name": "SS Hospital Coimbatore",
        "kind": "hospital",
        "category": "health",
        "source": "OpenStreetMap contributors",
        "captured_utc": "2026-09-09 16:36"
      },
      "geometry": {
        "type": "Point",
        "coordinates": [
          77.000115,
          11.04761
        ]
      }
    },
    {
      "type": "Feature",
      "properties": {
        "osm_id": "node/7257155978",
        "name": "Rg Clinic , Coimbatore",
        "kind": "clinic",
        "category": "health",
        "source": "OpenStreetMap contributors",
        "captured_utc": "2026-09-09 16:36"
      },
      "geometry": {
        "type": "Point",
        "coordinates": [
          76.9971511,
          11.0596676
        ]
      }
    },
    {
      "type": "Feature",
      "properties": {
        "osm_id": "node/7257155982",
        "name": "Hem Hospital- Thudiaylur, Coimbatore",
        "kind": "hospital",
        "category": "health",
        "source": "OpenStreetMap contributors",
        "captured_utc": "2026-09-09 16:36"
      },
      "geometry": {
        "type": "Point",
        "coordinates": [
          76.9424139,
          11.0757442
        ]
      }
    },
    {
      "type": "Feature",
      "properties": {
        "osm_id": "node/7257156002",
        "name": "Harini Shravan, Coimbatore",
        "kind": "hospital",
        "category": "health",
        "source": "OpenStreetMap contributors",
        "captured_utc": "2026-09-09 16:36"
      },
      "geometry": {
        "type": "Point",
        "coordinates": [
          77.0005452,
          11.0703318
        ]
      }
    },
    {
      "type": "Feature",
      "properties": {
        "osm_id": "node/7257156011",
        "name": "Ramana Gounder Medical Trust Hospital",
        "kind": "hospital",
        "category": "health",
        "source": "OpenStreetMap contributors",
        "captured_utc": "2026-09-09 16:36"
      },
      "geometry": {
        "type": "Point",
        "coordinates": [
          76.939234,
          11.0753938
        ]
      }
    },
    {
      "type": "Feature",
      "properties": {
        "osm_id": "node/7257156015",
        "name": "Bishop Walsh Memorial Hospital, Coimbatore",
        "kind": "hospital",
        "category": "health",
        "source": "OpenStreetMap contributors",
        "captured_utc": "2026-09-09 16:36"
      },
      "geometry": {
        "type": "Point",
        "coordinates": [
          76.871537,
          11.07251
        ]
      }
    },
    {
      "type": "Feature",
      "properties": {
        "osm_id": "node/7257156017",
        "name": "Malar Hpl Goundanpalayam",
        "kind": "hospital",
        "category": "health",
        "source": "OpenStreetMap contributors",
        "captured_utc": "2026-09-09 16:36"
      },
      "geometry": {
        "type": "Point",
        "coordinates": [
          76.9475494,
          11.0437293
        ]
      }
    },
    {
      "type": "Feature",
      "properties": {
        "osm_id": "node/7257156018",
        "name": "Sai Hospital",
        "kind": "hospital",
        "category": "health",
        "source": "OpenStreetMap contributors",
        "captured_utc": "2026-09-09 16:36"
      },
      "geometry": {
        "type": "Point",
        "coordinates": [
          76.9383967,
          11.0904781
        ]
      }
    },
    {
      "type": "Feature",
      "properties": {
        "osm_id": "node/7257156021",
        "name": "Pavithra Medical Centre",
        "kind": "hospital",
        "category": "health",
        "source": "OpenStreetMap contributors",
        "captured_utc": "2026-09-09 16:36"
      },
      "geometry": {
        "type": "Point",
        "coordinates": [
          76.869337,
          11.08088
        ]
      }
    },
    {
      "type": "Feature",
      "properties": {
        "osm_id": "node/7257156023",
        "name": "V.R.Hospital, Coimbatore",
        "kind": "hospital",
        "category": "health",
        "source": "OpenStreetMap contributors",
        "captured_utc": "2026-09-09 16:36"
      },
      "geometry": {
        "type": "Point",
        "coordinates": [
          77.001972,
          11.05642
        ]
      }
    },
    {
      "type": "Feature",
      "properties": {
        "osm_id": "node/7257156045",
        "name": "Sree Subiksha Hospital",
        "kind": "hospital",
        "category": "health",
        "source": "OpenStreetMap contributors",
        "captured_utc": "2026-09-09 16:36"
      },
      "geometry": {
        "type": "Point",
        "coordinates": [
          76.897449,
          11.0287
        ]
      }
    },
    {
      "type": "Feature",
      "properties": {
        "osm_id": "node/7257156048",
        "name": "Vimal Jothi Hospital",
        "kind": "hospital",
        "category": "health",
        "source": "OpenStreetMap contributors",
        "captured_utc": "2026-09-09 16:36"
      },
      "geometry": {
        "type": "Point",
        "coordinates": [
          77.008366,
          11.0892
        ]
      }
    },
    {
      "type": "Feature",
      "properties": {
        "osm_id": "node/7257166752",
        "name": "Ambal Malumichampatty, Coimbatore",
        "kind": "hospital",
        "category": "health",
        "source": "OpenStreetMap contributors",
        "captured_utc": "2026-09-09 16:36"
      },
      "geometry": {
        "type": "Point",
        "coordinates": [
          76.997586,
          10.90265
        ]
      }
    },
    {
      "type": "Feature",
      "properties": {
        "osm_id": "node/7257166779",
        "name": "Government Hospital, Madukkarai",
        "kind": "hospital",
        "category": "health",
        "source": "OpenStreetMap contributors",
        "captured_utc": "2026-09-09 16:36"
      },
      "geometry": {
        "type": "Point",
        "coordinates": [
          76.9635381,
          10.9037986
        ]
      }
    },
    {
      "type": "Feature",
      "properties": {
        "osm_id": "node/7257166809",
        "name": "Natraj Hospital",
        "kind": "hospital",
        "category": "health",
        "source": "OpenStreetMap contributors",
        "captured_utc": "2026-09-09 16:36"
      },
      "geometry": {
        "type": "Point",
        "coordinates": [
          76.9586654,
          10.9042796
        ]
      }
    },
    {
      "type": "Feature",
      "properties": {
        "osm_id": "node/7257166815",
        "name": "I.J.Hospital, Kuniayamuthur, Coimbatore",
        "kind": "hospital",
        "category": "health",
        "source": "OpenStreetMap contributors",
        "captured_utc": "2026-09-09 16:36"
      },
      "geometry": {
        "type": "Point",
        "coordinates": [
          76.955989,
          10.95365
        ]
      }
    },
    {
      "type": "Feature",
      "properties": {
        "osm_id": "node/7257166877",
        "name": "Abirami Hospital, Coimbatore",
        "kind": "hospital",
        "category": "health",
        "source": "OpenStreetMap contributors",
        "captured_utc": "2026-09-09 16:36"
      },
      "geometry": {
        "type": "Point",
        "coordinates": [
          76.973201,
          10.95254
        ]
      }
    },
    {
      "type": "Feature",
      "properties": {
        "osm_id": "node/7257166879",
        "name": "Ganapathy Pc Sundarapuram,",
        "kind": "hospital",
        "category": "health",
        "source": "OpenStreetMap contributors",
        "captured_utc": "2026-09-09 16:36"
      },
      "geometry": {
        "type": "Point",
        "coordinates": [
          76.9758815,
          10.9521673
        ]
      }
    },
    {
      "type": "Feature",
      "properties": {
        "osm_id": "node/7257183906",
        "name": "Ponnaiah Hospital",
        "kind": "hospital",
        "category": "health",
        "source": "OpenStreetMap contributors",
        "captured_utc": "2026-09-09 16:36"
      },
      "geometry": {
        "type": "Point",
        "coordinates": [
          76.9530054,
          11.0108047
        ]
      }
    },
    {
      "type": "Feature",
      "properties": {
        "osm_id": "node/7257183907",
        "name": "Rani Nursing Home, Selvapuram, Coimbatore",
        "kind": "hospital",
        "category": "health",
        "source": "OpenStreetMap contributors",
        "captured_utc": "2026-09-09 16:36"
      },
      "geometry": {
        "type": "Point",
        "coordinates": [
          76.9392029,
          10.9871756
        ]
      }
    },
    {
      "type": "Feature",
      "properties": {
        "osm_id": "node/7257183911",
        "name": "Shree Hospital, Puliakulam, Coimbatore",
        "kind": "hospital",
        "category": "health",
        "source": "OpenStreetMap contributors",
        "captured_utc": "2026-09-09 16:36"
      },
      "geometry": {
        "type": "Point",
        "coordinates": [
          76.9914482,
          11.0064832
        ]
      }
    },
    {
      "type": "Feature",
      "properties": {
        "osm_id": "node/7257183913",
        "name": "Sri Meenakshi Hospital, Kuniamuthur",
        "kind": "hospital",
        "category": "health",
        "source": "OpenStreetMap contributors",
        "captured_utc": "2026-09-09 16:36"
      },
      "geometry": {
        "type": "Point",
        "coordinates": [
          76.9544328,
          10.9567349
        ]
      }
    },
    {
      "type": "Feature",
      "properties": {
        "osm_id": "node/7257183914",
        "name": "Shanmuga Hospital Rs Puram",
        "kind": "hospital",
        "category": "health",
        "source": "OpenStreetMap contributors",
        "captured_utc": "2026-09-09 16:36"
      },
      "geometry": {
        "type": "Point",
        "coordinates": [
          76.948869,
          11.0029
        ]
      }
    },
    {
      "type": "Feature",
      "properties": {
        "osm_id": "node/7257183916",
        "name": "Singanallur Government Hospital",
        "kind": "hospital",
        "category": "health",
        "source": "OpenStreetMap contributors",
        "captured_utc": "2026-09-09 16:36"
      },
      "geometry": {
        "type": "Point",
        "coordinates": [
          77.033733,
          11.0011
        ]
      }
    },
    {
      "type": "Feature",
      "properties": {
        "osm_id": "node/7257183917",
        "name": "Podanur Government Hospital",
        "kind": "hospital",
        "category": "health",
        "source": "OpenStreetMap contributors",
        "captured_utc": "2026-09-09 16:36"
      },
      "geometry": {
        "type": "Point",
        "coordinates": [
          76.9870623,
          10.9664096
        ]
      }
    },
    {
      "type": "Feature",
      "properties": {
        "osm_id": "node/7257183920",
        "name": "Medwin Hospital, Coimbatore",
        "kind": "hospital",
        "category": "health",
        "source": "OpenStreetMap contributors",
        "captured_utc": "2026-09-09 16:36"
      },
      "geometry": {
        "type": "Point",
        "coordinates": [
          77.0051728,
          10.9972946
        ]
      }
    },
    {
      "type": "Feature",
      "properties": {
        "osm_id": "node/7257183925",
        "name": "Sudha Hospital",
        "kind": "hospital",
        "category": "health",
        "source": "OpenStreetMap contributors",
        "captured_utc": "2026-09-09 16:36"
      },
      "geometry": {
        "type": "Point",
        "coordinates": [
          76.9758131,
          11.0168278
        ]
      }
    },
    {
      "type": "Feature",
      "properties": {
        "osm_id": "node/7257183926",
        "name": "I.C.C Hospital For Women & Children, Coimbatore",
        "kind": "hospital",
        "category": "health",
        "source": "OpenStreetMap contributors",
        "captured_utc": "2026-09-09 16:36"
      },
      "geometry": {
        "type": "Point",
        "coordinates": [
          76.9634777,
          10.9958251
        ]
      }
    },
    {
      "type": "Feature",
      "properties": {
        "osm_id": "node/7257183942",
        "name": "Government Hospital, Kuruchi",
        "kind": "hospital",
        "category": "health",
        "source": "OpenStreetMap contributors",
        "captured_utc": "2026-09-09 16:36"
      },
      "geometry": {
        "type": "Point",
        "coordinates": [
          76.97122,
          10.9638671
        ]
      }
    },
    {
      "type": "Feature",
      "properties": {
        "osm_id": "node/7257183943",
        "name": "Peoples Medical Centre, Coimbatore",
        "kind": "hospital",
        "category": "health",
        "source": "OpenStreetMap contributors",
        "captured_utc": "2026-09-09 16:36"
      },
      "geometry": {
        "type": "Point",
        "coordinates": [
          77.0603524,
          11.0217448
        ]
      }
    },
    {
      "type": "Feature",
      "properties": {
        "osm_id": "node/7257183944",
        "name": "Rk Bai Corporation Health Centre",
        "kind": "clinic",
        "category": "health",
        "source": "OpenStreetMap contributors",
        "captured_utc": "2026-09-09 16:36"
      },
      "geometry": {
        "type": "Point",
        "coordinates": [
          76.949604,
          10.9998322
        ]
      }
    },
    {
      "type": "Feature",
      "properties": {
        "osm_id": "node/7257183946",
        "name": "VGM Hospital, Coimbatore",
        "kind": "hospital",
        "category": "health",
        "source": "OpenStreetMap contributors",
        "captured_utc": "2026-09-09 16:36"
      },
      "geometry": {
        "type": "Point",
        "coordinates": [
          77.014447,
          10.99819
        ]
      }
    },
    {
      "type": "Feature",
      "properties": {
        "osm_id": "node/7257183957",
        "name": "Gateway Clinic",
        "kind": "clinic",
        "category": "health",
        "source": "OpenStreetMap contributors",
        "captured_utc": "2026-09-09 16:36"
      },
      "geometry": {
        "type": "Point",
        "coordinates": [
          76.9492706,
          11.0128764
        ]
      }
    },
    {
      "type": "Feature",
      "properties": {
        "osm_id": "node/7257183959",
        "name": "Roselet Medical Centre,Coimbatore",
        "kind": "hospital",
        "category": "health",
        "source": "OpenStreetMap contributors",
        "captured_utc": "2026-09-09 16:36"
      },
      "geometry": {
        "type": "Point",
        "coordinates": [
          77.008874,
          11.01005
        ]
      }
    },
    {
      "type": "Feature",
      "properties": {
        "osm_id": "node/7257183960",
        "name": "Karthic Nursing Home",
        "kind": "clinic",
        "category": "health",
        "source": "OpenStreetMap contributors",
        "captured_utc": "2026-09-09 16:36"
      },
      "geometry": {
        "type": "Point",
        "coordinates": [
          76.95416,
          10.99135
        ]
      }
    },
    {
      "type": "Feature",
      "properties": {
        "osm_id": "node/7257183964",
        "name": "Sabari Hospital, Coimbatore",
        "kind": "hospital",
        "category": "health",
        "source": "OpenStreetMap contributors",
        "captured_utc": "2026-09-09 16:36"
      },
      "geometry": {
        "type": "Point",
        "coordinates": [
          76.939724,
          11.0254441
        ]
      }
    },
    {
      "type": "Feature",
      "properties": {
        "osm_id": "node/7257183965",
        "name": "Raksha Medical Centre",
        "kind": "hospital",
        "category": "health",
        "source": "OpenStreetMap contributors",
        "captured_utc": "2026-09-09 16:36"
      },
      "geometry": {
        "type": "Point",
        "coordinates": [
          76.987019,
          10.95665
        ]
      }
    },
    {
      "type": "Feature",
      "properties": {
        "osm_id": "node/7257183966",
        "name": "Dr.Manoharan Hospital, Thadagam, Coimbatore",
        "kind": "hospital",
        "category": "health",
        "source": "OpenStreetMap contributors",
        "captured_utc": "2026-09-09 16:36"
      },
      "geometry": {
        "type": "Point",
        "coordinates": [
          76.9452484,
          11.0067511
        ]
      }
    },
    {
      "type": "Feature",
      "properties": {
        "osm_id": "node/7257183971",
        "name": "Sengottaiah Hospital, Coimbatore",
        "kind": "hospital",
        "category": "health",
        "source": "OpenStreetMap contributors",
        "captured_utc": "2026-09-09 16:36"
      },
      "geometry": {
        "type": "Point",
        "coordinates": [
          76.9601579,
          11.0225148
        ]
      }
    },
    {
      "type": "Feature",
      "properties": {
        "osm_id": "node/7257183972",
        "name": "Sangeetha Hospital, Kuniyamuthur",
        "kind": "hospital",
        "category": "health",
        "source": "OpenStreetMap contributors",
        "captured_utc": "2026-09-09 16:36"
      },
      "geometry": {
        "type": "Point",
        "coordinates": [
          76.9562562,
          10.9641042
        ]
      }
    },
    {
      "type": "Feature",
      "properties": {
        "osm_id": "node/7257183974",
        "name": "Seetharam Hospital, Coimbatore",
        "kind": "hospital",
        "category": "health",
        "source": "OpenStreetMap contributors",
        "captured_utc": "2026-09-09 16:36"
      },
      "geometry": {
        "type": "Point",
        "coordinates": [
          76.948495,
          10.99941
        ]
      }
    },
    {
      "type": "Feature",
      "properties": {
        "osm_id": "node/7257183976",
        "name": "Preethi Medical Centre",
        "kind": "hospital",
        "category": "health",
        "source": "OpenStreetMap contributors",
        "captured_utc": "2026-09-09 16:36"
      },
      "geometry": {
        "type": "Point",
        "coordinates": [
          76.9649585,
          11.0208486
        ]
      }
    },
    {
      "type": "Feature",
      "properties": {
        "osm_id": "node/7257183978",
        "name": "Ishaiah Hospital, Coimbatore",
        "kind": "hospital",
        "category": "health",
        "source": "OpenStreetMap contributors",
        "captured_utc": "2026-09-09 16:36"
      },
      "geometry": {
        "type": "Point",
        "coordinates": [
          76.9779193,
          11.0154329
        ]
      }
    },
    {
      "type": "Feature",
      "properties": {
        "osm_id": "node/7257183983",
        "name": "Manu Hospital- Coimbatore",
        "kind": "hospital",
        "category": "health",
        "source": "OpenStreetMap contributors",
        "captured_utc": "2026-09-09 16:36"
      },
      "geometry": {
        "type": "Point",
        "coordinates": [
          76.976787,
          10.99147
        ]
      }
    },
    {
      "type": "Feature",
      "properties": {
        "osm_id": "node/7257183988",
        "name": "Saraswathi Hospital",
        "kind": "hospital",
        "category": "health",
        "source": "OpenStreetMap contributors",
        "captured_utc": "2026-09-09 16:36"
      },
      "geometry": {
        "type": "Point",
        "coordinates": [
          77.071368,
          11.0069868
        ]
      }
    },
    {
      "type": "Feature",
      "properties": {
        "osm_id": "node/7257183990",
        "name": "Akshaya Maternity Center",
        "kind": "hospital",
        "category": "health",
        "source": "OpenStreetMap contributors",
        "captured_utc": "2026-09-09 16:36"
      },
      "geometry": {
        "type": "Point",
        "coordinates": [
          76.902176,
          11.02567
        ]
      }
    },
    {
      "type": "Feature",
      "properties": {
        "osm_id": "node/7257183994",
        "name": "Muniyappa Hospital, Coimbatore",
        "kind": "hospital",
        "category": "health",
        "source": "OpenStreetMap contributors",
        "captured_utc": "2026-09-09 16:36"
      },
      "geometry": {
        "type": "Point",
        "coordinates": [
          76.9527967,
          11.0060689
        ]
      }
    },
    {
      "type": "Feature",
      "properties": {
        "osm_id": "node/7257183995",
        "name": "Rajalakshmi Hospital, Coimbatore",
        "kind": "hospital",
        "category": "health",
        "source": "OpenStreetMap contributors",
        "captured_utc": "2026-09-09 16:36"
      },
      "geometry": {
        "type": "Point",
        "coordinates": [
          76.9503459,
          11.0044176
        ]
      }
    },
    {
      "type": "Feature",
      "properties": {
        "osm_id": "node/7257183997",
        "name": "Sivashantha Mother & Child Health Centre",
        "kind": "hospital",
        "category": "health",
        "source": "OpenStreetMap contributors",
        "captured_utc": "2026-09-09 16:36"
      },
      "geometry": {
        "type": "Point",
        "coordinates": [
          76.9136781,
          11.0231222
        ]
      }
    },
    {
      "type": "Feature",
      "properties": {
        "osm_id": "node/7257183998",
        "name": "Vela Hospital, Singanallur, Coimbatore",
        "kind": "hospital",
        "category": "health",
        "source": "OpenStreetMap contributors",
        "captured_utc": "2026-09-09 16:36"
      },
      "geometry": {
        "type": "Point",
        "coordinates": [
          77.0300545,
          11.0017873
        ]
      }
    },
    {
      "type": "Feature",
      "properties": {
        "osm_id": "node/7257184001",
        "name": "Guru Kirupa Hospital, Pn Palayam, Coimbatore",
        "kind": "hospital",
        "category": "health",
        "source": "OpenStreetMap contributors",
        "captured_utc": "2026-09-09 16:36"
      },
      "geometry": {
        "type": "Point",
        "coordinates": [
          76.9511992,
          10.9995252
        ]
      }
    },
    {
      "type": "Feature",
      "properties": {
        "osm_id": "node/7257184003",
        "name": "Sathyan Eye Care Hospital & Coimbatore Glaucoma Foundation",
        "kind": "hospital",
        "category": "health",
        "source": "OpenStreetMap contributors",
        "captured_utc": "2026-09-09 16:36"
      },
      "geometry": {
        "type": "Point",
        "coordinates": [
          77.0009615,
          10.9980405
        ]
      }
    },
    {
      "type": "Feature",
      "properties": {
        "osm_id": "node/7257184008",
        "name": "St. Mary's Hospital",
        "kind": "hospital",
        "category": "health",
        "source": "OpenStreetMap contributors",
        "captured_utc": "2026-09-09 16:36"
      },
      "geometry": {
        "type": "Point",
        "coordinates": [
          76.98594,
          10.9626641
        ]
      }
    },
    {
      "type": "Feature",
      "properties": {
        "osm_id": "node/7257184011",
        "name": "Thondamuthur, Government Hospital",
        "kind": "hospital",
        "category": "health",
        "source": "OpenStreetMap contributors",
        "captured_utc": "2026-09-09 16:36"
      },
      "geometry": {
        "type": "Point",
        "coordinates": [
          76.8421063,
          10.9917607
        ]
      }
    },
    {
      "type": "Feature",
      "properties": {
        "osm_id": "node/7257184012",
        "name": "Revathi Hospital, Selvapuram",
        "kind": "hospital",
        "category": "health",
        "source": "OpenStreetMap contributors",
        "captured_utc": "2026-09-09 16:36"
      },
      "geometry": {
        "type": "Point",
        "coordinates": [
          76.9400963,
          10.9882483
        ]
      }
    },
    {
      "type": "Feature",
      "properties": {
        "osm_id": "node/7257184015",
        "name": "ANP Nursing Home",
        "kind": "clinic",
        "category": "health",
        "source": "OpenStreetMap contributors",
        "captured_utc": "2026-09-09 16:36"
      },
      "geometry": {
        "type": "Point",
        "coordinates": [
          76.8654305,
          11.0070282
        ]
      }
    },
    {
      "type": "Feature",
      "properties": {
        "osm_id": "node/7257184018",
        "name": "Nehru Urology Centre",
        "kind": "hospital",
        "category": "health",
        "source": "OpenStreetMap contributors",
        "captured_utc": "2026-09-09 16:36"
      },
      "geometry": {
        "type": "Point",
        "coordinates": [
          76.9943296,
          11.0248525
        ]
      }
    },
    {
      "type": "Feature",
      "properties": {
        "osm_id": "node/7257184021",
        "name": "Om Sakthi Hospital, Coimbatore",
        "kind": "hospital",
        "category": "health",
        "source": "OpenStreetMap contributors",
        "captured_utc": "2026-09-09 16:36"
      },
      "geometry": {
        "type": "Point",
        "coordinates": [
          76.988996,
          11.00282
        ]
      }
    },
    {
      "type": "Feature",
      "properties": {
        "osm_id": "node/7257184024",
        "name": "Sri Bala Medical Centre Hospital",
        "kind": "hospital",
        "category": "health",
        "source": "OpenStreetMap contributors",
        "captured_utc": "2026-09-09 16:36"
      },
      "geometry": {
        "type": "Point",
        "coordinates": [
          76.9954568,
          10.9967187
        ]
      }
    },
    {
      "type": "Feature",
      "properties": {
        "osm_id": "node/7257184026",
        "name": "Santhiya Hospital",
        "kind": "hospital",
        "category": "health",
        "source": "OpenStreetMap contributors",
        "captured_utc": "2026-09-09 16:36"
      },
      "geometry": {
        "type": "Point",
        "coordinates": [
          76.9746602,
          10.9950877
        ]
      }
    },
    {
      "type": "Feature",
      "properties": {
        "osm_id": "node/7257184029",
        "name": "Annai Nursing Home",
        "kind": "clinic",
        "category": "health",
        "source": "OpenStreetMap contributors",
        "captured_utc": "2026-09-09 16:36"
      },
      "geometry": {
        "type": "Point",
        "coordinates": [
          76.951744,
          10.99386
        ]
      }
    },
    {
      "type": "Feature",
      "properties": {
        "osm_id": "node/7343511629",
        "name": "Devi Hospital",
        "kind": "hospital",
        "category": "health",
        "source": "OpenStreetMap contributors",
        "captured_utc": "2026-09-09 16:36"
      },
      "geometry": {
        "type": "Point",
        "coordinates": [
          76.9381035,
          11.0253792
        ]
      }
    },
    {
      "type": "Feature",
      "properties": {
        "osm_id": "node/7538189573",
        "name": "Karl Kubel Institute For Devlopment Education",
        "kind": "college",
        "category": "education",
        "source": "OpenStreetMap contributors",
        "captured_utc": "2026-09-09 16:36"
      },
      "geometry": {
        "type": "Point",
        "coordinates": [
          76.8201826,
          11.0838847
        ]
      }
    },
    {
      "type": "Feature",
      "properties": {
        "osm_id": "node/7609845317",
        "name": "farmers market",
        "kind": "marketplace",
        "category": "other",
        "source": "OpenStreetMap contributors",
        "captured_utc": "2026-09-09 16:36"
      },
      "geometry": {
        "type": "Point",
        "coordinates": [
          76.9726623,
          10.9537473
        ]
      }
    },
    {
      "type": "Feature",
      "properties": {
        "osm_id": "node/7621881239",
        "name": "Adhira International School",
        "kind": "school",
        "category": "education",
        "source": "OpenStreetMap contributors",
        "captured_utc": "2026-09-09 16:36"
      },
      "geometry": {
        "type": "Point",
        "coordinates": [
          76.9247249,
          11.0665259
        ]
      }
    },
    {
      "type": "Feature",
      "properties": {
        "osm_id": "node/7726414486",
        "name": "Health",
        "kind": "clinic",
        "category": "health",
        "source": "OpenStreetMap contributors",
        "captured_utc": "2026-09-09 16:36"
      },
      "geometry": {
        "type": "Point",
        "coordinates": [
          77.0228879,
          11.0190925
        ]
      }
    },
    {
      "type": "Feature",
      "properties": {
        "osm_id": "node/7844009702",
        "name": "Smile With Us Dental Clinic",
        "kind": "dentist",
        "category": "health",
        "source": "OpenStreetMap contributors",
        "captured_utc": "2026-09-09 16:36"
      },
      "geometry": {
        "type": "Point",
        "coordinates": [
          76.9264328,
          11.0385657
        ]
      }
    },
    {
      "type": "Feature",
      "properties": {
        "osm_id": "node/7844009703",
        "name": "Sumith Hospital",
        "kind": "hospital",
        "category": "health",
        "source": "OpenStreetMap contributors",
        "captured_utc": "2026-09-09 16:36"
      },
      "geometry": {
        "type": "Point",
        "coordinates": [
          76.9228367,
          11.0387262
        ]
      }
    },
    {
      "type": "Feature",
      "properties": {
        "osm_id": "node/7844009704",
        "name": "M G Dental Clinic",
        "kind": "dentist",
        "category": "health",
        "source": "OpenStreetMap contributors",
        "captured_utc": "2026-09-09 16:36"
      },
      "geometry": {
        "type": "Point",
        "coordinates": [
          76.9281838,
          11.035564
        ]
      }
    },
    {
      "type": "Feature",
      "properties": {
        "osm_id": "node/7844009706",
        "name": "Ranjith Dental Hospital",
        "kind": "hospital",
        "category": "health",
        "source": "OpenStreetMap contributors",
        "captured_utc": "2026-09-09 16:36"
      },
      "geometry": {
        "type": "Point",
        "coordinates": [
          76.926209,
          11.038389
        ]
      }
    },
    {
      "type": "Feature",
      "properties": {
        "osm_id": "node/7844009707",
        "name": "Muruganatham Clinic",
        "kind": "clinic",
        "category": "health",
        "source": "OpenStreetMap contributors",
        "captured_utc": "2026-09-09 16:36"
      },
      "geometry": {
        "type": "Point",
        "coordinates": [
          76.9437321,
          11.0247015
        ]
      }
    },
    {
      "type": "Feature",
      "properties": {
        "osm_id": "node/7844009708",
        "name": "Subasri Dental Clinic",
        "kind": "dentist",
        "category": "health",
        "source": "OpenStreetMap contributors",
        "captured_utc": "2026-09-09 16:36"
      },
      "geometry": {
        "type": "Point",
        "coordinates": [
          76.9363716,
          11.0256038
        ]
      }
    },
    {
      "type": "Feature",
      "properties": {
        "osm_id": "node/7844009710",
        "name": "Rukmani Ammal Hospital",
        "kind": "hospital",
        "category": "health",
        "source": "OpenStreetMap contributors",
        "captured_utc": "2026-09-09 16:36"
      },
      "geometry": {
        "type": "Point",
        "coordinates": [
          76.9439008,
          11.025042
        ]
      }
    },
    {
      "type": "Feature",
      "properties": {
        "osm_id": "node/7844009711",
        "name": "Onecare Ortho Hospital",
        "kind": "hospital",
        "category": "health",
        "source": "OpenStreetMap contributors",
        "captured_utc": "2026-09-09 16:36"
      },
      "geometry": {
        "type": "Point",
        "coordinates": [
          76.948798,
          11.026568
        ]
      }
    },
    {
      "type": "Feature",
      "properties": {
        "osm_id": "node/7844009712",
        "name": "Dr. Nithya",
        "kind": "doctors",
        "category": "health",
        "source": "OpenStreetMap contributors",
        "captured_utc": "2026-09-09 16:36"
      },
      "geometry": {
        "type": "Point",
        "coordinates": [
          76.9456019,
          11.0251484
        ]
      }
    },
    {
      "type": "Feature",
      "properties": {
        "osm_id": "node/7844009713",
        "name": "Harshika's Homoeo Clinic",
        "kind": "clinic",
        "category": "health",
        "source": "OpenStreetMap contributors",
        "captured_utc": "2026-09-09 16:36"
      },
      "geometry": {
        "type": "Point",
        "coordinates": [
          76.9391123,
          11.0283152
        ]
      }
    },
    {
      "type": "Feature",
      "properties": {
        "osm_id": "node/7844009717",
        "name": "Balaji Dental Clinic",
        "kind": "dentist",
        "category": "health",
        "source": "OpenStreetMap contributors",
        "captured_utc": "2026-09-09 16:36"
      },
      "geometry": {
        "type": "Point",
        "coordinates": [
          76.9085401,
          11.0645813
        ]
      }
    },
    {
      "type": "Feature",
      "properties": {
        "osm_id": "node/7844009718",
        "name": "Sri Saastha Physiotherapy Centre",
        "kind": "clinic",
        "category": "health",
        "source": "OpenStreetMap contributors",
        "captured_utc": "2026-09-09 16:36"
      },
      "geometry": {
        "type": "Point",
        "coordinates": [
          76.9428333,
          11.0271382
        ]
      }
    },
    {
      "type": "Feature",
      "properties": {
        "osm_id": "node/7844009721",
        "name": "Raaj Dental Hospital",
        "kind": "hospital",
        "category": "health",
        "source": "OpenStreetMap contributors",
        "captured_utc": "2026-09-09 16:36"
      },
      "geometry": {
        "type": "Point",
        "coordinates": [
          76.9423976,
          11.0263447
        ]
      }
    },
    {
      "type": "Feature",
      "properties": {
        "osm_id": "node/7844009722",
        "name": "Kannan Clinic",
        "kind": "clinic",
        "category": "health",
        "source": "OpenStreetMap contributors",
        "captured_utc": "2026-09-09 16:36"
      },
      "geometry": {
        "type": "Point",
        "coordinates": [
          76.9481906,
          11.027046
        ]
      }
    },
    {
      "type": "Feature",
      "properties": {
        "osm_id": "node/7844009725",
        "name": "Aswin Hospital",
        "kind": "hospital",
        "category": "health",
        "source": "OpenStreetMap contributors",
        "captured_utc": "2026-09-09 16:36"
      },
      "geometry": {
        "type": "Point",
        "coordinates": [
          76.9515108,
          11.0255271
        ]
      }
    },
    {
      "type": "Feature",
      "properties": {
        "osm_id": "node/7844009727",
        "name": "ENT Clinic",
        "kind": "clinic",
        "category": "health",
        "source": "OpenStreetMap contributors",
        "captured_utc": "2026-09-09 16:36"
      },
      "geometry": {
        "type": "Point",
        "coordinates": [
          76.947927,
          11.0269053
        ]
      }
    },
    {
      "type": "Feature",
      "properties": {
        "osm_id": "node/7844009729",
        "name": "Gireesh Clinic",
        "kind": "clinic",
        "category": "health",
        "source": "OpenStreetMap contributors",
        "captured_utc": "2026-09-09 16:36"
      },
      "geometry": {
        "type": "Point",
        "coordinates": [
          76.9231792,
          11.037184
        ]
      }
    },
    {
      "type": "Feature",
      "properties": {
        "osm_id": "node/7844009730",
        "name": "Vetri's Homeo Care",
        "kind": "clinic",
        "category": "health",
        "source": "OpenStreetMap contributors",
        "captured_utc": "2026-09-09 16:36"
      },
      "geometry": {
        "type": "Point",
        "coordinates": [
          76.9415948,
          11.0263805
        ]
      }
    },
    {
      "type": "Feature",
      "properties": {
        "osm_id": "node/7844009732",
        "name": "Dr. K. Suresh Clinic",
        "kind": "clinic",
        "category": "health",
        "source": "OpenStreetMap contributors",
        "captured_utc": "2026-09-09 16:36"
      },
      "geometry": {
        "type": "Point",
        "coordinates": [
          76.9397208,
          11.0300612
        ]
      }
    },
    {
      "type": "Feature",
      "properties": {
        "osm_id": "node/7844009735",
        "name": "Christos Dental Clinic",
        "kind": "dentist",
        "category": "health",
        "source": "OpenStreetMap contributors",
        "captured_utc": "2026-09-09 16:36"
      },
      "geometry": {
        "type": "Point",
        "coordinates": [
          76.9310053,
          11.0305981
        ]
      }
    },
    {
      "type": "Feature",
      "properties": {
        "osm_id": "node/7844009738",
        "name": "Shalini Dental Clinic",
        "kind": "dentist",
        "category": "health",
        "source": "OpenStreetMap contributors",
        "captured_utc": "2026-09-09 16:36"
      },
      "geometry": {
        "type": "Point",
        "coordinates": [
          76.9253683,
          11.0386241
        ]
      }
    },
    {
      "type": "Feature",
      "properties": {
        "osm_id": "node/7844009740",
        "name": "Karthik Clinic",
        "kind": "clinic",
        "category": "health",
        "source": "OpenStreetMap contributors",
        "captured_utc": "2026-09-09 16:36"
      },
      "geometry": {
        "type": "Point",
        "coordinates": [
          76.926025,
          11.038796
        ]
      }
    },
    {
      "type": "Feature",
      "properties": {
        "osm_id": "node/7844009741",
        "name": "Poornima Clinic",
        "kind": "clinic",
        "category": "health",
        "source": "OpenStreetMap contributors",
        "captured_utc": "2026-09-09 16:36"
      },
      "geometry": {
        "type": "Point",
        "coordinates": [
          76.937116,
          11.0256516
        ]
      }
    },
    {
      "type": "Feature",
      "properties": {
        "osm_id": "node/7844009743",
        "name": "Sakthi Fertility Hospital",
        "kind": "hospital",
        "category": "health",
        "source": "OpenStreetMap contributors",
        "captured_utc": "2026-09-09 16:36"
      },
      "geometry": {
        "type": "Point",
        "coordinates": [
          76.9463747,
          11.0255323
        ]
      }
    },
    {
      "type": "Feature",
      "properties": {
        "osm_id": "node/7844009746",
        "name": "APR Dental Care",
        "kind": "dentist",
        "category": "health",
        "source": "OpenStreetMap contributors",
        "captured_utc": "2026-09-09 16:36"
      },
      "geometry": {
        "type": "Point",
        "coordinates": [
          76.9095022,
          11.064224
        ]
      }
    },
    {
      "type": "Feature",
      "properties": {
        "osm_id": "node/7844009747",
        "name": "Dr. Rajasekar Clinic",
        "kind": "clinic",
        "category": "health",
        "source": "OpenStreetMap contributors",
        "captured_utc": "2026-09-09 16:36"
      },
      "geometry": {
        "type": "Point",
        "coordinates": [
          76.927068,
          11.0369397
        ]
      }
    },
    {
      "type": "Feature",
      "properties": {
        "osm_id": "node/7844009748",
        "name": "Masani Hospital",
        "kind": "hospital",
        "category": "health",
        "source": "OpenStreetMap contributors",
        "captured_utc": "2026-09-09 16:36"
      },
      "geometry": {
        "type": "Point",
        "coordinates": [
          76.9435571,
          11.0246928
        ]
      }
    },
    {
      "type": "Feature",
      "properties": {
        "osm_id": "node/7844009749",
        "name": "Kandaswamy Sidhq Hospital",
        "kind": "hospital",
        "category": "health",
        "source": "OpenStreetMap contributors",
        "captured_utc": "2026-09-09 16:36"
      },
      "geometry": {
        "type": "Point",
        "coordinates": [
          76.945987,
          11.026645
        ]
      }
    },
    {
      "type": "Feature",
      "properties": {
        "osm_id": "node/7844009752",
        "name": "Dr. Chithra Devi",
        "kind": "doctors",
        "category": "health",
        "source": "OpenStreetMap contributors",
        "captured_utc": "2026-09-09 16:36"
      },
      "geometry": {
        "type": "Point",
        "coordinates": [
          76.9087141,
          11.0648735
        ]
      }
    },
    {
      "type": "Feature",
      "properties": {
        "osm_id": "node/7844009753",
        "name": "Shree Kanna Clinic",
        "kind": "clinic",
        "category": "health",
        "source": "OpenStreetMap contributors",
        "captured_utc": "2026-09-09 16:36"
      },
      "geometry": {
        "type": "Point",
        "coordinates": [
          76.948803,
          11.026359
        ]
      }
    },
    {
      "type": "Feature",
      "properties": {
        "osm_id": "node/7844009754",
        "name": "P S G Cules Hospital",
        "kind": "hospital",
        "category": "health",
        "source": "OpenStreetMap contributors",
        "captured_utc": "2026-09-09 16:36"
      },
      "geometry": {
        "type": "Point",
        "coordinates": [
          76.92291,
          11.045772
        ]
      }
    },
    {
      "type": "Feature",
      "properties": {
        "osm_id": "node/7844009755",
        "name": "Akshaya Clinic",
        "kind": "clinic",
        "category": "health",
        "source": "OpenStreetMap contributors",
        "captured_utc": "2026-09-09 16:36"
      },
      "geometry": {
        "type": "Point",
        "coordinates": [
          76.9496102,
          11.0271033
        ]
      }
    },
    {
      "type": "Feature",
      "properties": {
        "osm_id": "node/7844009759",
        "name": "Dr. Sumathi Chandrasekaran Clinic",
        "kind": "clinic",
        "category": "health",
        "source": "OpenStreetMap contributors",
        "captured_utc": "2026-09-09 16:36"
      },
      "geometry": {
        "type": "Point",
        "coordinates": [
          76.9404132,
          11.0313641
        ]
      }
    },
    {
      "type": "Feature",
      "properties": {
        "osm_id": "node/7844009761",
        "name": "Ezhil Dental Clinic",
        "kind": "dentist",
        "category": "health",
        "source": "OpenStreetMap contributors",
        "captured_utc": "2026-09-09 16:36"
      },
      "geometry": {
        "type": "Point",
        "coordinates": [
          76.936095,
          11.025498
        ]
      }
    },
    {
      "type": "Feature",
      "properties": {
        "osm_id": "node/7844009763",
        "name": "Paavai ENT Hospital",
        "kind": "hospital",
        "category": "health",
        "source": "OpenStreetMap contributors",
        "captured_utc": "2026-09-09 16:36"
      },
      "geometry": {
        "type": "Point",
        "coordinates": [
          76.9416551,
          11.0270905
        ]
      }
    },
    {
      "type": "Feature",
      "properties": {
        "osm_id": "node/7844058258",
        "name": "Srinivas Hospital",
        "kind": "hospital",
        "category": "health",
        "source": "OpenStreetMap contributors",
        "captured_utc": "2026-09-09 16:36"
      },
      "geometry": {
        "type": "Point",
        "coordinates": [
          77.0192485,
          11.013248
        ]
      }
    },
    {
      "type": "Feature",
      "properties": {
        "osm_id": "node/7844058260",
        "name": "Kavya Ortho Centre",
        "kind": "clinic",
        "category": "health",
        "source": "OpenStreetMap contributors",
        "captured_utc": "2026-09-09 16:36"
      },
      "geometry": {
        "type": "Point",
        "coordinates": [
          77.0216931,
          11.0150335
        ]
      }
    },
    {
      "type": "Feature",
      "properties": {
        "osm_id": "node/7844058266",
        "name": "SM Clinic",
        "kind": "clinic",
        "category": "health",
        "source": "OpenStreetMap contributors",
        "captured_utc": "2026-09-09 16:36"
      },
      "geometry": {
        "type": "Point",
        "coordinates": [
          77.019663,
          11.013613
        ]
      }
    },
    {
      "type": "Feature",
      "properties": {
        "osm_id": "node/7844058270",
        "name": "Chycartist Hospital",
        "kind": "hospital",
        "category": "health",
        "source": "OpenStreetMap contributors",
        "captured_utc": "2026-09-09 16:36"
      },
      "geometry": {
        "type": "Point",
        "coordinates": [
          77.0202551,
          11.0160902
        ]
      }
    },
    {
      "type": "Feature",
      "properties": {
        "osm_id": "node/7844058271",
        "name": "Kovai Dental Care & Implant Centre",
        "kind": "dentist",
        "category": "health",
        "source": "OpenStreetMap contributors",
        "captured_utc": "2026-09-09 16:36"
      },
      "geometry": {
        "type": "Point",
        "coordinates": [
          77.0249144,
          11.0102234
        ]
      }
    },
    {
      "type": "Feature",
      "properties": {
        "osm_id": "node/7844058283",
        "name": "Thiru Physiotherapy Clinic",
        "kind": "clinic",
        "category": "health",
        "source": "OpenStreetMap contributors",
        "captured_utc": "2026-09-09 16:36"
      },
      "geometry": {
        "type": "Point",
        "coordinates": [
          77.023391,
          11.0143629
        ]
      }
    },
    {
      "type": "Feature",
      "properties": {
        "osm_id": "node/7844058295",
        "name": "Nalam Child Care",
        "kind": "clinic",
        "category": "health",
        "source": "OpenStreetMap contributors",
        "captured_utc": "2026-09-09 16:36"
      },
      "geometry": {
        "type": "Point",
        "coordinates": [
          77.0306011,
          11.0006287
        ]
      }
    },
    {
      "type": "Feature",
      "properties": {
        "osm_id": "node/7844058296",
        "name": "Lekha Clinic",
        "kind": "clinic",
        "category": "health",
        "source": "OpenStreetMap contributors",
        "captured_utc": "2026-09-09 16:36"
      },
      "geometry": {
        "type": "Point",
        "coordinates": [
          77.0273766,
          11.006978
        ]
      }
    },
    {
      "type": "Feature",
      "properties": {
        "osm_id": "node/7844058299",
        "name": "Dr. Felix Hospital",
        "kind": "hospital",
        "category": "health",
        "source": "OpenStreetMap contributors",
        "captured_utc": "2026-09-09 16:36"
      },
      "geometry": {
        "type": "Point",
        "coordinates": [
          77.0348661,
          11.0044086
        ]
      }
    },
    {
      "type": "Feature",
      "properties": {
        "osm_id": "node/7844058302",
        "name": "Vista Care Opticals & Eye Clinic",
        "kind": "clinic",
        "category": "health",
        "source": "OpenStreetMap contributors",
        "captured_utc": "2026-09-09 16:36"
      },
      "geometry": {
        "type": "Point",
        "coordinates": [
          77.0245161,
          11.0101764
        ]
      }
    },
    {
      "type": "Feature",
      "properties": {
        "osm_id": "node/7844131964",
        "name": "Vishnu Hospital",
        "kind": "hospital",
        "category": "health",
        "source": "OpenStreetMap contributors",
        "captured_utc": "2026-09-09 16:36"
      },
      "geometry": {
        "type": "Point",
        "coordinates": [
          76.9576345,
          11.0076298
        ]
      }
    },
    {
      "type": "Feature",
      "properties": {
        "osm_id": "node/7844131965",
        "name": "Alshifa Healing and Naturopathy Clinic",
        "kind": "clinic",
        "category": "health",
        "source": "OpenStreetMap contributors",
        "captured_utc": "2026-09-09 16:36"
      },
      "geometry": {
        "type": "Point",
        "coordinates": [
          76.9512758,
          10.998631
        ]
      }
    },
    {
      "type": "Feature",
      "properties": {
        "osm_id": "node/7844131966",
        "name": "Dr. J K's Homeopathy Clinic",
        "kind": "clinic",
        "category": "health",
        "source": "OpenStreetMap contributors",
        "captured_utc": "2026-09-09 16:36"
      },
      "geometry": {
        "type": "Point",
        "coordinates": [
          76.9530101,
          11.0046785
        ]
      }
    },
    {
      "type": "Feature",
      "properties": {
        "osm_id": "node/7844131967",
        "name": "Arc Fertility Hospital",
        "kind": "hospital",
        "category": "health",
        "source": "OpenStreetMap contributors",
        "captured_utc": "2026-09-09 16:36"
      },
      "geometry": {
        "type": "Point",
        "coordinates": [
          76.986166,
          11.012539
        ]
      }
    },
    {
      "type": "Feature",
      "properties": {
        "osm_id": "node/7844131968",
        "name": "Rex Ortho Hospital",
        "kind": "hospital",
        "category": "health",
        "source": "OpenStreetMap contributors",
        "captured_utc": "2026-09-09 16:36"
      },
      "geometry": {
        "type": "Point",
        "coordinates": [
          76.956396,
          11.008405
        ]
      }
    },
    {
      "type": "Feature",
      "properties": {
        "osm_id": "node/7844131969",
        "name": "Shark Clinic",
        "kind": "clinic",
        "category": "health",
        "source": "OpenStreetMap contributors",
        "captured_utc": "2026-09-09 16:36"
      },
      "geometry": {
        "type": "Point",
        "coordinates": [
          76.9744842,
          11.0188961
        ]
      }
    },
    {
      "type": "Feature",
      "properties": {
        "osm_id": "node/7844131970",
        "name": "Dr. B. Nirmala Womens Clinic",
        "kind": "clinic",
        "category": "health",
        "source": "OpenStreetMap contributors",
        "captured_utc": "2026-09-09 16:36"
      },
      "geometry": {
        "type": "Point",
        "coordinates": [
          76.9799078,
          11.0163044
        ]
      }
    },
    {
      "type": "Feature",
      "properties": {
        "osm_id": "node/7844131971",
        "name": "Dr. Karthikeyan Clinic",
        "kind": "clinic",
        "category": "health",
        "source": "OpenStreetMap contributors",
        "captured_utc": "2026-09-09 16:36"
      },
      "geometry": {
        "type": "Point",
        "coordinates": [
          76.9995376,
          10.9969119
        ]
      }
    },
    {
      "type": "Feature",
      "properties": {
        "osm_id": "node/7844131972",
        "name": "S.T Dental Care",
        "kind": "dentist",
        "category": "health",
        "source": "OpenStreetMap contributors",
        "captured_utc": "2026-09-09 16:36"
      },
      "geometry": {
        "type": "Point",
        "coordinates": [
          76.9559434,
          11.0027123
        ]
      }
    },
    {
      "type": "Feature",
      "properties": {
        "osm_id": "node/7844131973",
        "name": "Kids Clinic",
        "kind": "clinic",
        "category": "health",
        "source": "OpenStreetMap contributors",
        "captured_utc": "2026-09-09 16:36"
      },
      "geometry": {
        "type": "Point",
        "coordinates": [
          76.9812846,
          11.0163842
        ]
      }
    },
    {
      "type": "Feature",
      "properties": {
        "osm_id": "node/7844131974",
        "name": "N R Hospital",
        "kind": "hospital",
        "category": "health",
        "source": "OpenStreetMap contributors",
        "captured_utc": "2026-09-09 16:36"
      },
      "geometry": {
        "type": "Point",
        "coordinates": [
          76.9548289,
          11.0112326
        ]
      }
    },
    {
      "type": "Feature",
      "properties": {
        "osm_id": "node/7844131975",
        "name": "Parvathy Hospitals",
        "kind": "hospital",
        "category": "health",
        "source": "OpenStreetMap contributors",
        "captured_utc": "2026-09-09 16:36"
      },
      "geometry": {
        "type": "Point",
        "coordinates": [
          76.952299,
          11.01472
        ]
      }
    },
    {
      "type": "Feature",
      "properties": {
        "osm_id": "node/7844131976",
        "name": "Dr. Sambadam",
        "kind": "doctors",
        "category": "health",
        "source": "OpenStreetMap contributors",
        "captured_utc": "2026-09-09 16:36"
      },
      "geometry": {
        "type": "Point",
        "coordinates": [
          76.9512555,
          11.0041271
        ]
      }
    },
    {
      "type": "Feature",
      "properties": {
        "osm_id": "node/7844131977",
        "name": "Srigiri Ayurvedic Hospital",
        "kind": "hospital",
        "category": "health",
        "source": "OpenStreetMap contributors",
        "captured_utc": "2026-09-09 16:36"
      },
      "geometry": {
        "type": "Point",
        "coordinates": [
          76.9578763,
          11.0081541
        ]
      }
    },
    {
      "type": "Feature",
      "properties": {
        "osm_id": "node/7844131978",
        "name": "K.B.S. Hospital",
        "kind": "hospital",
        "category": "health",
        "source": "OpenStreetMap contributors",
        "captured_utc": "2026-09-09 16:36"
      },
      "geometry": {
        "type": "Point",
        "coordinates": [
          76.9842202,
          11.0157437
        ]
      }
    },
    {
      "type": "Feature",
      "properties": {
        "osm_id": "node/7844131979",
        "name": "Dr. G. Thiagarajan's Memorial Hospital",
        "kind": "hospital",
        "category": "health",
        "source": "OpenStreetMap contributors",
        "captured_utc": "2026-09-09 16:36"
      },
      "geometry": {
        "type": "Point",
        "coordinates": [
          76.989401,
          11.00534
        ]
      }
    },
    {
      "type": "Feature",
      "properties": {
        "osm_id": "node/7844131980",
        "name": "Ramvel Hospital",
        "kind": "hospital",
        "category": "health",
        "source": "OpenStreetMap contributors",
        "captured_utc": "2026-09-09 16:36"
      },
      "geometry": {
        "type": "Point",
        "coordinates": [
          76.9963939,
          10.9958212
        ]
      }
    },
    {
      "type": "Feature",
      "properties": {
        "osm_id": "node/7844131981",
        "name": "Shajitha Anwaruddin Clinic",
        "kind": "clinic",
        "category": "health",
        "source": "OpenStreetMap contributors",
        "captured_utc": "2026-09-09 16:36"
      },
      "geometry": {
        "type": "Point",
        "coordinates": [
          76.9592219,
          10.9905191
        ]
      }
    },
    {
      "type": "Feature",
      "properties": {
        "osm_id": "node/7844131982",
        "name": "Sathya Medical Centre & Hospital",
        "kind": "hospital",
        "category": "health",
        "source": "OpenStreetMap contributors",
        "captured_utc": "2026-09-09 16:36"
      },
      "geometry": {
        "type": "Point",
        "coordinates": [
          76.9582121,
          11.0238937
        ]
      }
    },
    {
      "type": "Feature",
      "properties": {
        "osm_id": "node/7844131983",
        "name": "Dr. K Shitra Hospital",
        "kind": "hospital",
        "category": "health",
        "source": "OpenStreetMap contributors",
        "captured_utc": "2026-09-09 16:36"
      },
      "geometry": {
        "type": "Point",
        "coordinates": [
          76.9555303,
          11.0052314
        ]
      }
    },
    {
      "type": "Feature",
      "properties": {
        "osm_id": "node/7844131984",
        "name": "Shakthi Clinic",
        "kind": "clinic",
        "category": "health",
        "source": "OpenStreetMap contributors",
        "captured_utc": "2026-09-09 16:36"
      },
      "geometry": {
        "type": "Point",
        "coordinates": [
          76.981739,
          11.015452
        ]
      }
    },
    {
      "type": "Feature",
      "properties": {
        "osm_id": "node/7844131985",
        "name": "Al Shaaf Dental Clinic",
        "kind": "dentist",
        "category": "health",
        "source": "OpenStreetMap contributors",
        "captured_utc": "2026-09-09 16:36"
      },
      "geometry": {
        "type": "Point",
        "coordinates": [
          76.968321,
          10.989042
        ]
      }
    },
    {
      "type": "Feature",
      "properties": {
        "osm_id": "node/7844131986",
        "name": "Ramakrishna Hospital",
        "kind": "hospital",
        "category": "health",
        "source": "OpenStreetMap contributors",
        "captured_utc": "2026-09-09 16:36"
      },
      "geometry": {
        "type": "Point",
        "coordinates": [
          76.972413,
          11.0207084
        ]
      }
    },
    {
      "type": "Feature",
      "properties": {
        "osm_id": "node/7844131987",
        "name": "Seethalakshmi Maternity Hospital",
        "kind": "hospital",
        "category": "health",
        "source": "OpenStreetMap contributors",
        "captured_utc": "2026-09-09 16:36"
      },
      "geometry": {
        "type": "Point",
        "coordinates": [
          76.9600631,
          11.0065379
        ]
      }
    },
    {
      "type": "Feature",
      "properties": {
        "osm_id": "node/7844131988",
        "name": "Sri Vishnu Priya Hospital",
        "kind": "hospital",
        "category": "health",
        "source": "OpenStreetMap contributors",
        "captured_utc": "2026-09-09 16:36"
      },
      "geometry": {
        "type": "Point",
        "coordinates": [
          76.951222,
          10.998711
        ]
      }
    },
    {
      "type": "Feature",
      "properties": {
        "osm_id": "node/7844131989",
        "name": "Arun Urology Hospital",
        "kind": "hospital",
        "category": "health",
        "source": "OpenStreetMap contributors",
        "captured_utc": "2026-09-09 16:36"
      },
      "geometry": {
        "type": "Point",
        "coordinates": [
          76.9449938,
          11.0143168
        ]
      }
    },
    {
      "type": "Feature",
      "properties": {
        "osm_id": "node/7844131990",
        "name": "Dr. Binus Dental Clinic",
        "kind": "dentist",
        "category": "health",
        "source": "OpenStreetMap contributors",
        "captured_utc": "2026-09-09 16:36"
      },
      "geometry": {
        "type": "Point",
        "coordinates": [
          76.9593148,
          11.024344
        ]
      }
    },
    {
      "type": "Feature",
      "properties": {
        "osm_id": "node/7844131991",
        "name": "Vennila Hospital",
        "kind": "hospital",
        "category": "health",
        "source": "OpenStreetMap contributors",
        "captured_utc": "2026-09-09 16:36"
      },
      "geometry": {
        "type": "Point",
        "coordinates": [
          76.9421502,
          10.9901191
        ]
      }
    },
    {
      "type": "Feature",
      "properties": {
        "osm_id": "node/7844131992",
        "name": "R.S Hospital",
        "kind": "hospital",
        "category": "health",
        "source": "OpenStreetMap contributors",
        "captured_utc": "2026-09-09 16:36"
      },
      "geometry": {
        "type": "Point",
        "coordinates": [
          76.954667,
          11.0091279
        ]
      }
    },
    {
      "type": "Feature",
      "properties": {
        "osm_id": "node/7844131993",
        "name": "Sayee Kids Care",
        "kind": "clinic",
        "category": "health",
        "source": "OpenStreetMap contributors",
        "captured_utc": "2026-09-09 16:36"
      },
      "geometry": {
        "type": "Point",
        "coordinates": [
          76.984214,
          11.015436
        ]
      }
    },
    {
      "type": "Feature",
      "properties": {
        "osm_id": "node/7844131994",
        "name": "Welcare Hospital",
        "kind": "hospital",
        "category": "health",
        "source": "OpenStreetMap contributors",
        "captured_utc": "2026-09-09 16:36"
      },
      "geometry": {
        "type": "Point",
        "coordinates": [
          76.961714,
          10.989403
        ]
      }
    },
    {
      "type": "Feature",
      "properties": {
        "osm_id": "node/7844131995",
        "name": "Becker Manual Hospital",
        "kind": "hospital",
        "category": "health",
        "source": "OpenStreetMap contributors",
        "captured_utc": "2026-09-09 16:36"
      },
      "geometry": {
        "type": "Point",
        "coordinates": [
          76.968611,
          11.020659
        ]
      }
    },
    {
      "type": "Feature",
      "properties": {
        "osm_id": "node/7844131996",
        "name": "Lakshmi ENT Clinic",
        "kind": "clinic",
        "category": "health",
        "source": "OpenStreetMap contributors",
        "captured_utc": "2026-09-09 16:36"
      },
      "geometry": {
        "type": "Point",
        "coordinates": [
          76.9963622,
          10.9973118
        ]
      }
    },
    {
      "type": "Feature",
      "properties": {
        "osm_id": "node/7844131997",
        "name": "G.K.P Clinics",
        "kind": "clinic",
        "category": "health",
        "source": "OpenStreetMap contributors",
        "captured_utc": "2026-09-09 16:36"
      },
      "geometry": {
        "type": "Point",
        "coordinates": [
          76.9516612,
          10.9922284
        ]
      }
    },
    {
      "type": "Feature",
      "properties": {
        "osm_id": "node/7844131998",
        "name": "Narmada Hospital",
        "kind": "hospital",
        "category": "health",
        "source": "OpenStreetMap contributors",
        "captured_utc": "2026-09-09 16:36"
      },
      "geometry": {
        "type": "Point",
        "coordinates": [
          77.0071075,
          10.9967758
        ]
      }
    },
    {
      "type": "Feature",
      "properties": {
        "osm_id": "node/7844131999",
        "name": "Rao Hospital",
        "kind": "hospital",
        "category": "health",
        "source": "OpenStreetMap contributors",
        "captured_utc": "2026-09-09 16:36"
      },
      "geometry": {
        "type": "Point",
        "coordinates": [
          76.948405,
          11.0131526
        ]
      }
    },
    {
      "type": "Feature",
      "properties": {
        "osm_id": "node/7844132000",
        "name": "Kamala Prakash Hospital",
        "kind": "hospital",
        "category": "health",
        "source": "OpenStreetMap contributors",
        "captured_utc": "2026-09-09 16:36"
      },
      "geometry": {
        "type": "Point",
        "coordinates": [
          76.956267,
          11.007283
        ]
      }
    },
    {
      "type": "Feature",
      "properties": {
        "osm_id": "node/7844132001",
        "name": "Rafa Hospital",
        "kind": "hospital",
        "category": "health",
        "source": "OpenStreetMap contributors",
        "captured_utc": "2026-09-09 16:36"
      },
      "geometry": {
        "type": "Point",
        "coordinates": [
          76.992439,
          11.007011
        ]
      }
    },
    {
      "type": "Feature",
      "properties": {
        "osm_id": "node/7844132002",
        "name": "Subu Hospital",
        "kind": "hospital",
        "category": "health",
        "source": "OpenStreetMap contributors",
        "captured_utc": "2026-09-09 16:36"
      },
      "geometry": {
        "type": "Point",
        "coordinates": [
          76.9520898,
          10.9920096
        ]
      }
    },
    {
      "type": "Feature",
      "properties": {
        "osm_id": "node/7844132003",
        "name": "Rajagambiram Dental Hospital",
        "kind": "hospital",
        "category": "health",
        "source": "OpenStreetMap contributors",
        "captured_utc": "2026-09-09 16:36"
      },
      "geometry": {
        "type": "Point",
        "coordinates": [
          76.9559691,
          10.9923475
        ]
      }
    },
    {
      "type": "Feature",
      "properties": {
        "osm_id": "node/7844132004",
        "name": "Iswarya Hospital",
        "kind": "hospital",
        "category": "health",
        "source": "OpenStreetMap contributors",
        "captured_utc": "2026-09-09 16:36"
      },
      "geometry": {
        "type": "Point",
        "coordinates": [
          76.9518169,
          11.0002483
        ]
      }
    },
    {
      "type": "Feature",
      "properties": {
        "osm_id": "node/7844132005",
        "name": "Anbu Child Care Clinic",
        "kind": "clinic",
        "category": "health",
        "source": "OpenStreetMap contributors",
        "captured_utc": "2026-09-09 16:36"
      },
      "geometry": {
        "type": "Point",
        "coordinates": [
          76.9911858,
          11.0075989
        ]
      }
    },
    {
      "type": "Feature",
      "properties": {
        "osm_id": "node/7844132008",
        "name": "Marutham Health Clinic",
        "kind": "clinic",
        "category": "health",
        "source": "OpenStreetMap contributors",
        "captured_utc": "2026-09-09 16:36"
      },
      "geometry": {
        "type": "Point",
        "coordinates": [
          76.9934204,
          11.0040562
        ]
      }
    },
    {
      "type": "Feature",
      "properties": {
        "osm_id": "node/7844132009",
        "name": "Sri Guru Hospital",
        "kind": "hospital",
        "category": "health",
        "source": "OpenStreetMap contributors",
        "captured_utc": "2026-09-09 16:36"
      },
      "geometry": {
        "type": "Point",
        "coordinates": [
          76.9574858,
          10.9920855
        ]
      }
    },
    {
      "type": "Feature",
      "properties": {
        "osm_id": "node/7844132010",
        "name": "PGS Hospital",
        "kind": "hospital",
        "category": "health",
        "source": "OpenStreetMap contributors",
        "captured_utc": "2026-09-09 16:36"
      },
      "geometry": {
        "type": "Point",
        "coordinates": [
          76.9524368,
          11.0153485
        ]
      }
    },
    {
      "type": "Feature",
      "properties": {
        "osm_id": "node/7844132011",
        "name": "Dr. N. Bhaskar",
        "kind": "doctors",
        "category": "health",
        "source": "OpenStreetMap contributors",
        "captured_utc": "2026-09-09 16:36"
      },
      "geometry": {
        "type": "Point",
        "coordinates": [
          76.9578141,
          11.0215052
        ]
      }
    },
    {
      "type": "Feature",
      "properties": {
        "osm_id": "node/7844132012",
        "name": "Shree Malar Clinic",
        "kind": "clinic",
        "category": "health",
        "source": "OpenStreetMap contributors",
        "captured_utc": "2026-09-09 16:36"
      },
      "geometry": {
        "type": "Point",
        "coordinates": [
          76.9551255,
          11.0027982
        ]
      }
    },
    {
      "type": "Feature",
      "properties": {
        "osm_id": "node/7844132013",
        "name": "Sri Swathi Dental Clinic",
        "kind": "dentist",
        "category": "health",
        "source": "OpenStreetMap contributors",
        "captured_utc": "2026-09-09 16:36"
      },
      "geometry": {
        "type": "Point",
        "coordinates": [
          76.9555005,
          11.0054958
        ]
      }
    },
    {
      "type": "Feature",
      "properties": {
        "osm_id": "node/7844132014",
        "name": "K Jagathnathan Hospital",
        "kind": "hospital",
        "category": "health",
        "source": "OpenStreetMap contributors",
        "captured_utc": "2026-09-09 16:36"
      },
      "geometry": {
        "type": "Point",
        "coordinates": [
          76.951549,
          10.999154
        ]
      }
    },
    {
      "type": "Feature",
      "properties": {
        "osm_id": "node/7844132015",
        "name": "Dr. Rajagambiram Dental Clinic",
        "kind": "dentist",
        "category": "health",
        "source": "OpenStreetMap contributors",
        "captured_utc": "2026-09-09 16:36"
      },
      "geometry": {
        "type": "Point",
        "coordinates": [
          76.9839175,
          11.0147943
        ]
      }
    },
    {
      "type": "Feature",
      "properties": {
        "osm_id": "node/7844132016",
        "name": "Mak Hospital",
        "kind": "hospital",
        "category": "health",
        "source": "OpenStreetMap contributors",
        "captured_utc": "2026-09-09 16:36"
      },
      "geometry": {
        "type": "Point",
        "coordinates": [
          76.9580134,
          11.008435
        ]
      }
    },
    {
      "type": "Feature",
      "properties": {
        "osm_id": "node/7844132017",
        "name": "Arun Dental Clinic",
        "kind": "dentist",
        "category": "health",
        "source": "OpenStreetMap contributors",
        "captured_utc": "2026-09-09 16:36"
      },
      "geometry": {
        "type": "Point",
        "coordinates": [
          76.955796,
          11.0039912
        ]
      }
    },
    {
      "type": "Feature",
      "properties": {
        "osm_id": "node/8000326824",
        "name": "Sky speech & hearing care Clinic",
        "kind": "clinic",
        "category": "health",
        "source": "OpenStreetMap contributors",
        "captured_utc": "2026-09-09 16:36"
      },
      "geometry": {
        "type": "Point",
        "coordinates": [
          77.0189795,
          11.0207277
        ]
      }
    },
    {
      "type": "Feature",
      "properties": {
        "osm_id": "node/8156827818",
        "name": "Education",
        "kind": "kindergarten",
        "category": "education",
        "source": "OpenStreetMap contributors",
        "captured_utc": "2026-09-09 16:36"
      },
      "geometry": {
        "type": "Point",
        "coordinates": [
          76.9047538,
          11.0209682
        ]
      }
    },
    {
      "type": "Feature",
      "properties": {
        "osm_id": "node/8156850919",
        "name": "Education",
        "kind": "school",
        "category": "education",
        "source": "OpenStreetMap contributors",
        "captured_utc": "2026-09-09 16:36"
      },
      "geometry": {
        "type": "Point",
        "coordinates": [
          76.9008543,
          11.0243342
        ]
      }
    },
    {
      "type": "Feature",
      "properties": {
        "osm_id": "node/8193621317",
        "name": "Health",
        "kind": "pharmacy",
        "category": "health",
        "source": "OpenStreetMap contributors",
        "captured_utc": "2026-09-09 16:36"
      },
      "geometry": {
        "type": "Point",
        "coordinates": [
          77.0241285,
          11.0121348
        ]
      }
    },
    {
      "type": "Feature",
      "properties": {
        "osm_id": "node/8259703717",
        "name": "Civic & safety",
        "kind": "post_office",
        "category": "civic",
        "source": "OpenStreetMap contributors",
        "captured_utc": "2026-09-09 16:36"
      },
      "geometry": {
        "type": "Point",
        "coordinates": [
          76.9968496,
          11.0285796
        ]
      }
    },
    {
      "type": "Feature",
      "properties": {
        "osm_id": "node/8321106418",
        "name": "Health",
        "kind": "clinic",
        "category": "health",
        "source": "OpenStreetMap contributors",
        "captured_utc": "2026-09-09 16:36"
      },
      "geometry": {
        "type": "Point",
        "coordinates": [
          76.9610724,
          11.0203194
        ]
      }
    },
    {
      "type": "Feature",
      "properties": {
        "osm_id": "node/8441992258",
        "name": "village library",
        "kind": "library",
        "category": "community",
        "source": "OpenStreetMap contributors",
        "captured_utc": "2026-09-09 16:36"
      },
      "geometry": {
        "type": "Point",
        "coordinates": [
          76.9155169,
          11.0818185
        ]
      }
    },
    {
      "type": "Feature",
      "properties": {
        "osm_id": "node/8509817945",
        "name": "pannimadai postoffice",
        "kind": "post_office",
        "category": "civic",
        "source": "OpenStreetMap contributors",
        "captured_utc": "2026-09-09 16:36"
      },
      "geometry": {
        "type": "Point",
        "coordinates": [
          76.9166819,
          11.0858493
        ]
      }
    },
    {
      "type": "Feature",
      "properties": {
        "osm_id": "node/9612369292",
        "name": "Mobility",
        "kind": "taxi",
        "category": "mobility",
        "source": "OpenStreetMap contributors",
        "captured_utc": "2026-09-09 16:36"
      },
      "geometry": {
        "type": "Point",
        "coordinates": [
          77.0381045,
          11.0317969
        ]
      }
    },
    {
      "type": "Feature",
      "properties": {
        "osm_id": "node/9612404564",
        "name": "Coimbatore Airport Pick up/Drop off",
        "kind": "taxi",
        "category": "mobility",
        "source": "OpenStreetMap contributors",
        "captured_utc": "2026-09-09 16:36"
      },
      "geometry": {
        "type": "Point",
        "coordinates": [
          77.0389051,
          11.0309113
        ]
      }
    },
    {
      "type": "Feature",
      "properties": {
        "osm_id": "node/9753259999",
        "name": "Perks Sports Academy",
        "kind": "sports_centre",
        "category": "recreation",
        "source": "OpenStreetMap contributors",
        "captured_utc": "2026-09-09 16:36"
      },
      "geometry": {
        "type": "Point",
        "coordinates": [
          77.0156746,
          11.0020194
        ]
      }
    },
    {
      "type": "Feature",
      "properties": {
        "osm_id": "node/9757282686",
        "name": "Little Krishna Kids Dental Care",
        "kind": "dentist",
        "category": "health",
        "source": "OpenStreetMap contributors",
        "captured_utc": "2026-09-09 16:36"
      },
      "geometry": {
        "type": "Point",
        "coordinates": [
          76.9986093,
          11.0630952
        ]
      }
    },
    {
      "type": "Feature",
      "properties": {
        "osm_id": "node/10207813321",
        "name": "Basketball Court",
        "kind": "pitch",
        "category": "recreation",
        "source": "OpenStreetMap contributors",
        "captured_utc": "2026-09-09 16:36"
      },
      "geometry": {
        "type": "Point",
        "coordinates": [
          76.9899943,
          11.0790249
        ]
      }
    },
    {
      "type": "Feature",
      "properties": {
        "osm_id": "node/10292742343",
        "name": "India Post",
        "kind": "post_office",
        "category": "civic",
        "source": "OpenStreetMap contributors",
        "captured_utc": "2026-09-09 16:36"
      },
      "geometry": {
        "type": "Point",
        "coordinates": [
          76.878676,
          11.0405779
        ]
      }
    },
    {
      "type": "Feature",
      "properties": {
        "osm_id": "node/10595890825",
        "name": "Sundaram Medicals",
        "kind": "pharmacy",
        "category": "health",
        "source": "OpenStreetMap contributors",
        "captured_utc": "2026-09-09 16:36"
      },
      "geometry": {
        "type": "Point",
        "coordinates": [
          76.9245753,
          11.0161622
        ]
      }
    },
    {
      "type": "Feature",
      "properties": {
        "osm_id": "node/10709278216",
        "name": "The Ideal Mount Litera Zee school",
        "kind": "school",
        "category": "education",
        "source": "OpenStreetMap contributors",
        "captured_utc": "2026-09-09 16:36"
      },
      "geometry": {
        "type": "Point",
        "coordinates": [
          77.0440432,
          11.0974143
        ]
      }
    },
    {
      "type": "Feature",
      "properties": {
        "osm_id": "node/10709278218",
        "name": "Reeds World School",
        "kind": "school",
        "category": "education",
        "source": "OpenStreetMap contributors",
        "captured_utc": "2026-09-09 16:36"
      },
      "geometry": {
        "type": "Point",
        "coordinates": [
          77.0554609,
          11.0721245
        ]
      }
    },
    {
      "type": "Feature",
      "properties": {
        "osm_id": "node/10761094382",
        "name": "Government school",
        "kind": "school",
        "category": "education",
        "source": "OpenStreetMap contributors",
        "captured_utc": "2026-09-09 16:36"
      },
      "geometry": {
        "type": "Point",
        "coordinates": [
          77.0653927,
          11.0554435
        ]
      }
    },
    {
      "type": "Feature",
      "properties": {
        "osm_id": "node/10798713202",
        "name": "Cheran Maa Nagar",
        "kind": "library",
        "category": "community",
        "source": "OpenStreetMap contributors",
        "captured_utc": "2026-09-09 16:36"
      },
      "geometry": {
        "type": "Point",
        "coordinates": [
          77.0159135,
          11.0553473
        ]
      }
    },
    {
      "type": "Feature",
      "properties": {
        "osm_id": "node/10895934519",
        "name": "GOVERNMENT MEDICAL COLLEGE",
        "kind": "college",
        "category": "education",
        "source": "OpenStreetMap contributors",
        "captured_utc": "2026-09-09 16:36"
      },
      "geometry": {
        "type": "Point",
        "coordinates": [
          77.0209682,
          11.0094673
        ]
      }
    },
    {
      "type": "Feature",
      "properties": {
        "osm_id": "node/10959439214",
        "name": "Kannampalayam Bus Stop",
        "kind": "bus_station",
        "category": "mobility",
        "source": "OpenStreetMap contributors",
        "captured_utc": "2026-09-09 16:36"
      },
      "geometry": {
        "type": "Point",
        "coordinates": [
          77.099384,
          10.9975271
        ]
      }
    },
    {
      "type": "Feature",
      "properties": {
        "osm_id": "node/11149608947",
        "name": "Thulasi Pharmacy",
        "kind": "pharmacy",
        "category": "health",
        "source": "OpenStreetMap contributors",
        "captured_utc": "2026-09-09 16:36"
      },
      "geometry": {
        "type": "Point",
        "coordinates": [
          76.9154081,
          11.0221665
        ]
      }
    },
    {
      "type": "Feature",
      "properties": {
        "osm_id": "node/11367662872",
        "name": "Education",
        "kind": "college",
        "category": "education",
        "source": "OpenStreetMap contributors",
        "captured_utc": "2026-09-09 16:36"
      },
      "geometry": {
        "type": "Point",
        "coordinates": [
          77.0357133,
          11.0333448
        ]
      }
    },
    {
      "type": "Feature",
      "properties": {
        "osm_id": "node/11367692369",
        "name": "Education",
        "kind": "college",
        "category": "education",
        "source": "OpenStreetMap contributors",
        "captured_utc": "2026-09-09 16:36"
      },
      "geometry": {
        "type": "Point",
        "coordinates": [
          77.0338039,
          11.0347134
        ]
      }
    },
    {
      "type": "Feature",
      "properties": {
        "osm_id": "node/11368079569",
        "name": "Health",
        "kind": "clinic",
        "category": "health",
        "source": "OpenStreetMap contributors",
        "captured_utc": "2026-09-09 16:36"
      },
      "geometry": {
        "type": "Point",
        "coordinates": [
          77.0218602,
          11.0208777
        ]
      }
    },
    {
      "type": "Feature",
      "properties": {
        "osm_id": "node/11455988074",
        "name": "PG & Research Department of Public Administration",
        "kind": "college",
        "category": "education",
        "source": "OpenStreetMap contributors",
        "captured_utc": "2026-09-09 16:36"
      },
      "geometry": {
        "type": "Point",
        "coordinates": [
          76.9737086,
          10.9984965
        ]
      }
    },
    {
      "type": "Feature",
      "properties": {
        "osm_id": "node/11458804878",
        "name": "Government Arts College (Autonomous), Coimbatore-18",
        "kind": "college",
        "category": "education",
        "source": "OpenStreetMap contributors",
        "captured_utc": "2026-09-09 16:36"
      },
      "geometry": {
        "type": "Point",
        "coordinates": [
          76.9721668,
          10.998499
        ]
      }
    },
    {
      "type": "Feature",
      "properties": {
        "osm_id": "node/11459027630",
        "name": "GAC Men's Hostel Library",
        "kind": "library",
        "category": "community",
        "source": "OpenStreetMap contributors",
        "captured_utc": "2026-09-09 16:36"
      },
      "geometry": {
        "type": "Point",
        "coordinates": [
          76.9748439,
          10.9992674
        ]
      }
    },
    {
      "type": "Feature",
      "properties": {
        "osm_id": "node/11982827894",
        "name": "Mylampatti",
        "kind": "post_office",
        "category": "civic",
        "source": "OpenStreetMap contributors",
        "captured_utc": "2026-09-09 16:36"
      },
      "geometry": {
        "type": "Point",
        "coordinates": [
          77.0632805,
          11.0774843
        ]
      }
    },
    {
      "type": "Feature",
      "properties": {
        "osm_id": "node/11982950351",
        "name": "Vellanaipatti",
        "kind": "post_office",
        "category": "civic",
        "source": "OpenStreetMap contributors",
        "captured_utc": "2026-09-09 16:36"
      },
      "geometry": {
        "type": "Point",
        "coordinates": [
          77.0705052,
          11.0967835
        ]
      }
    },
    {
      "type": "Feature",
      "properties": {
        "osm_id": "node/11982950352",
        "name": "Kalapatti",
        "kind": "post_office",
        "category": "civic",
        "source": "OpenStreetMap contributors",
        "captured_utc": "2026-09-09 16:36"
      },
      "geometry": {
        "type": "Point",
        "coordinates": [
          77.0316705,
          11.0760095
        ]
      }
    },
    {
      "type": "Feature",
      "properties": {
        "osm_id": "node/11982950353",
        "name": "Sinniampalayam",
        "kind": "post_office",
        "category": "civic",
        "source": "OpenStreetMap contributors",
        "captured_utc": "2026-09-09 16:36"
      },
      "geometry": {
        "type": "Point",
        "coordinates": [
          77.0637831,
          11.0559942
        ]
      }
    },
    {
      "type": "Feature",
      "properties": {
        "osm_id": "node/12006552126",
        "name": "New Pharmacy",
        "kind": "pharmacy",
        "category": "health",
        "source": "OpenStreetMap contributors",
        "captured_utc": "2026-09-09 16:36"
      },
      "geometry": {
        "type": "Point",
        "coordinates": [
          76.9506551,
          10.9665505
        ]
      }
    },
    {
      "type": "Feature",
      "properties": {
        "osm_id": "node/12030811366",
        "name": "Uppukinar Lane",
        "kind": "marketplace",
        "category": "other",
        "source": "OpenStreetMap contributors",
        "captured_utc": "2026-09-09 16:36"
      },
      "geometry": {
        "type": "Point",
        "coordinates": [
          76.9589209,
          10.9940372
        ]
      }
    },
    {
      "type": "Feature",
      "properties": {
        "osm_id": "node/12041197061",
        "name": "RFS Medicals",
        "kind": "pharmacy",
        "category": "health",
        "source": "OpenStreetMap contributors",
        "captured_utc": "2026-09-09 16:36"
      },
      "geometry": {
        "type": "Point",
        "coordinates": [
          76.943096,
          10.9652334
        ]
      }
    },
    {
      "type": "Feature",
      "properties": {
        "osm_id": "node/12078016820",
        "name": "VISHNU KRUPA",
        "kind": "park",
        "category": "recreation",
        "source": "OpenStreetMap contributors",
        "captured_utc": "2026-09-09 16:36"
      },
      "geometry": {
        "type": "Point",
        "coordinates": [
          76.9647803,
          11.0421645
        ]
      }
    },
    {
      "type": "Feature",
      "properties": {
        "osm_id": "node/12092006371",
        "name": "Sri Ramakrishna Matric Higher Secondary School",
        "kind": "school",
        "category": "education",
        "source": "OpenStreetMap contributors",
        "captured_utc": "2026-09-09 16:36"
      },
      "geometry": {
        "type": "Point",
        "coordinates": [
          76.9847233,
          11.023175
        ]
      }
    },
    {
      "type": "Feature",
      "properties": {
        "osm_id": "node/12105379678",
        "name": "Champion's Square",
        "kind": "sports_centre",
        "category": "recreation",
        "source": "OpenStreetMap contributors",
        "captured_utc": "2026-09-09 16:36"
      },
      "geometry": {
        "type": "Point",
        "coordinates": [
          77.0498408,
          11.0560845
        ]
      }
    },
    {
      "type": "Feature",
      "properties": {
        "osm_id": "node/12124983635",
        "name": "St. Mary's Primary School",
        "kind": "school",
        "category": "education",
        "source": "OpenStreetMap contributors",
        "captured_utc": "2026-09-09 16:36"
      },
      "geometry": {
        "type": "Point",
        "coordinates": [
          76.9672728,
          11.0218649
        ]
      }
    },
    {
      "type": "Feature",
      "properties": {
        "osm_id": "node/12124983636",
        "name": "St. Mar's High School",
        "kind": "school",
        "category": "education",
        "source": "OpenStreetMap contributors",
        "captured_utc": "2026-09-09 16:36"
      },
      "geometry": {
        "type": "Point",
        "coordinates": [
          76.9674321,
          11.0221987
        ]
      }
    },
    {
      "type": "Feature",
      "properties": {
        "osm_id": "node/12124983637",
        "name": "Brindisi Matric. Ir. Sec. School",
        "kind": "school",
        "category": "education",
        "source": "OpenStreetMap contributors",
        "captured_utc": "2026-09-09 16:36"
      },
      "geometry": {
        "type": "Point",
        "coordinates": [
          76.9672831,
          11.0226114
        ]
      }
    },
    {
      "type": "Feature",
      "properties": {
        "osm_id": "node/12141483789",
        "name": "PVS Garden",
        "kind": "park",
        "category": "recreation",
        "source": "OpenStreetMap contributors",
        "captured_utc": "2026-09-09 16:36"
      },
      "geometry": {
        "type": "Point",
        "coordinates": [
          77.0019939,
          10.9929855
        ]
      }
    },
    {
      "type": "Feature",
      "properties": {
        "osm_id": "node/12241225668",
        "name": "Mobility",
        "kind": "taxi",
        "category": "mobility",
        "source": "OpenStreetMap contributors",
        "captured_utc": "2026-09-09 16:36"
      },
      "geometry": {
        "type": "Point",
        "coordinates": [
          76.9680594,
          10.9959969
        ]
      }
    },
    {
      "type": "Feature",
      "properties": {
        "osm_id": "node/12285349814",
        "name": "Education",
        "kind": "school",
        "category": "education",
        "source": "OpenStreetMap contributors",
        "captured_utc": "2026-09-09 16:36"
      },
      "geometry": {
        "type": "Point",
        "coordinates": [
          76.9428933,
          11.0131687
        ]
      }
    },
    {
      "type": "Feature",
      "properties": {
        "osm_id": "node/12285349817",
        "name": "Arasu Medicals",
        "kind": "pharmacy",
        "category": "health",
        "source": "OpenStreetMap contributors",
        "captured_utc": "2026-09-09 16:36"
      },
      "geometry": {
        "type": "Point",
        "coordinates": [
          76.9502958,
          11.0102846
        ]
      }
    },
    {
      "type": "Feature",
      "properties": {
        "osm_id": "node/12285349821",
        "name": "Education",
        "kind": "school",
        "category": "education",
        "source": "OpenStreetMap contributors",
        "captured_utc": "2026-09-09 16:36"
      },
      "geometry": {
        "type": "Point",
        "coordinates": [
          76.9242801,
          11.0169619
        ]
      }
    },
    {
      "type": "Feature",
      "properties": {
        "osm_id": "node/12285349823",
        "name": "Arunai Hospitals",
        "kind": "hospital",
        "category": "health",
        "source": "OpenStreetMap contributors",
        "captured_utc": "2026-09-09 16:36"
      },
      "geometry": {
        "type": "Point",
        "coordinates": [
          76.9246,
          11.0182403
        ]
      }
    },
    {
      "type": "Feature",
      "properties": {
        "osm_id": "node/12285349827",
        "name": "Kalai Medicals",
        "kind": "pharmacy",
        "category": "health",
        "source": "OpenStreetMap contributors",
        "captured_utc": "2026-09-09 16:36"
      },
      "geometry": {
        "type": "Point",
        "coordinates": [
          76.9238363,
          11.0164096
        ]
      }
    },
    {
      "type": "Feature",
      "properties": {
        "osm_id": "node/12285349832",
        "name": "Vannamalar Institute Of Forest Genetics & Tree Breeding",
        "kind": "college",
        "category": "education",
        "source": "OpenStreetMap contributors",
        "captured_utc": "2026-09-09 16:36"
      },
      "geometry": {
        "type": "Point",
        "coordinates": [
          76.9444043,
          11.010034
        ]
      }
    },
    {
      "type": "Feature",
      "properties": {
        "osm_id": "node/12291213802",
        "name": "SRI PRAGANYA ACADEMY",
        "kind": "kindergarten",
        "category": "education",
        "source": "OpenStreetMap contributors",
        "captured_utc": "2026-09-09 16:36"
      },
      "geometry": {
        "type": "Point",
        "coordinates": [
          76.9933465,
          11.0834513
        ]
      }
    },
    {
      "type": "Feature",
      "properties": {
        "osm_id": "node/12473835683",
        "name": "Peelamedu E2 Police Station",
        "kind": "police",
        "category": "civic",
        "source": "OpenStreetMap contributors",
        "captured_utc": "2026-09-09 16:36"
      },
      "geometry": {
        "type": "Point",
        "coordinates": [
          77.0101634,
          11.0253639
        ]
      }
    },
    {
      "type": "Feature",
      "properties": {
        "osm_id": "node/12473896167",
        "name": "Podanur Police Station",
        "kind": "police",
        "category": "civic",
        "source": "OpenStreetMap contributors",
        "captured_utc": "2026-09-09 16:36"
      },
      "geometry": {
        "type": "Point",
        "coordinates": [
          76.9781012,
          10.9677575
        ]
      }
    },
    {
      "type": "Feature",
      "properties": {
        "osm_id": "node/12473897891",
        "name": "Ramanathapuram Police Station",
        "kind": "police",
        "category": "civic",
        "source": "OpenStreetMap contributors",
        "captured_utc": "2026-09-09 16:36"
      },
      "geometry": {
        "type": "Point",
        "coordinates": [
          76.9916717,
          11.0028259
        ]
      }
    },
    {
      "type": "Feature",
      "properties": {
        "osm_id": "node/12473901192",
        "name": "C1 Katoor Police Station",
        "kind": "police",
        "category": "civic",
        "source": "OpenStreetMap contributors",
        "captured_utc": "2026-09-09 16:36"
      },
      "geometry": {
        "type": "Point",
        "coordinates": [
          76.968262,
          11.0145917
        ]
      }
    },
    {
      "type": "Feature",
      "properties": {
        "osm_id": "node/12473949936",
        "name": "Out Post Police Station - Singanallur",
        "kind": "police",
        "category": "civic",
        "source": "OpenStreetMap contributors",
        "captured_utc": "2026-09-09 16:36"
      },
      "geometry": {
        "type": "Point",
        "coordinates": [
          77.0288423,
          11.0025957
        ]
      }
    },
    {
      "type": "Feature",
      "properties": {
        "osm_id": "node/12473970775",
        "name": "Rathinapuri B-15 Police Station",
        "kind": "police",
        "category": "civic",
        "source": "OpenStreetMap contributors",
        "captured_utc": "2026-09-09 16:36"
      },
      "geometry": {
        "type": "Point",
        "coordinates": [
          76.9689359,
          11.0252974
        ]
      }
    },
    {
      "type": "Feature",
      "properties": {
        "osm_id": "node/12473983454",
        "name": "Thudiyalur Police Station",
        "kind": "police",
        "category": "civic",
        "source": "OpenStreetMap contributors",
        "captured_utc": "2026-09-09 16:36"
      },
      "geometry": {
        "type": "Point",
        "coordinates": [
          76.9412392,
          11.0819434
        ]
      }
    },
    {
      "type": "Feature",
      "properties": {
        "osm_id": "node/12474070991",
        "name": "Ukkadam Bus Stand",
        "kind": "bus_station",
        "category": "mobility",
        "source": "OpenStreetMap contributors",
        "captured_utc": "2026-09-09 16:36"
      },
      "geometry": {
        "type": "Point",
        "coordinates": [
          76.961668,
          10.9885987
        ]
      }
    },
    {
      "type": "Feature",
      "properties": {
        "osm_id": "node/12564723112",
        "name": "Education",
        "kind": "school",
        "category": "education",
        "source": "OpenStreetMap contributors",
        "captured_utc": "2026-09-09 16:36"
      },
      "geometry": {
        "type": "Point",
        "coordinates": [
          77.0629816,
          10.9966398
        ]
      }
    },
    {
      "type": "Feature",
      "properties": {
        "osm_id": "node/12607017558",
        "name": "G.V. Residency Park",
        "kind": "park",
        "category": "recreation",
        "source": "OpenStreetMap contributors",
        "captured_utc": "2026-09-09 16:36"
      },
      "geometry": {
        "type": "Point",
        "coordinates": [
          77.0157474,
          11.0096713
        ]
      }
    },
    {
      "type": "Feature",
      "properties": {
        "osm_id": "node/12704595388",
        "name": "Maruthamalai Bus Ticket counter",
        "kind": "bus_station",
        "category": "mobility",
        "source": "OpenStreetMap contributors",
        "captured_utc": "2026-09-09 16:36"
      },
      "geometry": {
        "type": "Point",
        "coordinates": [
          76.8623489,
          11.0443794
        ]
      }
    },
    {
      "type": "Feature",
      "properties": {
        "osm_id": "node/12945091502",
        "name": "Mozhi Academy",
        "kind": "language_school",
        "category": "other",
        "source": "OpenStreetMap contributors",
        "captured_utc": "2026-09-09 16:36"
      },
      "geometry": {
        "type": "Point",
        "coordinates": [
          76.9961565,
          11.0137699
        ]
      }
    },
    {
      "type": "Feature",
      "properties": {
        "osm_id": "node/13001830875",
        "name": "GS Dental care",
        "kind": "dentist",
        "category": "health",
        "source": "OpenStreetMap contributors",
        "captured_utc": "2026-09-09 16:36"
      },
      "geometry": {
        "type": "Point",
        "coordinates": [
          76.9495558,
          11.0040277
        ]
      }
    },
    {
      "type": "Feature",
      "properties": {
        "osm_id": "node/13001849060",
        "name": "B-2 R.S.Puram police station",
        "kind": "police",
        "category": "civic",
        "source": "OpenStreetMap contributors",
        "captured_utc": "2026-09-09 16:36"
      },
      "geometry": {
        "type": "Point",
        "coordinates": [
          76.9500311,
          11.0053262
        ]
      }
    },
    {
      "type": "Feature",
      "properties": {
        "osm_id": "node/13249353722",
        "name": "Rathinam Technical Campus",
        "kind": "college",
        "category": "education",
        "source": "OpenStreetMap contributors",
        "captured_utc": "2026-09-09 16:36"
      },
      "geometry": {
        "type": "Point",
        "coordinates": [
          76.9769453,
          10.9329868
        ]
      }
    },
    {
      "type": "Feature",
      "properties": {
        "osm_id": "node/13249353723",
        "name": "HCL Tech",
        "kind": "college",
        "category": "education",
        "source": "OpenStreetMap contributors",
        "captured_utc": "2026-09-09 16:36"
      },
      "geometry": {
        "type": "Point",
        "coordinates": [
          76.9765913,
          10.9327241
        ]
      }
    },
    {
      "type": "Feature",
      "properties": {
        "osm_id": "node/13249353724",
        "name": "Rathinam College Of Pharmacy",
        "kind": "college",
        "category": "education",
        "source": "OpenStreetMap contributors",
        "captured_utc": "2026-09-09 16:36"
      },
      "geometry": {
        "type": "Point",
        "coordinates": [
          76.9766481,
          10.9323474
        ]
      }
    },
    {
      "type": "Feature",
      "properties": {
        "osm_id": "node/13250151164",
        "name": "National Model Senior Secondary School",
        "kind": "school",
        "category": "education",
        "source": "OpenStreetMap contributors",
        "captured_utc": "2026-09-09 16:36"
      },
      "geometry": {
        "type": "Point",
        "coordinates": [
          77.0131618,
          11.0174144
        ]
      }
    },
    {
      "type": "Feature",
      "properties": {
        "osm_id": "node/13250169253",
        "name": "GRG School of Management Studies",
        "kind": "college",
        "category": "education",
        "source": "OpenStreetMap contributors",
        "captured_utc": "2026-09-09 16:36"
      },
      "geometry": {
        "type": "Point",
        "coordinates": [
          77.0064979,
          11.0281802
        ]
      }
    },
    {
      "type": "Feature",
      "properties": {
        "osm_id": "node/13250204803",
        "name": "C S Academy Trichy Road Campus",
        "kind": "school",
        "category": "education",
        "source": "OpenStreetMap contributors",
        "captured_utc": "2026-09-09 16:36"
      },
      "geometry": {
        "type": "Point",
        "coordinates": [
          77.0069236,
          10.9990425
        ]
      }
    },
    {
      "type": "Feature",
      "properties": {
        "osm_id": "node/13284389435",
        "name": "Prodigy International Montessori School",
        "kind": "school",
        "category": "education",
        "source": "OpenStreetMap contributors",
        "captured_utc": "2026-09-09 16:36"
      },
      "geometry": {
        "type": "Point",
        "coordinates": [
          77.0169185,
          11.0201004
        ]
      }
    },
    {
      "type": "Feature",
      "properties": {
        "osm_id": "node/13390367103",
        "name": "Coimbatore Corporation Urban Health Centre",
        "kind": "hospital",
        "category": "health",
        "source": "OpenStreetMap contributors",
        "captured_utc": "2026-09-09 16:36"
      },
      "geometry": {
        "type": "Point",
        "coordinates": [
          76.9959721,
          10.9757337
        ]
      }
    },
    {
      "type": "Feature",
      "properties": {
        "osm_id": "node/13390435765",
        "name": "Anandha Hall",
        "kind": "community_centre",
        "category": "community",
        "source": "OpenStreetMap contributors",
        "captured_utc": "2026-09-09 16:36"
      },
      "geometry": {
        "type": "Point",
        "coordinates": [
          76.9749886,
          10.9683781
        ]
      }
    },
    {
      "type": "Feature",
      "properties": {
        "osm_id": "node/13434210507",
        "name": "PSG Convention Centre",
        "kind": "community_centre",
        "category": "community",
        "source": "OpenStreetMap contributors",
        "captured_utc": "2026-09-09 16:36"
      },
      "geometry": {
        "type": "Point",
        "coordinates": [
          77.0937226,
          11.0657495
        ]
      }
    },
    {
      "type": "Feature",
      "properties": {
        "osm_id": "node/13465562756",
        "name": "Sri Krishna Polytechnic",
        "kind": "college",
        "category": "education",
        "source": "OpenStreetMap contributors",
        "captured_utc": "2026-09-09 16:36"
      },
      "geometry": {
        "type": "Point",
        "coordinates": [
          76.9280066,
          10.927644
        ]
      }
    },
    {
      "type": "Feature",
      "properties": {
        "osm_id": "node/13626172672",
        "name": "B Driving School",
        "kind": "driving_school",
        "category": "other",
        "source": "OpenStreetMap contributors",
        "captured_utc": "2026-09-09 16:36"
      },
      "geometry": {
        "type": "Point",
        "coordinates": [
          77.0079223,
          11.0152713
        ]
      }
    },
    {
      "type": "Feature",
      "properties": {
        "osm_id": "node/13644789115",
        "name": "Uzhiyum Nanum",
        "kind": "park",
        "category": "recreation",
        "source": "OpenStreetMap contributors",
        "captured_utc": "2026-09-09 16:36"
      },
      "geometry": {
        "type": "Point",
        "coordinates": [
          77.0265462,
          11.1006451
        ]
      }
    },
    {
      "type": "Feature",
      "properties": {
        "osm_id": "node/13644789128",
        "name": "Vivekananda Block",
        "kind": "library",
        "category": "community",
        "source": "OpenStreetMap contributors",
        "captured_utc": "2026-09-09 16:36"
      },
      "geometry": {
        "type": "Point",
        "coordinates": [
          77.0270697,
          11.1009324
        ]
      }
    },
    {
      "type": "Feature",
      "properties": {
        "osm_id": "node/13644789146",
        "name": "Basketball court",
        "kind": "pitch",
        "category": "recreation",
        "source": "OpenStreetMap contributors",
        "captured_utc": "2026-09-09 16:36"
      },
      "geometry": {
        "type": "Point",
        "coordinates": [
          77.0279868,
          11.1018689
        ]
      }
    },
    {
      "type": "Feature",
      "properties": {
        "osm_id": "node/13644789151",
        "name": "College Ground",
        "kind": "college",
        "category": "education",
        "source": "OpenStreetMap contributors",
        "captured_utc": "2026-09-09 16:36"
      },
      "geometry": {
        "type": "Point",
        "coordinates": [
          77.0280428,
          11.1015181
        ]
      }
    },
    {
      "type": "Feature",
      "properties": {
        "osm_id": "node/13644804477",
        "name": "Volleyball ground",
        "kind": "pitch",
        "category": "recreation",
        "source": "OpenStreetMap contributors",
        "captured_utc": "2026-09-09 16:36"
      },
      "geometry": {
        "type": "Point",
        "coordinates": [
          77.0267706,
          11.103975
        ]
      }
    },
    {
      "type": "Feature",
      "properties": {
        "osm_id": "node/13644804479",
        "name": "Basketball court",
        "kind": "pitch",
        "category": "recreation",
        "source": "OpenStreetMap contributors",
        "captured_utc": "2026-09-09 16:36"
      },
      "geometry": {
        "type": "Point",
        "coordinates": [
          77.0266675,
          11.1033822
        ]
      }
    },
    {
      "type": "Feature",
      "properties": {
        "osm_id": "node/13644804480",
        "name": "Tennis Court",
        "kind": "pitch",
        "category": "recreation",
        "source": "OpenStreetMap contributors",
        "captured_utc": "2026-09-09 16:36"
      },
      "geometry": {
        "type": "Point",
        "coordinates": [
          77.0268292,
          11.1032776
        ]
      }
    },
    {
      "type": "Feature",
      "properties": {
        "osm_id": "node/13645076002",
        "name": "Dobbs public school",
        "kind": "school",
        "category": "education",
        "source": "OpenStreetMap contributors",
        "captured_utc": "2026-09-09 16:36"
      },
      "geometry": {
        "type": "Point",
        "coordinates": [
          77.0099876,
          11.0948308
        ]
      }
    },
    {
      "type": "Feature",
      "properties": {
        "osm_id": "node/13645076101",
        "name": "Government School",
        "kind": "school",
        "category": "education",
        "source": "OpenStreetMap contributors",
        "captured_utc": "2026-09-09 16:36"
      },
      "geometry": {
        "type": "Point",
        "coordinates": [
          77.0117489,
          11.0949567
        ]
      }
    },
    {
      "type": "Feature",
      "properties": {
        "osm_id": "node/13645086001",
        "name": "Gobi Medical Centre",
        "kind": "hospital",
        "category": "health",
        "source": "OpenStreetMap contributors",
        "captured_utc": "2026-09-09 16:36"
      },
      "geometry": {
        "type": "Point",
        "coordinates": [
          76.9709821,
          11.0572211
        ]
      }
    },
    {
      "type": "Feature",
      "properties": {
        "osm_id": "node/13657704582",
        "name": "Agricultural University",
        "kind": "university",
        "category": "education",
        "source": "OpenStreetMap contributors",
        "captured_utc": "2026-09-09 16:36"
      },
      "geometry": {
        "type": "Point",
        "coordinates": [
          76.939613,
          11.0151164
        ]
      }
    },
    {
      "type": "Feature",
      "properties": {
        "osm_id": "node/13657712991",
        "name": "CENTRE OF EXCELLENCE IN BIOTECHNOLOGY - TNAU",
        "kind": "university",
        "category": "education",
        "source": "OpenStreetMap contributors",
        "captured_utc": "2026-09-09 16:36"
      },
      "geometry": {
        "type": "Point",
        "coordinates": [
          76.9386809,
          11.0159934
        ]
      }
    },
    {
      "type": "Feature",
      "properties": {
        "osm_id": "node/13657728587",
        "name": "CASFoS Tennis Court",
        "kind": "pitch",
        "category": "recreation",
        "source": "OpenStreetMap contributors",
        "captured_utc": "2026-09-09 16:36"
      },
      "geometry": {
        "type": "Point",
        "coordinates": [
          76.9429209,
          11.017871
        ]
      }
    },
    {
      "type": "Feature",
      "properties": {
        "osm_id": "node/13657731448",
        "name": "CASFoS Playground",
        "kind": "playground",
        "category": "recreation",
        "source": "OpenStreetMap contributors",
        "captured_utc": "2026-09-09 16:36"
      },
      "geometry": {
        "type": "Point",
        "coordinates": [
          76.9431354,
          11.0171886
        ]
      }
    },
    {
      "type": "Feature",
      "properties": {
        "osm_id": "node/13657732445",
        "name": "TNFA Playground",
        "kind": "playground",
        "category": "recreation",
        "source": "OpenStreetMap contributors",
        "captured_utc": "2026-09-09 16:36"
      },
      "geometry": {
        "type": "Point",
        "coordinates": [
          76.9419081,
          11.0175593
        ]
      }
    },
    {
      "type": "Feature",
      "properties": {
        "osm_id": "node/13660608623",
        "name": "Marudhamalai Subramaniya swami Devasthanam high school",
        "kind": "school",
        "category": "education",
        "source": "OpenStreetMap contributors",
        "captured_utc": "2026-09-09 16:36"
      },
      "geometry": {
        "type": "Point",
        "coordinates": [
          76.9078626,
          11.0250149
        ]
      }
    },
    {
      "type": "Feature",
      "properties": {
        "osm_id": "node/13673513631",
        "name": "Civic & safety",
        "kind": "fire_station",
        "category": "civic",
        "source": "OpenStreetMap contributors",
        "captured_utc": "2026-09-09 16:36"
      },
      "geometry": {
        "type": "Point",
        "coordinates": [
          76.8447442,
          10.9871744
        ]
      }
    },
    {
      "type": "Feature",
      "properties": {
        "osm_id": "node/13673527215",
        "name": "Thondamuthur Police Station",
        "kind": "police",
        "category": "civic",
        "source": "OpenStreetMap contributors",
        "captured_utc": "2026-09-09 16:36"
      },
      "geometry": {
        "type": "Point",
        "coordinates": [
          76.8424602,
          10.9912998
        ]
      }
    },
    {
      "type": "Feature",
      "properties": {
        "osm_id": "node/13684516308",
        "name": "Dental Plus",
        "kind": "dentist",
        "category": "health",
        "source": "OpenStreetMap contributors",
        "captured_utc": "2026-09-09 16:36"
      },
      "geometry": {
        "type": "Point",
        "coordinates": [
          76.913398,
          11.0226442
        ]
      }
    },
    {
      "type": "Feature",
      "properties": {
        "osm_id": "node/13769333107",
        "name": "Devashri Dental Clinic",
        "kind": "dentist",
        "category": "health",
        "source": "OpenStreetMap contributors",
        "captured_utc": "2026-09-09 16:36"
      },
      "geometry": {
        "type": "Point",
        "coordinates": [
          76.9300653,
          11.0397364
        ]
      }
    },
    {
      "type": "Feature",
      "properties": {
        "osm_id": "node/13769333108",
        "name": "32 Pearls Multi-Speciality Dental Clinic",
        "kind": "dentist",
        "category": "health",
        "source": "OpenStreetMap contributors",
        "captured_utc": "2026-09-09 16:36"
      },
      "geometry": {
        "type": "Point",
        "coordinates": [
          76.9297611,
          11.0395835
        ]
      }
    },
    {
      "type": "Feature",
      "properties": {
        "osm_id": "node/13769333109",
        "name": "MedPlus",
        "kind": "pharmacy",
        "category": "health",
        "source": "OpenStreetMap contributors",
        "captured_utc": "2026-09-09 16:36"
      },
      "geometry": {
        "type": "Point",
        "coordinates": [
          76.9294938,
          11.0394406
        ]
      }
    },
    {
      "type": "Feature",
      "properties": {
        "osm_id": "node/13769333116",
        "name": "Green Pharmacy",
        "kind": "pharmacy",
        "category": "health",
        "source": "OpenStreetMap contributors",
        "captured_utc": "2026-09-09 16:36"
      },
      "geometry": {
        "type": "Point",
        "coordinates": [
          76.9280824,
          11.0395111
        ]
      }
    },
    {
      "type": "Feature",
      "properties": {
        "osm_id": "node/14048289235",
        "name": "ECE department",
        "kind": "college",
        "category": "education",
        "source": "OpenStreetMap contributors",
        "captured_utc": "2026-09-09 16:36"
      },
      "geometry": {
        "type": "Point",
        "coordinates": [
          77.0929819,
          11.0660696
        ]
      }
    },
    {
      "type": "Feature",
      "properties": {
        "osm_id": "node/14048289237",
        "name": "EEE Department",
        "kind": "college",
        "category": "education",
        "source": "OpenStreetMap contributors",
        "captured_utc": "2026-09-09 16:36"
      },
      "geometry": {
        "type": "Point",
        "coordinates": [
          77.0931192,
          11.0654463
        ]
      }
    },
    {
      "type": "Feature",
      "properties": {
        "osm_id": "node/14072235024",
        "name": "P.Govindaraj vascular surgeon",
        "kind": "doctors",
        "category": "health",
        "source": "OpenStreetMap contributors",
        "captured_utc": "2026-09-09 16:36"
      },
      "geometry": {
        "type": "Point",
        "coordinates": [
          76.9543264,
          11.0154735
        ]
      }
    },
    {
      "type": "Feature",
      "properties": {
        "osm_id": "node/14143602415",
        "name": "Agasthya Public International School",
        "kind": "school",
        "category": "education",
        "source": "OpenStreetMap contributors",
        "captured_utc": "2026-09-09 16:36"
      },
      "geometry": {
        "type": "Point",
        "coordinates": [
          77.0120468,
          11.097939
        ]
      }
    },
    {
      "type": "Feature",
      "properties": {
        "osm_id": "node/14156653686",
        "name": "E Block",
        "kind": "community_centre",
        "category": "community",
        "source": "OpenStreetMap contributors",
        "captured_utc": "2026-09-09 16:36"
      },
      "geometry": {
        "type": "Point",
        "coordinates": [
          77.0346597,
          11.0328865
        ]
      }
    },
    {
      "type": "Feature",
      "properties": {
        "osm_id": "node/14161840554",
        "name": "DJ Child Clinic (Dr. Thyagarajan)",
        "kind": "hospital",
        "category": "health",
        "source": "OpenStreetMap contributors",
        "captured_utc": "2026-09-09 16:36"
      },
      "geometry": {
        "type": "Point",
        "coordinates": [
          77.0754534,
          11.0079564
        ]
      }
    },
    {
      "type": "Feature",
      "properties": {
        "osm_id": "way/29983268",
        "name": "Gandhi Park",
        "kind": "park",
        "category": "recreation",
        "source": "OpenStreetMap contributors",
        "captured_utc": "2026-09-09 16:36"
      },
      "geometry": {
        "type": "Point",
        "coordinates": [
          76.949598,
          11.0007607
        ]
      }
    },
    {
      "type": "Feature",
      "properties": {
        "osm_id": "way/48846712",
        "name": "Deepam Hospital, Ramanathapuram",
        "kind": "hospital",
        "category": "health",
        "source": "OpenStreetMap contributors",
        "captured_utc": "2026-09-09 16:36"
      },
      "geometry": {
        "type": "Point",
        "coordinates": [
          77.0039274,
          10.9965354
        ]
      }
    },
    {
      "type": "Feature",
      "properties": {
        "osm_id": "way/66102263",
        "name": "VOC Ground",
        "kind": "playground",
        "category": "recreation",
        "source": "OpenStreetMap contributors",
        "captured_utc": "2026-09-09 16:36"
      },
      "geometry": {
        "type": "Point",
        "coordinates": [
          76.9716849,
          11.0046162
        ]
      }
    },
    {
      "type": "Feature",
      "properties": {
        "osm_id": "way/66102291",
        "name": "Government Women's Polytechnic College",
        "kind": "college",
        "category": "education",
        "source": "OpenStreetMap contributors",
        "captured_utc": "2026-09-09 16:36"
      },
      "geometry": {
        "type": "Point",
        "coordinates": [
          76.9751633,
          11.0155228
        ]
      }
    },
    {
      "type": "Feature",
      "properties": {
        "osm_id": "way/66102328",
        "name": "VOC Park",
        "kind": "park",
        "category": "recreation",
        "source": "OpenStreetMap contributors",
        "captured_utc": "2026-09-09 16:36"
      },
      "geometry": {
        "type": "Point",
        "coordinates": [
          76.9710044,
          11.0069626
        ]
      }
    },
    {
      "type": "Feature",
      "properties": {
        "osm_id": "way/66102343",
        "name": "Tamilnadu Forest Academy",
        "kind": "college",
        "category": "education",
        "source": "OpenStreetMap contributors",
        "captured_utc": "2026-09-09 16:36"
      },
      "geometry": {
        "type": "Point",
        "coordinates": [
          76.946606,
          11.0167662
        ]
      }
    },
    {
      "type": "Feature",
      "properties": {
        "osm_id": "way/66117845",
        "name": "Education",
        "kind": "school",
        "category": "education",
        "source": "OpenStreetMap contributors",
        "captured_utc": "2026-09-09 16:36"
      },
      "geometry": {
        "type": "Point",
        "coordinates": [
          76.9480187,
          11.0049509
        ]
      }
    },
    {
      "type": "Feature",
      "properties": {
        "osm_id": "way/66252745",
        "name": "Gandhipuram Town Bus Stand",
        "kind": "bus_station",
        "category": "mobility",
        "source": "OpenStreetMap contributors",
        "captured_utc": "2026-09-09 16:36"
      },
      "geometry": {
        "type": "Point",
        "coordinates": [
          76.9693178,
          11.0164606
        ]
      }
    },
    {
      "type": "Feature",
      "properties": {
        "osm_id": "way/66293772",
        "name": "Education",
        "kind": "school",
        "category": "education",
        "source": "OpenStreetMap contributors",
        "captured_utc": "2026-09-09 16:36"
      },
      "geometry": {
        "type": "Point",
        "coordinates": [
          76.9734367,
          11.0059604
        ]
      }
    },
    {
      "type": "Feature",
      "properties": {
        "osm_id": "way/66293773",
        "name": "Rangammal High School",
        "kind": "kindergarten",
        "category": "education",
        "source": "OpenStreetMap contributors",
        "captured_utc": "2026-09-09 16:36"
      },
      "geometry": {
        "type": "Point",
        "coordinates": [
          76.9733727,
          11.0039341
        ]
      }
    },
    {
      "type": "Feature",
      "properties": {
        "osm_id": "way/68884636",
        "name": "coimbatore club",
        "kind": "pitch",
        "category": "recreation",
        "source": "OpenStreetMap contributors",
        "captured_utc": "2026-09-09 16:36"
      },
      "geometry": {
        "type": "Point",
        "coordinates": [
          76.9747243,
          10.9969765
        ]
      }
    },
    {
      "type": "Feature",
      "properties": {
        "osm_id": "way/89913234",
        "name": "Ukkadam Bus Stand",
        "kind": "bus_station",
        "category": "mobility",
        "source": "OpenStreetMap contributors",
        "captured_utc": "2026-09-09 16:36"
      },
      "geometry": {
        "type": "Point",
        "coordinates": [
          76.9618541,
          10.988589
        ]
      }
    },
    {
      "type": "Feature",
      "properties": {
        "osm_id": "way/90591315",
        "name": "Coimbatore City Municipal Corporation",
        "kind": "townhall",
        "category": "civic",
        "source": "OpenStreetMap contributors",
        "captured_utc": "2026-09-09 16:36"
      },
      "geometry": {
        "type": "Point",
        "coordinates": [
          76.961758,
          10.992957
        ]
      }
    },
    {
      "type": "Feature",
      "properties": {
        "osm_id": "way/90591317",
        "name": "Coimbatore Head Post Office",
        "kind": "post_office",
        "category": "civic",
        "source": "OpenStreetMap contributors",
        "captured_utc": "2026-09-09 16:36"
      },
      "geometry": {
        "type": "Point",
        "coordinates": [
          76.9636723,
          10.9996912
        ]
      }
    },
    {
      "type": "Feature",
      "properties": {
        "osm_id": "way/93418918",
        "name": "Sri Krishna stadium",
        "kind": "sports_centre",
        "category": "recreation",
        "source": "OpenStreetMap contributors",
        "captured_utc": "2026-09-09 16:36"
      },
      "geometry": {
        "type": "Point",
        "coordinates": [
          76.9576281,
          10.9369138
        ]
      }
    },
    {
      "type": "Feature",
      "properties": {
        "osm_id": "way/128964693",
        "name": "Amrita Vishwa Vidyapeetham",
        "kind": "university",
        "category": "education",
        "source": "OpenStreetMap contributors",
        "captured_utc": "2026-09-09 16:36"
      },
      "geometry": {
        "type": "Point",
        "coordinates": [
          76.899696,
          10.9036046
        ]
      }
    },
    {
      "type": "Feature",
      "properties": {
        "osm_id": "way/128976265",
        "name": "Bharathiar University",
        "kind": "university",
        "category": "education",
        "source": "OpenStreetMap contributors",
        "captured_utc": "2026-09-09 16:36"
      },
      "geometry": {
        "type": "Point",
        "coordinates": [
          76.8770051,
          11.0372267
        ]
      }
    },
    {
      "type": "Feature",
      "properties": {
        "osm_id": "way/128979860",
        "name": "Government Polytechnic",
        "kind": "college",
        "category": "education",
        "source": "OpenStreetMap contributors",
        "captured_utc": "2026-09-09 16:36"
      },
      "geometry": {
        "type": "Point",
        "coordinates": [
          77.0308517,
          11.0300874
        ]
      }
    },
    {
      "type": "Feature",
      "properties": {
        "osm_id": "way/128979862",
        "name": "PSG College of Arts and Science",
        "kind": "college",
        "category": "education",
        "source": "OpenStreetMap contributors",
        "captured_utc": "2026-09-09 16:36"
      },
      "geometry": {
        "type": "Point",
        "coordinates": [
          77.034909,
          11.0328471
        ]
      }
    },
    {
      "type": "Feature",
      "properties": {
        "osm_id": "way/128980433",
        "name": "PSG College of Technology",
        "kind": "college",
        "category": "education",
        "source": "OpenStreetMap contributors",
        "captured_utc": "2026-09-09 16:36"
      },
      "geometry": {
        "type": "Point",
        "coordinates": [
          77.0029194,
          11.024807
        ]
      }
    },
    {
      "type": "Feature",
      "properties": {
        "osm_id": "way/130035512",
        "name": "Police training camp 4th battalion in coimbatore",
        "kind": "police",
        "category": "civic",
        "source": "OpenStreetMap contributors",
        "captured_utc": "2026-09-09 16:36"
      },
      "geometry": {
        "type": "Point",
        "coordinates": [
          76.9396392,
          10.9412581
        ]
      }
    },
    {
      "type": "Feature",
      "properties": {
        "osm_id": "way/130035630",
        "name": "VLB College of Arts and Science",
        "kind": "college",
        "category": "education",
        "source": "OpenStreetMap contributors",
        "captured_utc": "2026-09-09 16:36"
      },
      "geometry": {
        "type": "Point",
        "coordinates": [
          76.9452189,
          10.9389355
        ]
      }
    },
    {
      "type": "Feature",
      "properties": {
        "osm_id": "way/130035633",
        "name": "VLB School",
        "kind": "school",
        "category": "education",
        "source": "OpenStreetMap contributors",
        "captured_utc": "2026-09-09 16:36"
      },
      "geometry": {
        "type": "Point",
        "coordinates": [
          76.9475542,
          10.9403866
        ]
      }
    },
    {
      "type": "Feature",
      "properties": {
        "osm_id": "way/130035676",
        "name": "A-Ground",
        "kind": "pitch",
        "category": "recreation",
        "source": "OpenStreetMap contributors",
        "captured_utc": "2026-09-09 16:36"
      },
      "geometry": {
        "type": "Point",
        "coordinates": [
          76.9365631,
          10.9461782
        ]
      }
    },
    {
      "type": "Feature",
      "properties": {
        "osm_id": "way/132995598",
        "name": "Bharathi Matri Hr. Sec. School",
        "kind": "school",
        "category": "education",
        "source": "OpenStreetMap contributors",
        "captured_utc": "2026-09-09 16:36"
      },
      "geometry": {
        "type": "Point",
        "coordinates": [
          76.9368347,
          11.0232408
        ]
      }
    },
    {
      "type": "Feature",
      "properties": {
        "osm_id": "way/133035201",
        "name": "Kalpana Medical Centre",
        "kind": "hospital",
        "category": "health",
        "source": "OpenStreetMap contributors",
        "captured_utc": "2026-09-09 16:36"
      },
      "geometry": {
        "type": "Point",
        "coordinates": [
          76.9477217,
          11.0469909
        ]
      }
    },
    {
      "type": "Feature",
      "properties": {
        "osm_id": "way/133072618",
        "name": "Ganga Hospital",
        "kind": "hospital",
        "category": "health",
        "source": "OpenStreetMap contributors",
        "captured_utc": "2026-09-09 16:36"
      },
      "geometry": {
        "type": "Point",
        "coordinates": [
          76.9524873,
          11.026129
        ]
      }
    },
    {
      "type": "Feature",
      "properties": {
        "osm_id": "way/133072620",
        "name": "Govt. College of Technology",
        "kind": "college",
        "category": "education",
        "source": "OpenStreetMap contributors",
        "captured_utc": "2026-09-09 16:36"
      },
      "geometry": {
        "type": "Point",
        "coordinates": [
          76.9365414,
          11.0196162
        ]
      }
    },
    {
      "type": "Feature",
      "properties": {
        "osm_id": "way/133072622",
        "name": "Avinasilingam Deemed University for Home Sciences",
        "kind": "university",
        "category": "education",
        "source": "OpenStreetMap contributors",
        "captured_utc": "2026-09-09 16:36"
      },
      "geometry": {
        "type": "Point",
        "coordinates": [
          76.9515442,
          11.0191444
        ]
      }
    },
    {
      "type": "Feature",
      "properties": {
        "osm_id": "way/133072629",
        "name": "Avila Convent Matriculation Higher Secondary School",
        "kind": "school",
        "category": "education",
        "source": "OpenStreetMap contributors",
        "captured_utc": "2026-09-09 16:36"
      },
      "geometry": {
        "type": "Point",
        "coordinates": [
          76.9335765,
          11.025798
        ]
      }
    },
    {
      "type": "Feature",
      "properties": {
        "osm_id": "way/133072630",
        "name": "Institute of Forest Genetics & Tree Breeding (IFGTB)",
        "kind": "college",
        "category": "education",
        "source": "OpenStreetMap contributors",
        "captured_utc": "2026-09-09 16:36"
      },
      "geometry": {
        "type": "Point",
        "coordinates": [
          76.9514724,
          11.0176359
        ]
      }
    },
    {
      "type": "Feature",
      "properties": {
        "osm_id": "way/133360776",
        "name": "Marudhamalai Subramaniya Swamy Devasthana Higher Secondary School",
        "kind": "school",
        "category": "education",
        "source": "OpenStreetMap contributors",
        "captured_utc": "2026-09-09 16:36"
      },
      "geometry": {
        "type": "Point",
        "coordinates": [
          76.9076266,
          11.0247759
        ]
      }
    },
    {
      "type": "Feature",
      "properties": {
        "osm_id": "way/133360781",
        "name": "T.A. Ramalingam Chettiar Higher Secondary School",
        "kind": "school",
        "category": "education",
        "source": "OpenStreetMap contributors",
        "captured_utc": "2026-09-09 16:36"
      },
      "geometry": {
        "type": "Point",
        "coordinates": [
          76.948577,
          11.0238802
        ]
      }
    },
    {
      "type": "Feature",
      "properties": {
        "osm_id": "way/133360789",
        "name": "Nehru maha vidhyalaya",
        "kind": "school",
        "category": "education",
        "source": "OpenStreetMap contributors",
        "captured_utc": "2026-09-09 16:36"
      },
      "geometry": {
        "type": "Point",
        "coordinates": [
          76.9440735,
          11.0069406
        ]
      }
    },
    {
      "type": "Feature",
      "properties": {
        "osm_id": "way/133368414",
        "name": "Education",
        "kind": "school",
        "category": "education",
        "source": "OpenStreetMap contributors",
        "captured_utc": "2026-09-09 16:36"
      },
      "geometry": {
        "type": "Point",
        "coordinates": [
          76.9578529,
          11.0120123
        ]
      }
    },
    {
      "type": "Feature",
      "properties": {
        "osm_id": "way/133585584",
        "name": "G. D. Matriculation Higher Secondary School",
        "kind": "school",
        "category": "education",
        "source": "OpenStreetMap contributors",
        "captured_utc": "2026-09-09 16:36"
      },
      "geometry": {
        "type": "Point",
        "coordinates": [
          76.9655278,
          11.0000305
        ]
      }
    },
    {
      "type": "Feature",
      "properties": {
        "osm_id": "way/133585585",
        "name": "Niramla College for Women",
        "kind": "college",
        "category": "education",
        "source": "OpenStreetMap contributors",
        "captured_utc": "2026-09-09 16:36"
      },
      "geometry": {
        "type": "Point",
        "coordinates": [
          76.9837036,
          11.0000423
        ]
      }
    },
    {
      "type": "Feature",
      "properties": {
        "osm_id": "way/133585587",
        "name": "Commisioner Office",
        "kind": "police",
        "category": "civic",
        "source": "OpenStreetMap contributors",
        "captured_utc": "2026-09-09 16:36"
      },
      "geometry": {
        "type": "Point",
        "coordinates": [
          76.9681639,
          11.0007466
        ]
      }
    },
    {
      "type": "Feature",
      "properties": {
        "osm_id": "way/133585670",
        "name": "Bishop Appasamy College",
        "kind": "college",
        "category": "education",
        "source": "OpenStreetMap contributors",
        "captured_utc": "2026-09-09 16:36"
      },
      "geometry": {
        "type": "Point",
        "coordinates": [
          76.9767157,
          11.0041088
        ]
      }
    },
    {
      "type": "Feature",
      "properties": {
        "osm_id": "way/133585671",
        "name": "Combined Court Complex",
        "kind": "courthouse",
        "category": "civic",
        "source": "OpenStreetMap contributors",
        "captured_utc": "2026-09-09 16:36"
      },
      "geometry": {
        "type": "Point",
        "coordinates": [
          76.9703209,
          10.9996776
        ]
      }
    },
    {
      "type": "Feature",
      "properties": {
        "osm_id": "way/133586708",
        "name": "Carmel Garden Matriculation Higher Secondary School",
        "kind": "school",
        "category": "education",
        "source": "OpenStreetMap contributors",
        "captured_utc": "2026-09-09 16:36"
      },
      "geometry": {
        "type": "Point",
        "coordinates": [
          76.9876201,
          10.9993669
        ]
      }
    },
    {
      "type": "Feature",
      "properties": {
        "osm_id": "way/133736673",
        "name": "Sankara Eye Hospital",
        "kind": "hospital",
        "category": "health",
        "source": "OpenStreetMap contributors",
        "captured_utc": "2026-09-09 16:36"
      },
      "geometry": {
        "type": "Point",
        "coordinates": [
          76.9977839,
          11.0558646
        ]
      }
    },
    {
      "type": "Feature",
      "properties": {
        "osm_id": "way/133739505",
        "name": "B9 Saravanampatty Police Station",
        "kind": "police",
        "category": "civic",
        "source": "OpenStreetMap contributors",
        "captured_utc": "2026-09-09 16:36"
      },
      "geometry": {
        "type": "Point",
        "coordinates": [
          77.0027098,
          11.0747167
        ]
      }
    },
    {
      "type": "Feature",
      "properties": {
        "osm_id": "way/133941131",
        "name": "VOC Basket Ball Stadium Coimbatore",
        "kind": "pitch",
        "category": "recreation",
        "source": "OpenStreetMap contributors",
        "captured_utc": "2026-09-09 16:36"
      },
      "geometry": {
        "type": "Point",
        "coordinates": [
          76.9682493,
          11.0075828
        ]
      }
    },
    {
      "type": "Feature",
      "properties": {
        "osm_id": "way/133941132",
        "name": "Exhibition ground",
        "kind": "playground",
        "category": "recreation",
        "source": "OpenStreetMap contributors",
        "captured_utc": "2026-09-09 16:36"
      },
      "geometry": {
        "type": "Point",
        "coordinates": [
          76.9672175,
          11.0075527
        ]
      }
    },
    {
      "type": "Feature",
      "properties": {
        "osm_id": "way/134688714",
        "name": "Recreation",
        "kind": "pitch",
        "category": "recreation",
        "source": "OpenStreetMap contributors",
        "captured_utc": "2026-09-09 16:36"
      },
      "geometry": {
        "type": "Point",
        "coordinates": [
          76.9116845,
          11.1147522
        ]
      }
    },
    {
      "type": "Feature",
      "properties": {
        "osm_id": "way/134949278",
        "name": "Jawaharlal Nehru Stadium",
        "kind": "stadium",
        "category": "recreation",
        "source": "OpenStreetMap contributors",
        "captured_utc": "2026-09-09 16:36"
      },
      "geometry": {
        "type": "Point",
        "coordinates": [
          76.9694134,
          11.0065786
        ]
      }
    },
    {
      "type": "Feature",
      "properties": {
        "osm_id": "way/135309863",
        "name": "Recreation",
        "kind": "pitch",
        "category": "recreation",
        "source": "OpenStreetMap contributors",
        "captured_utc": "2026-09-09 16:36"
      },
      "geometry": {
        "type": "Point",
        "coordinates": [
          77.0462207,
          11.0015192
        ]
      }
    },
    {
      "type": "Feature",
      "properties": {
        "osm_id": "way/135309864",
        "name": "Recreation",
        "kind": "pitch",
        "category": "recreation",
        "source": "OpenStreetMap contributors",
        "captured_utc": "2026-09-09 16:36"
      },
      "geometry": {
        "type": "Point",
        "coordinates": [
          77.0460514,
          11.0014039
        ]
      }
    },
    {
      "type": "Feature",
      "properties": {
        "osm_id": "way/136743589",
        "name": "Kovai Linux Centre",
        "kind": "school",
        "category": "education",
        "source": "OpenStreetMap contributors",
        "captured_utc": "2026-09-09 16:36"
      },
      "geometry": {
        "type": "Point",
        "coordinates": [
          76.9655,
          11.0156272
        ]
      }
    },
    {
      "type": "Feature",
      "properties": {
        "osm_id": "way/150446612",
        "name": "Ramalingam Primary School",
        "kind": "school",
        "category": "education",
        "source": "OpenStreetMap contributors",
        "captured_utc": "2026-09-09 16:36"
      },
      "geometry": {
        "type": "Point",
        "coordinates": [
          76.9510321,
          11.0256049
        ]
      }
    },
    {
      "type": "Feature",
      "properties": {
        "osm_id": "way/150454523",
        "name": "New Busstand",
        "kind": "bus_station",
        "category": "mobility",
        "source": "OpenStreetMap contributors",
        "captured_utc": "2026-09-09 16:36"
      },
      "geometry": {
        "type": "Point",
        "coordinates": [
          76.951749,
          11.0302694
        ]
      }
    },
    {
      "type": "Feature",
      "properties": {
        "osm_id": "way/150502963",
        "name": "Saibaba Colony Vegetable Market",
        "kind": "marketplace",
        "category": "other",
        "source": "OpenStreetMap contributors",
        "captured_utc": "2026-09-09 16:36"
      },
      "geometry": {
        "type": "Point",
        "coordinates": [
          76.9518015,
          11.026146
        ]
      }
    },
    {
      "type": "Feature",
      "properties": {
        "osm_id": "way/152296091",
        "name": "stadium",
        "kind": "stadium",
        "category": "recreation",
        "source": "OpenStreetMap contributors",
        "captured_utc": "2026-09-09 16:36"
      },
      "geometry": {
        "type": "Point",
        "coordinates": [
          76.9683689,
          11.1021059
        ]
      }
    },
    {
      "type": "Feature",
      "properties": {
        "osm_id": "way/152297550",
        "name": "pitch",
        "kind": "pitch",
        "category": "recreation",
        "source": "OpenStreetMap contributors",
        "captured_utc": "2026-09-09 16:36"
      },
      "geometry": {
        "type": "Point",
        "coordinates": [
          76.9673858,
          11.1013458
        ]
      }
    },
    {
      "type": "Feature",
      "properties": {
        "osm_id": "way/152306967",
        "name": "playground",
        "kind": "pitch",
        "category": "recreation",
        "source": "OpenStreetMap contributors",
        "captured_utc": "2026-09-09 16:36"
      },
      "geometry": {
        "type": "Point",
        "coordinates": [
          76.9629189,
          11.101068
        ]
      }
    },
    {
      "type": "Feature",
      "properties": {
        "osm_id": "way/155623691",
        "name": "Dr. Arjun Hospital",
        "kind": "hospital",
        "category": "health",
        "source": "OpenStreetMap contributors",
        "captured_utc": "2026-09-09 16:36"
      },
      "geometry": {
        "type": "Point",
        "coordinates": [
          76.930203,
          10.9843661
        ]
      }
    },
    {
      "type": "Feature",
      "properties": {
        "osm_id": "way/171859675",
        "name": "KSIRS",
        "kind": "school",
        "category": "education",
        "source": "OpenStreetMap contributors",
        "captured_utc": "2026-09-09 16:36"
      },
      "geometry": {
        "type": "Point",
        "coordinates": [
          76.9885434,
          11.066549
        ]
      }
    },
    {
      "type": "Feature",
      "properties": {
        "osm_id": "way/172004025",
        "name": "KGISL IIM",
        "kind": "college",
        "category": "education",
        "source": "OpenStreetMap contributors",
        "captured_utc": "2026-09-09 16:36"
      },
      "geometry": {
        "type": "Point",
        "coordinates": [
          76.99715,
          11.0834337
        ]
      }
    },
    {
      "type": "Feature",
      "properties": {
        "osm_id": "way/172004028",
        "name": "KGISL Institute of Technology",
        "kind": "college",
        "category": "education",
        "source": "OpenStreetMap contributors",
        "captured_utc": "2026-09-09 16:36"
      },
      "geometry": {
        "type": "Point",
        "coordinates": [
          76.9981798,
          11.0849024
        ]
      }
    },
    {
      "type": "Feature",
      "properties": {
        "osm_id": "way/172008034",
        "name": "Recreation",
        "kind": "pitch",
        "category": "recreation",
        "source": "OpenStreetMap contributors",
        "captured_utc": "2026-09-09 16:36"
      },
      "geometry": {
        "type": "Point",
        "coordinates": [
          76.9889084,
          11.0799864
        ]
      }
    },
    {
      "type": "Feature",
      "properties": {
        "osm_id": "way/172008058",
        "name": "Recreation",
        "kind": "pitch",
        "category": "recreation",
        "source": "OpenStreetMap contributors",
        "captured_utc": "2026-09-09 16:36"
      },
      "geometry": {
        "type": "Point",
        "coordinates": [
          76.9880333,
          11.0795407
        ]
      }
    },
    {
      "type": "Feature",
      "properties": {
        "osm_id": "way/172009586",
        "name": "Recreation",
        "kind": "pitch",
        "category": "recreation",
        "source": "OpenStreetMap contributors",
        "captured_utc": "2026-09-09 16:36"
      },
      "geometry": {
        "type": "Point",
        "coordinates": [
          76.9975475,
          11.0856639
        ]
      }
    },
    {
      "type": "Feature",
      "properties": {
        "osm_id": "way/172010116",
        "name": "Maharishi Vidhya Mandir",
        "kind": "school",
        "category": "education",
        "source": "OpenStreetMap contributors",
        "captured_utc": "2026-09-09 16:36"
      },
      "geometry": {
        "type": "Point",
        "coordinates": [
          76.9813641,
          11.0814298
        ]
      }
    },
    {
      "type": "Feature",
      "properties": {
        "osm_id": "way/172011146",
        "name": "Education",
        "kind": "school",
        "category": "education",
        "source": "OpenStreetMap contributors",
        "captured_utc": "2026-09-09 16:36"
      },
      "geometry": {
        "type": "Point",
        "coordinates": [
          76.9852793,
          11.0662931
        ]
      }
    },
    {
      "type": "Feature",
      "properties": {
        "osm_id": "way/172011150",
        "name": "Education",
        "kind": "school",
        "category": "education",
        "source": "OpenStreetMap contributors",
        "captured_utc": "2026-09-09 16:36"
      },
      "geometry": {
        "type": "Point",
        "coordinates": [
          76.9854401,
          11.0657682
        ]
      }
    },
    {
      "type": "Feature",
      "properties": {
        "osm_id": "way/172011151",
        "name": "Education",
        "kind": "school",
        "category": "education",
        "source": "OpenStreetMap contributors",
        "captured_utc": "2026-09-09 16:36"
      },
      "geometry": {
        "type": "Point",
        "coordinates": [
          76.9858755,
          11.0658314
        ]
      }
    },
    {
      "type": "Feature",
      "properties": {
        "osm_id": "way/172011154",
        "name": "Education",
        "kind": "school",
        "category": "education",
        "source": "OpenStreetMap contributors",
        "captured_utc": "2026-09-09 16:36"
      },
      "geometry": {
        "type": "Point",
        "coordinates": [
          76.9859142,
          11.0663263
        ]
      }
    },
    {
      "type": "Feature",
      "properties": {
        "osm_id": "way/172011156",
        "name": "Education",
        "kind": "school",
        "category": "education",
        "source": "OpenStreetMap contributors",
        "captured_utc": "2026-09-09 16:36"
      },
      "geometry": {
        "type": "Point",
        "coordinates": [
          76.9856949,
          11.066335
        ]
      }
    },
    {
      "type": "Feature",
      "properties": {
        "osm_id": "way/172011157",
        "name": "Chinnavedampatti Childrens Park",
        "kind": "playground",
        "category": "recreation",
        "source": "OpenStreetMap contributors",
        "captured_utc": "2026-09-09 16:36"
      },
      "geometry": {
        "type": "Point",
        "coordinates": [
          76.9877121,
          11.0643341
        ]
      }
    },
    {
      "type": "Feature",
      "properties": {
        "osm_id": "way/172098707",
        "name": "Health",
        "kind": "hospital",
        "category": "health",
        "source": "OpenStreetMap contributors",
        "captured_utc": "2026-09-09 16:36"
      },
      "geometry": {
        "type": "Point",
        "coordinates": [
          76.9803545,
          11.0112862
        ]
      }
    },
    {
      "type": "Feature",
      "properties": {
        "osm_id": "way/172099501",
        "name": "Education",
        "kind": "college",
        "category": "education",
        "source": "OpenStreetMap contributors",
        "captured_utc": "2026-09-09 16:36"
      },
      "geometry": {
        "type": "Point",
        "coordinates": [
          76.9719136,
          10.9980382
        ]
      }
    },
    {
      "type": "Feature",
      "properties": {
        "osm_id": "way/191213095",
        "name": "Jayendra Saraswathi College",
        "kind": "college",
        "category": "education",
        "source": "OpenStreetMap contributors",
        "captured_utc": "2026-09-09 16:36"
      },
      "geometry": {
        "type": "Point",
        "coordinates": [
          77.0437771,
          11.0077115
        ]
      }
    },
    {
      "type": "Feature",
      "properties": {
        "osm_id": "way/193354097",
        "name": "Gem Hospital, Coimbatore",
        "kind": "hospital",
        "category": "health",
        "source": "OpenStreetMap contributors",
        "captured_utc": "2026-09-09 16:36"
      },
      "geometry": {
        "type": "Point",
        "coordinates": [
          76.9953933,
          10.9996629
        ]
      }
    },
    {
      "type": "Feature",
      "properties": {
        "osm_id": "way/194879734",
        "name": "Ruby Matriculation School",
        "kind": "school",
        "category": "education",
        "source": "OpenStreetMap contributors",
        "captured_utc": "2026-09-09 16:36"
      },
      "geometry": {
        "type": "Point",
        "coordinates": [
          77.0017383,
          11.0824185
        ]
      }
    },
    {
      "type": "Feature",
      "properties": {
        "osm_id": "way/196841575",
        "name": "Chandrakanthi Public School",
        "kind": "school",
        "category": "education",
        "source": "OpenStreetMap contributors",
        "captured_utc": "2026-09-09 16:36"
      },
      "geometry": {
        "type": "Point",
        "coordinates": [
          77.0289566,
          11.0449645
        ]
      }
    },
    {
      "type": "Feature",
      "properties": {
        "osm_id": "way/196841577",
        "name": "Chandra Matriculation Higher Secondary School",
        "kind": "school",
        "category": "education",
        "source": "OpenStreetMap contributors",
        "captured_utc": "2026-09-09 16:36"
      },
      "geometry": {
        "type": "Point",
        "coordinates": [
          77.0297285,
          11.044117
        ]
      }
    },
    {
      "type": "Feature",
      "properties": {
        "osm_id": "way/230401642",
        "name": "Sankara Polytechnic",
        "kind": "college",
        "category": "education",
        "source": "OpenStreetMap contributors",
        "captured_utc": "2026-09-09 16:36"
      },
      "geometry": {
        "type": "Point",
        "coordinates": [
          76.9861044,
          11.0856443
        ]
      }
    },
    {
      "type": "Feature",
      "properties": {
        "osm_id": "way/230932034",
        "name": "Hindustan school of Management",
        "kind": "college",
        "category": "education",
        "source": "OpenStreetMap contributors",
        "captured_utc": "2026-09-09 16:36"
      },
      "geometry": {
        "type": "Point",
        "coordinates": [
          76.9930425,
          11.0125997
        ]
      }
    },
    {
      "type": "Feature",
      "properties": {
        "osm_id": "way/230938562",
        "name": "Recreation",
        "kind": "pitch",
        "category": "recreation",
        "source": "OpenStreetMap contributors",
        "captured_utc": "2026-09-09 16:36"
      },
      "geometry": {
        "type": "Point",
        "coordinates": [
          76.9844991,
          11.0865567
        ]
      }
    },
    {
      "type": "Feature",
      "properties": {
        "osm_id": "way/236700300",
        "name": "Recreation",
        "kind": "pitch",
        "category": "recreation",
        "source": "OpenStreetMap contributors",
        "captured_utc": "2026-09-09 16:36"
      },
      "geometry": {
        "type": "Point",
        "coordinates": [
          76.9840567,
          11.1032856
        ]
      }
    },
    {
      "type": "Feature",
      "properties": {
        "osm_id": "way/238707846",
        "name": "Corporation School",
        "kind": "school",
        "category": "education",
        "source": "OpenStreetMap contributors",
        "captured_utc": "2026-09-09 16:36"
      },
      "geometry": {
        "type": "Point",
        "coordinates": [
          76.9449978,
          11.0314827
        ]
      }
    },
    {
      "type": "Feature",
      "properties": {
        "osm_id": "way/238707848",
        "name": "Corporation School",
        "kind": "school",
        "category": "education",
        "source": "OpenStreetMap contributors",
        "captured_utc": "2026-09-09 16:36"
      },
      "geometry": {
        "type": "Point",
        "coordinates": [
          76.9444902,
          11.0312216
        ]
      }
    },
    {
      "type": "Feature",
      "properties": {
        "osm_id": "way/239031132",
        "name": "Recreation",
        "kind": "park",
        "category": "recreation",
        "source": "OpenStreetMap contributors",
        "captured_utc": "2026-09-09 16:36"
      },
      "geometry": {
        "type": "Point",
        "coordinates": [
          76.9430962,
          11.0268011
        ]
      }
    },
    {
      "type": "Feature",
      "properties": {
        "osm_id": "way/239032820",
        "name": "St. Thomas Higher Secondary School",
        "kind": "school",
        "category": "education",
        "source": "OpenStreetMap contributors",
        "captured_utc": "2026-09-09 16:36"
      },
      "geometry": {
        "type": "Point",
        "coordinates": [
          76.9447268,
          11.0351952
        ]
      }
    },
    {
      "type": "Feature",
      "properties": {
        "osm_id": "way/239155343",
        "name": "Ramalinga Nagar Park",
        "kind": "park",
        "category": "recreation",
        "source": "OpenStreetMap contributors",
        "captured_utc": "2026-09-09 16:36"
      },
      "geometry": {
        "type": "Point",
        "coordinates": [
          76.937782,
          11.0290965
        ]
      }
    },
    {
      "type": "Feature",
      "properties": {
        "osm_id": "way/239155344",
        "name": "Corporation Park",
        "kind": "park",
        "category": "recreation",
        "source": "OpenStreetMap contributors",
        "captured_utc": "2026-09-09 16:36"
      },
      "geometry": {
        "type": "Point",
        "coordinates": [
          76.939301,
          11.0310198
        ]
      }
    },
    {
      "type": "Feature",
      "properties": {
        "osm_id": "way/239155567",
        "name": "Ramalinga Nagar Childrens Park",
        "kind": "park",
        "category": "recreation",
        "source": "OpenStreetMap contributors",
        "captured_utc": "2026-09-09 16:36"
      },
      "geometry": {
        "type": "Point",
        "coordinates": [
          76.9373384,
          11.0296136
        ]
      }
    },
    {
      "type": "Feature",
      "properties": {
        "osm_id": "way/240742622",
        "name": "Sri Sakthi Institute of Engineering and Technology",
        "kind": "college",
        "category": "education",
        "source": "OpenStreetMap contributors",
        "captured_utc": "2026-09-09 16:36"
      },
      "geometry": {
        "type": "Point",
        "coordinates": [
          77.0754399,
          11.0396695
        ]
      }
    },
    {
      "type": "Feature",
      "properties": {
        "osm_id": "way/242699976",
        "name": "Recreation",
        "kind": "pitch",
        "category": "recreation",
        "source": "OpenStreetMap contributors",
        "captured_utc": "2026-09-09 16:36"
      },
      "geometry": {
        "type": "Point",
        "coordinates": [
          76.9889043,
          10.9173649
        ]
      }
    },
    {
      "type": "Feature",
      "properties": {
        "osm_id": "way/242699977",
        "name": "Recreation",
        "kind": "pitch",
        "category": "recreation",
        "source": "OpenStreetMap contributors",
        "captured_utc": "2026-09-09 16:36"
      },
      "geometry": {
        "type": "Point",
        "coordinates": [
          76.988084,
          10.9175914
        ]
      }
    },
    {
      "type": "Feature",
      "properties": {
        "osm_id": "way/242699978",
        "name": "Recreation",
        "kind": "pitch",
        "category": "recreation",
        "source": "OpenStreetMap contributors",
        "captured_utc": "2026-09-09 16:36"
      },
      "geometry": {
        "type": "Point",
        "coordinates": [
          76.9883192,
          10.9176997
        ]
      }
    },
    {
      "type": "Feature",
      "properties": {
        "osm_id": "way/244011426",
        "name": "Intercity Bus Stand",
        "kind": "bus_station",
        "category": "mobility",
        "source": "OpenStreetMap contributors",
        "captured_utc": "2026-09-09 16:36"
      },
      "geometry": {
        "type": "Point",
        "coordinates": [
          76.9702192,
          11.0172802
        ]
      }
    },
    {
      "type": "Feature",
      "properties": {
        "osm_id": "way/254810517",
        "name": "Jaycee Higher Secondary School",
        "kind": "school",
        "category": "education",
        "source": "OpenStreetMap contributors",
        "captured_utc": "2026-09-09 16:36"
      },
      "geometry": {
        "type": "Point",
        "coordinates": [
          76.914008,
          11.0373253
        ]
      }
    },
    {
      "type": "Feature",
      "properties": {
        "osm_id": "way/262854343",
        "name": "Manchester International School",
        "kind": "school",
        "category": "education",
        "source": "OpenStreetMap contributors",
        "captured_utc": "2026-09-09 16:36"
      },
      "geometry": {
        "type": "Point",
        "coordinates": [
          76.962049,
          11.0845086
        ]
      }
    },
    {
      "type": "Feature",
      "properties": {
        "osm_id": "way/264275650",
        "name": "National Model Matriculation school",
        "kind": "school",
        "category": "education",
        "source": "OpenStreetMap contributors",
        "captured_utc": "2026-09-09 16:36"
      },
      "geometry": {
        "type": "Point",
        "coordinates": [
          77.0119203,
          11.017381
        ]
      }
    },
    {
      "type": "Feature",
      "properties": {
        "osm_id": "way/293066627",
        "name": "Devanga High School",
        "kind": "school",
        "category": "education",
        "source": "OpenStreetMap contributors",
        "captured_utc": "2026-09-09 16:36"
      },
      "geometry": {
        "type": "Point",
        "coordinates": [
          76.9590833,
          11.0080335
        ]
      }
    },
    {
      "type": "Feature",
      "properties": {
        "osm_id": "way/293066634",
        "name": "TNSTC Coimbatore Central Bus Depot",
        "kind": "bus_station",
        "category": "mobility",
        "source": "OpenStreetMap contributors",
        "captured_utc": "2026-09-09 16:36"
      },
      "geometry": {
        "type": "Point",
        "coordinates": [
          76.9670664,
          11.0141098
        ]
      }
    },
    {
      "type": "Feature",
      "properties": {
        "osm_id": "way/323421077",
        "name": "CBM College",
        "kind": "college",
        "category": "education",
        "source": "OpenStreetMap contributors",
        "captured_utc": "2026-09-09 16:36"
      },
      "geometry": {
        "type": "Point",
        "coordinates": [
          76.9368655,
          10.9382903
        ]
      }
    },
    {
      "type": "Feature",
      "properties": {
        "osm_id": "way/329852731",
        "name": "Recreation",
        "kind": "park",
        "category": "recreation",
        "source": "OpenStreetMap contributors",
        "captured_utc": "2026-09-09 16:36"
      },
      "geometry": {
        "type": "Point",
        "coordinates": [
          77.0091391,
          11.0074967
        ]
      }
    },
    {
      "type": "Feature",
      "properties": {
        "osm_id": "way/335860813",
        "name": "Recreation",
        "kind": "playground",
        "category": "recreation",
        "source": "OpenStreetMap contributors",
        "captured_utc": "2026-09-09 16:36"
      },
      "geometry": {
        "type": "Point",
        "coordinates": [
          77.0452729,
          11.0019592
        ]
      }
    },
    {
      "type": "Feature",
      "properties": {
        "osm_id": "way/335860814",
        "name": "Recreation",
        "kind": "playground",
        "category": "recreation",
        "source": "OpenStreetMap contributors",
        "captured_utc": "2026-09-09 16:36"
      },
      "geometry": {
        "type": "Point",
        "coordinates": [
          77.0448652,
          11.0012107
        ]
      }
    },
    {
      "type": "Feature",
      "properties": {
        "osm_id": "way/356877719",
        "name": "Kovai Medical Centre and Hospital",
        "kind": "hospital",
        "category": "health",
        "source": "OpenStreetMap contributors",
        "captured_utc": "2026-09-09 16:36"
      },
      "geometry": {
        "type": "Point",
        "coordinates": [
          77.0406074,
          11.0426077
        ]
      }
    },
    {
      "type": "Feature",
      "properties": {
        "osm_id": "way/356928304",
        "name": "Ramlaskhmi Mahal",
        "kind": "community_centre",
        "category": "community",
        "source": "OpenStreetMap contributors",
        "captured_utc": "2026-09-09 16:36"
      },
      "geometry": {
        "type": "Point",
        "coordinates": [
          77.0458063,
          11.0443767
        ]
      }
    },
    {
      "type": "Feature",
      "properties": {
        "osm_id": "way/357067750",
        "name": "Recreation",
        "kind": "pitch",
        "category": "recreation",
        "source": "OpenStreetMap contributors",
        "captured_utc": "2026-09-09 16:36"
      },
      "geometry": {
        "type": "Point",
        "coordinates": [
          77.042946,
          11.0467505
        ]
      }
    },
    {
      "type": "Feature",
      "properties": {
        "osm_id": "way/357082017",
        "name": "South India Textile Research Association - SITRA",
        "kind": "college",
        "category": "education",
        "source": "OpenStreetMap contributors",
        "captured_utc": "2026-09-09 16:36"
      },
      "geometry": {
        "type": "Point",
        "coordinates": [
          77.0355493,
          11.0396478
        ]
      }
    },
    {
      "type": "Feature",
      "properties": {
        "osm_id": "way/357082018",
        "name": "Passport Seva Kendra",
        "kind": "townhall",
        "category": "civic",
        "source": "OpenStreetMap contributors",
        "captured_utc": "2026-09-09 16:36"
      },
      "geometry": {
        "type": "Point",
        "coordinates": [
          77.0394689,
          11.0401218
        ]
      }
    },
    {
      "type": "Feature",
      "properties": {
        "osm_id": "way/361362353",
        "name": "Vivekam CBSE School",
        "kind": "school",
        "category": "education",
        "source": "OpenStreetMap contributors",
        "captured_utc": "2026-09-09 16:36"
      },
      "geometry": {
        "type": "Point",
        "coordinates": [
          76.9954015,
          11.0791972
        ]
      }
    },
    {
      "type": "Feature",
      "properties": {
        "osm_id": "way/366991115",
        "name": "Industrial Technical Institute (ITI)",
        "kind": "college",
        "category": "education",
        "source": "OpenStreetMap contributors",
        "captured_utc": "2026-09-09 16:36"
      },
      "geometry": {
        "type": "Point",
        "coordinates": [
          76.9438762,
          11.0539711
        ]
      }
    },
    {
      "type": "Feature",
      "properties": {
        "osm_id": "way/373410449",
        "name": "CSI(Church of South India) Boys Higher Secondary School",
        "kind": "school",
        "category": "education",
        "source": "OpenStreetMap contributors",
        "captured_utc": "2026-09-09 16:36"
      },
      "geometry": {
        "type": "Point",
        "coordinates": [
          76.9648158,
          10.9968977
        ]
      }
    },
    {
      "type": "Feature",
      "properties": {
        "osm_id": "way/374784185",
        "name": "Education",
        "kind": "school",
        "category": "education",
        "source": "OpenStreetMap contributors",
        "captured_utc": "2026-09-09 16:36"
      },
      "geometry": {
        "type": "Point",
        "coordinates": [
          76.9626716,
          10.996211
        ]
      }
    },
    {
      "type": "Feature",
      "properties": {
        "osm_id": "way/374788422",
        "name": "Saraswati Ramachandran Higher Secondary School",
        "kind": "school",
        "category": "education",
        "source": "OpenStreetMap contributors",
        "captured_utc": "2026-09-09 16:36"
      },
      "geometry": {
        "type": "Point",
        "coordinates": [
          76.9617113,
          10.9538784
        ]
      }
    },
    {
      "type": "Feature",
      "properties": {
        "osm_id": "way/377954688",
        "name": "Recreation",
        "kind": "park",
        "category": "recreation",
        "source": "OpenStreetMap contributors",
        "captured_utc": "2026-09-09 16:36"
      },
      "geometry": {
        "type": "Point",
        "coordinates": [
          77.0001977,
          10.9805954
        ]
      }
    },
    {
      "type": "Feature",
      "properties": {
        "osm_id": "way/377992179",
        "name": "Govt.Womens Arts College",
        "kind": "college",
        "category": "education",
        "source": "OpenStreetMap contributors",
        "captured_utc": "2026-09-09 16:36"
      },
      "geometry": {
        "type": "Point",
        "coordinates": [
          76.9630147,
          10.9932946
        ]
      }
    },
    {
      "type": "Feature",
      "properties": {
        "osm_id": "way/377993516",
        "name": "College Ground",
        "kind": "pitch",
        "category": "recreation",
        "source": "OpenStreetMap contributors",
        "captured_utc": "2026-09-09 16:36"
      },
      "geometry": {
        "type": "Point",
        "coordinates": [
          76.9730018,
          10.9982079
        ]
      }
    },
    {
      "type": "Feature",
      "properties": {
        "osm_id": "way/377993519",
        "name": "Coimbatore Medical College Hospital",
        "kind": "hospital",
        "category": "health",
        "source": "OpenStreetMap contributors",
        "captured_utc": "2026-09-09 16:36"
      },
      "geometry": {
        "type": "Point",
        "coordinates": [
          76.9702365,
          10.9964129
        ]
      }
    },
    {
      "type": "Feature",
      "properties": {
        "osm_id": "way/380074155",
        "name": "Government Law College, Coimbatore",
        "kind": "college",
        "category": "education",
        "source": "OpenStreetMap contributors",
        "captured_utc": "2026-09-09 16:36"
      },
      "geometry": {
        "type": "Point",
        "coordinates": [
          76.8677195,
          11.0426619
        ]
      }
    },
    {
      "type": "Feature",
      "properties": {
        "osm_id": "way/380074156",
        "name": "Law College Hostel",
        "kind": "college",
        "category": "education",
        "source": "OpenStreetMap contributors",
        "captured_utc": "2026-09-09 16:36"
      },
      "geometry": {
        "type": "Point",
        "coordinates": [
          76.8683202,
          11.0438623
        ]
      }
    },
    {
      "type": "Feature",
      "properties": {
        "osm_id": "way/380074538",
        "name": "Civic & safety",
        "kind": "post_office",
        "category": "civic",
        "source": "OpenStreetMap contributors",
        "captured_utc": "2026-09-09 16:36"
      },
      "geometry": {
        "type": "Point",
        "coordinates": [
          76.87342,
          11.0408638
        ]
      }
    },
    {
      "type": "Feature",
      "properties": {
        "osm_id": "way/380074539",
        "name": "Coimbatore Diabetes Foundation",
        "kind": "hospital",
        "category": "health",
        "source": "OpenStreetMap contributors",
        "captured_utc": "2026-09-09 16:36"
      },
      "geometry": {
        "type": "Point",
        "coordinates": [
          76.8765145,
          11.0344771
        ]
      }
    },
    {
      "type": "Feature",
      "properties": {
        "osm_id": "way/380080898",
        "name": "Chavara Vidya Bhavan",
        "kind": "school",
        "category": "education",
        "source": "OpenStreetMap contributors",
        "captured_utc": "2026-09-09 16:36"
      },
      "geometry": {
        "type": "Point",
        "coordinates": [
          76.8923153,
          11.0428698
        ]
      }
    },
    {
      "type": "Feature",
      "properties": {
        "osm_id": "way/380702790",
        "name": "Central Library",
        "kind": "library",
        "category": "community",
        "source": "OpenStreetMap contributors",
        "captured_utc": "2026-09-09 16:36"
      },
      "geometry": {
        "type": "Point",
        "coordinates": [
          76.8990966,
          10.9043796
        ]
      }
    },
    {
      "type": "Feature",
      "properties": {
        "osm_id": "way/380702793",
        "name": "Recreation",
        "kind": "pitch",
        "category": "recreation",
        "source": "OpenStreetMap contributors",
        "captured_utc": "2026-09-09 16:36"
      },
      "geometry": {
        "type": "Point",
        "coordinates": [
          76.9004149,
          10.9023141
        ]
      }
    },
    {
      "type": "Feature",
      "properties": {
        "osm_id": "way/380926242",
        "name": "Recreation",
        "kind": "pitch",
        "category": "recreation",
        "source": "OpenStreetMap contributors",
        "captured_utc": "2026-09-09 16:36"
      },
      "geometry": {
        "type": "Point",
        "coordinates": [
          76.904055,
          10.9008123
        ]
      }
    },
    {
      "type": "Feature",
      "properties": {
        "osm_id": "way/380926245",
        "name": "Recreation",
        "kind": "pitch",
        "category": "recreation",
        "source": "OpenStreetMap contributors",
        "captured_utc": "2026-09-09 16:36"
      },
      "geometry": {
        "type": "Point",
        "coordinates": [
          76.9040167,
          10.9012317
        ]
      }
    },
    {
      "type": "Feature",
      "properties": {
        "osm_id": "way/380926247",
        "name": "Recreation",
        "kind": "pitch",
        "category": "recreation",
        "source": "OpenStreetMap contributors",
        "captured_utc": "2026-09-09 16:36"
      },
      "geometry": {
        "type": "Point",
        "coordinates": [
          76.9039892,
          10.90153
        ]
      }
    },
    {
      "type": "Feature",
      "properties": {
        "osm_id": "way/382602878",
        "name": "Alvernia Higher Secondary Matriculation School",
        "kind": "school",
        "category": "education",
        "source": "OpenStreetMap contributors",
        "captured_utc": "2026-09-09 16:36"
      },
      "geometry": {
        "type": "Point",
        "coordinates": [
          77.0027548,
          10.9981807
        ]
      }
    },
    {
      "type": "Feature",
      "properties": {
        "osm_id": "way/382603284",
        "name": "Corporation Boys High School",
        "kind": "school",
        "category": "education",
        "source": "OpenStreetMap contributors",
        "captured_utc": "2026-09-09 16:36"
      },
      "geometry": {
        "type": "Point",
        "coordinates": [
          76.9941036,
          10.9964338
        ]
      }
    },
    {
      "type": "Feature",
      "properties": {
        "osm_id": "way/382609758",
        "name": "Balaji Driving School",
        "kind": "school",
        "category": "education",
        "source": "OpenStreetMap contributors",
        "captured_utc": "2026-09-09 16:36"
      },
      "geometry": {
        "type": "Point",
        "coordinates": [
          77.0022413,
          10.9847217
        ]
      }
    },
    {
      "type": "Feature",
      "properties": {
        "osm_id": "way/382610267",
        "name": "BVM Global School",
        "kind": "school",
        "category": "education",
        "source": "OpenStreetMap contributors",
        "captured_utc": "2026-09-09 16:36"
      },
      "geometry": {
        "type": "Point",
        "coordinates": [
          77.0092929,
          10.9896337
        ]
      }
    },
    {
      "type": "Feature",
      "properties": {
        "osm_id": "way/382611017",
        "name": "Nirmal Matha Matric Higher Secondary School",
        "kind": "school",
        "category": "education",
        "source": "OpenStreetMap contributors",
        "captured_utc": "2026-09-09 16:36"
      },
      "geometry": {
        "type": "Point",
        "coordinates": [
          77.0029808,
          10.969048
        ]
      }
    },
    {
      "type": "Feature",
      "properties": {
        "osm_id": "way/397129887",
        "name": "Recreation",
        "kind": "playground",
        "category": "recreation",
        "source": "OpenStreetMap contributors",
        "captured_utc": "2026-09-09 16:36"
      },
      "geometry": {
        "type": "Point",
        "coordinates": [
          76.9001154,
          11.0202726
        ]
      }
    },
    {
      "type": "Feature",
      "properties": {
        "osm_id": "way/414348755",
        "name": "Kadri Mills Higher Secondary School",
        "kind": "school",
        "category": "education",
        "source": "OpenStreetMap contributors",
        "captured_utc": "2026-09-09 16:36"
      },
      "geometry": {
        "type": "Point",
        "coordinates": [
          77.0664118,
          11.0058181
        ]
      }
    },
    {
      "type": "Feature",
      "properties": {
        "osm_id": "way/414348756",
        "name": "Education",
        "kind": "school",
        "category": "education",
        "source": "OpenStreetMap contributors",
        "captured_utc": "2026-09-09 16:36"
      },
      "geometry": {
        "type": "Point",
        "coordinates": [
          77.0456807,
          11.0054171
        ]
      }
    },
    {
      "type": "Feature",
      "properties": {
        "osm_id": "way/415419917",
        "name": "General Hospital Bus Stand",
        "kind": "bus_station",
        "category": "mobility",
        "source": "OpenStreetMap contributors",
        "captured_utc": "2026-09-09 16:36"
      },
      "geometry": {
        "type": "Point",
        "coordinates": [
          76.9693271,
          10.9945625
        ]
      }
    },
    {
      "type": "Feature",
      "properties": {
        "osm_id": "way/415421211",
        "name": "Recreation",
        "kind": "pitch",
        "category": "recreation",
        "source": "OpenStreetMap contributors",
        "captured_utc": "2026-09-09 16:36"
      },
      "geometry": {
        "type": "Point",
        "coordinates": [
          76.9627395,
          10.9987452
        ]
      }
    },
    {
      "type": "Feature",
      "properties": {
        "osm_id": "way/415421212",
        "name": "Recreation",
        "kind": "pitch",
        "category": "recreation",
        "source": "OpenStreetMap contributors",
        "captured_utc": "2026-09-09 16:36"
      },
      "geometry": {
        "type": "Point",
        "coordinates": [
          76.9631673,
          10.9989287
        ]
      }
    },
    {
      "type": "Feature",
      "properties": {
        "osm_id": "way/415421213",
        "name": "Recreation",
        "kind": "pitch",
        "category": "recreation",
        "source": "OpenStreetMap contributors",
        "captured_utc": "2026-09-09 16:36"
      },
      "geometry": {
        "type": "Point",
        "coordinates": [
          76.9627082,
          10.9990419
        ]
      }
    },
    {
      "type": "Feature",
      "properties": {
        "osm_id": "way/415421214",
        "name": "Recreation",
        "kind": "playground",
        "category": "recreation",
        "source": "OpenStreetMap contributors",
        "captured_utc": "2026-09-09 16:36"
      },
      "geometry": {
        "type": "Point",
        "coordinates": [
          76.9650422,
          10.9970949
        ]
      }
    },
    {
      "type": "Feature",
      "properties": {
        "osm_id": "way/419840379",
        "name": "M.G.R.Wholesale Market",
        "kind": "marketplace",
        "category": "other",
        "source": "OpenStreetMap contributors",
        "captured_utc": "2026-09-09 16:36"
      },
      "geometry": {
        "type": "Point",
        "coordinates": [
          76.9497095,
          11.0304613
        ]
      }
    },
    {
      "type": "Feature",
      "properties": {
        "osm_id": "way/442527694",
        "name": "Kendriya Vidyalaya Main",
        "kind": "school",
        "category": "education",
        "source": "OpenStreetMap contributors",
        "captured_utc": "2026-09-09 16:36"
      },
      "geometry": {
        "type": "Point",
        "coordinates": [
          76.9981237,
          11.0082279
        ]
      }
    },
    {
      "type": "Feature",
      "properties": {
        "osm_id": "way/442527695",
        "name": "Kendriya Vidyalaya",
        "kind": "school",
        "category": "education",
        "source": "OpenStreetMap contributors",
        "captured_utc": "2026-09-09 16:36"
      },
      "geometry": {
        "type": "Point",
        "coordinates": [
          76.998498,
          11.009616
        ]
      }
    },
    {
      "type": "Feature",
      "properties": {
        "osm_id": "way/442528849",
        "name": "ALG Matriculation School",
        "kind": "school",
        "category": "education",
        "source": "OpenStreetMap contributors",
        "captured_utc": "2026-09-09 16:36"
      },
      "geometry": {
        "type": "Point",
        "coordinates": [
          76.9894238,
          11.0057772
        ]
      }
    },
    {
      "type": "Feature",
      "properties": {
        "osm_id": "way/442528852",
        "name": "Airforce Hospital",
        "kind": "hospital",
        "category": "health",
        "source": "OpenStreetMap contributors",
        "captured_utc": "2026-09-09 16:36"
      },
      "geometry": {
        "type": "Point",
        "coordinates": [
          76.9860901,
          11.0056673
        ]
      }
    },
    {
      "type": "Feature",
      "properties": {
        "osm_id": "way/442528853",
        "name": "Kamaraj Park",
        "kind": "park",
        "category": "recreation",
        "source": "OpenStreetMap contributors",
        "captured_utc": "2026-09-09 16:36"
      },
      "geometry": {
        "type": "Point",
        "coordinates": [
          76.9865005,
          11.0058065
        ]
      }
    },
    {
      "type": "Feature",
      "properties": {
        "osm_id": "way/451338428",
        "name": "Recreation",
        "kind": "pitch",
        "category": "recreation",
        "source": "OpenStreetMap contributors",
        "captured_utc": "2026-09-09 16:36"
      },
      "geometry": {
        "type": "Point",
        "coordinates": [
          76.9326591,
          11.0098398
        ]
      }
    },
    {
      "type": "Feature",
      "properties": {
        "osm_id": "way/451338429",
        "name": "Gym",
        "kind": "sports_centre",
        "category": "recreation",
        "source": "OpenStreetMap contributors",
        "captured_utc": "2026-09-09 16:36"
      },
      "geometry": {
        "type": "Point",
        "coordinates": [
          76.9330266,
          11.0099926
        ]
      }
    },
    {
      "type": "Feature",
      "properties": {
        "osm_id": "way/451338430",
        "name": "Recreation",
        "kind": "pitch",
        "category": "recreation",
        "source": "OpenStreetMap contributors",
        "captured_utc": "2026-09-09 16:36"
      },
      "geometry": {
        "type": "Point",
        "coordinates": [
          76.9336569,
          11.0103388
        ]
      }
    },
    {
      "type": "Feature",
      "properties": {
        "osm_id": "way/459396536",
        "name": "Sree Lakshmi Narayana Mahal",
        "kind": "community_centre",
        "category": "community",
        "source": "OpenStreetMap contributors",
        "captured_utc": "2026-09-09 16:36"
      },
      "geometry": {
        "type": "Point",
        "coordinates": [
          76.9435989,
          11.0676812
        ]
      }
    },
    {
      "type": "Feature",
      "properties": {
        "osm_id": "way/459820495",
        "name": "O.T.A",
        "kind": "pitch",
        "category": "recreation",
        "source": "OpenStreetMap contributors",
        "captured_utc": "2026-09-09 16:36"
      },
      "geometry": {
        "type": "Point",
        "coordinates": [
          77.0283868,
          11.0294836
        ]
      }
    },
    {
      "type": "Feature",
      "properties": {
        "osm_id": "way/459820516",
        "name": "hockey ground",
        "kind": "pitch",
        "category": "recreation",
        "source": "OpenStreetMap contributors",
        "captured_utc": "2026-09-09 16:36"
      },
      "geometry": {
        "type": "Point",
        "coordinates": [
          77.0272942,
          11.0266026
        ]
      }
    },
    {
      "type": "Feature",
      "properties": {
        "osm_id": "way/459820565",
        "name": "Hand ball court",
        "kind": "pitch",
        "category": "recreation",
        "source": "OpenStreetMap contributors",
        "captured_utc": "2026-09-09 16:36"
      },
      "geometry": {
        "type": "Point",
        "coordinates": [
          77.0268355,
          11.0258451
        ]
      }
    },
    {
      "type": "Feature",
      "properties": {
        "osm_id": "way/459820569",
        "name": "Basket ball court",
        "kind": "pitch",
        "category": "recreation",
        "source": "OpenStreetMap contributors",
        "captured_utc": "2026-09-09 16:36"
      },
      "geometry": {
        "type": "Point",
        "coordinates": [
          77.0266492,
          11.0258512
        ]
      }
    },
    {
      "type": "Feature",
      "properties": {
        "osm_id": "way/459820575",
        "name": "Volley ball court",
        "kind": "pitch",
        "category": "recreation",
        "source": "OpenStreetMap contributors",
        "captured_utc": "2026-09-09 16:36"
      },
      "geometry": {
        "type": "Point",
        "coordinates": [
          77.0266434,
          11.0262926
        ]
      }
    },
    {
      "type": "Feature",
      "properties": {
        "osm_id": "way/461439506",
        "name": "Stadium stands",
        "kind": "stadium",
        "category": "recreation",
        "source": "OpenStreetMap contributors",
        "captured_utc": "2026-09-09 16:36"
      },
      "geometry": {
        "type": "Point",
        "coordinates": [
          76.9337503,
          11.009831
        ]
      }
    },
    {
      "type": "Feature",
      "properties": {
        "osm_id": "way/461439507",
        "name": "PET office",
        "kind": "stadium",
        "category": "recreation",
        "source": "OpenStreetMap contributors",
        "captured_utc": "2026-09-09 16:36"
      },
      "geometry": {
        "type": "Point",
        "coordinates": [
          76.933701,
          11.0108697
        ]
      }
    },
    {
      "type": "Feature",
      "properties": {
        "osm_id": "way/461439508",
        "name": "Recreation",
        "kind": "pitch",
        "category": "recreation",
        "source": "OpenStreetMap contributors",
        "captured_utc": "2026-09-09 16:36"
      },
      "geometry": {
        "type": "Point",
        "coordinates": [
          76.9338466,
          11.0089469
        ]
      }
    },
    {
      "type": "Feature",
      "properties": {
        "osm_id": "way/461439515",
        "name": "Library old building",
        "kind": "library",
        "category": "community",
        "source": "OpenStreetMap contributors",
        "captured_utc": "2026-09-09 16:36"
      },
      "geometry": {
        "type": "Point",
        "coordinates": [
          76.9351257,
          11.0115488
        ]
      }
    },
    {
      "type": "Feature",
      "properties": {
        "osm_id": "way/461440678",
        "name": "TNAU Library",
        "kind": "library",
        "category": "community",
        "source": "OpenStreetMap contributors",
        "captured_utc": "2026-09-09 16:36"
      },
      "geometry": {
        "type": "Point",
        "coordinates": [
          76.9354849,
          11.0116005
        ]
      }
    },
    {
      "type": "Feature",
      "properties": {
        "osm_id": "way/461526879",
        "name": "Recreation",
        "kind": "playground",
        "category": "recreation",
        "source": "OpenStreetMap contributors",
        "captured_utc": "2026-09-09 16:36"
      },
      "geometry": {
        "type": "Point",
        "coordinates": [
          76.9342523,
          11.0103545
        ]
      }
    },
    {
      "type": "Feature",
      "properties": {
        "osm_id": "way/461682742",
        "name": "Bethesda Ground",
        "kind": "pitch",
        "category": "recreation",
        "source": "OpenStreetMap contributors",
        "captured_utc": "2026-09-09 16:36"
      },
      "geometry": {
        "type": "Point",
        "coordinates": [
          76.9313367,
          11.0346739
        ]
      }
    },
    {
      "type": "Feature",
      "properties": {
        "osm_id": "way/461698801",
        "name": "Bharathi Park",
        "kind": "park",
        "category": "recreation",
        "source": "OpenStreetMap contributors",
        "captured_utc": "2026-09-09 16:36"
      },
      "geometry": {
        "type": "Point",
        "coordinates": [
          76.9477272,
          11.0206456
        ]
      }
    },
    {
      "type": "Feature",
      "properties": {
        "osm_id": "way/461711802",
        "name": "Children's Park",
        "kind": "park",
        "category": "recreation",
        "source": "OpenStreetMap contributors",
        "captured_utc": "2026-09-09 16:36"
      },
      "geometry": {
        "type": "Point",
        "coordinates": [
          76.9296657,
          11.0356241
        ]
      }
    },
    {
      "type": "Feature",
      "properties": {
        "osm_id": "way/461712341",
        "name": "Recreation",
        "kind": "park",
        "category": "recreation",
        "source": "OpenStreetMap contributors",
        "captured_utc": "2026-09-09 16:36"
      },
      "geometry": {
        "type": "Point",
        "coordinates": [
          76.9296809,
          11.0358892
        ]
      }
    },
    {
      "type": "Feature",
      "properties": {
        "osm_id": "way/463631911",
        "name": "Recreation",
        "kind": "pitch",
        "category": "recreation",
        "source": "OpenStreetMap contributors",
        "captured_utc": "2026-09-09 16:36"
      },
      "geometry": {
        "type": "Point",
        "coordinates": [
          76.9355925,
          11.0099674
        ]
      }
    },
    {
      "type": "Feature",
      "properties": {
        "osm_id": "way/464308337",
        "name": "Anurag Hospital",
        "kind": "hospital",
        "category": "health",
        "source": "OpenStreetMap contributors",
        "captured_utc": "2026-09-09 16:36"
      },
      "geometry": {
        "type": "Point",
        "coordinates": [
          77.011889,
          11.006956
        ]
      }
    },
    {
      "type": "Feature",
      "properties": {
        "osm_id": "way/472853432",
        "name": "Recreation",
        "kind": "pitch",
        "category": "recreation",
        "source": "OpenStreetMap contributors",
        "captured_utc": "2026-09-09 16:36"
      },
      "geometry": {
        "type": "Point",
        "coordinates": [
          76.9374028,
          11.0183142
        ]
      }
    },
    {
      "type": "Feature",
      "properties": {
        "osm_id": "way/497316914",
        "name": "Lakshmi Kalyanamandapam",
        "kind": "community_centre",
        "category": "community",
        "source": "OpenStreetMap contributors",
        "captured_utc": "2026-09-09 16:36"
      },
      "geometry": {
        "type": "Point",
        "coordinates": [
          76.9817776,
          10.9234896
        ]
      }
    },
    {
      "type": "Feature",
      "properties": {
        "osm_id": "way/497316915",
        "name": "Eachanari Post Office",
        "kind": "post_office",
        "category": "civic",
        "source": "OpenStreetMap contributors",
        "captured_utc": "2026-09-09 16:36"
      },
      "geometry": {
        "type": "Point",
        "coordinates": [
          76.9829886,
          10.9228501
        ]
      }
    },
    {
      "type": "Feature",
      "properties": {
        "osm_id": "way/497316925",
        "name": "Annai Meenakshi College of Nursing",
        "kind": "college",
        "category": "education",
        "source": "OpenStreetMap contributors",
        "captured_utc": "2026-09-09 16:36"
      },
      "geometry": {
        "type": "Point",
        "coordinates": [
          76.9820122,
          10.9408884
        ]
      }
    },
    {
      "type": "Feature",
      "properties": {
        "osm_id": "way/497317279",
        "name": "Rajam Medical Centre & Hospital",
        "kind": "hospital",
        "category": "health",
        "source": "OpenStreetMap contributors",
        "captured_utc": "2026-09-09 16:36"
      },
      "geometry": {
        "type": "Point",
        "coordinates": [
          76.9776849,
          10.9487627
        ]
      }
    },
    {
      "type": "Feature",
      "properties": {
        "osm_id": "way/497317281",
        "name": "Sri Balaji Hospitals",
        "kind": "hospital",
        "category": "health",
        "source": "OpenStreetMap contributors",
        "captured_utc": "2026-09-09 16:36"
      },
      "geometry": {
        "type": "Point",
        "coordinates": [
          76.9736085,
          10.953798
        ]
      }
    },
    {
      "type": "Feature",
      "properties": {
        "osm_id": "way/497318359",
        "name": "Abinand Hospital",
        "kind": "hospital",
        "category": "health",
        "source": "OpenStreetMap contributors",
        "captured_utc": "2026-09-09 16:36"
      },
      "geometry": {
        "type": "Point",
        "coordinates": [
          76.9731819,
          10.954295
        ]
      }
    },
    {
      "type": "Feature",
      "properties": {
        "osm_id": "way/497318360",
        "name": "FIMS Hospitals | Best Multispeciality Hospital In Sonipat",
        "kind": "hospital",
        "category": "health",
        "source": "OpenStreetMap contributors",
        "captured_utc": "2026-09-09 16:36"
      },
      "geometry": {
        "type": "Point",
        "coordinates": [
          76.9724703,
          10.957909
        ]
      }
    },
    {
      "type": "Feature",
      "properties": {
        "osm_id": "way/497318366",
        "name": "NRP Hospitals",
        "kind": "hospital",
        "category": "health",
        "source": "OpenStreetMap contributors",
        "captured_utc": "2026-09-09 16:36"
      },
      "geometry": {
        "type": "Point",
        "coordinates": [
          76.9710523,
          10.9581915
        ]
      }
    },
    {
      "type": "Feature",
      "properties": {
        "osm_id": "way/497325630",
        "name": "Seetharam Hospital",
        "kind": "hospital",
        "category": "health",
        "source": "OpenStreetMap contributors",
        "captured_utc": "2026-09-09 16:36"
      },
      "geometry": {
        "type": "Point",
        "coordinates": [
          76.9335496,
          10.9868836
        ]
      }
    },
    {
      "type": "Feature",
      "properties": {
        "osm_id": "way/497325631",
        "name": "Snekaram Hospital",
        "kind": "hospital",
        "category": "health",
        "source": "OpenStreetMap contributors",
        "captured_utc": "2026-09-09 16:36"
      },
      "geometry": {
        "type": "Point",
        "coordinates": [
          76.9357994,
          10.9873439
        ]
      }
    },
    {
      "type": "Feature",
      "properties": {
        "osm_id": "way/497331703",
        "name": "SMS College of Arts & Science",
        "kind": "college",
        "category": "education",
        "source": "OpenStreetMap contributors",
        "captured_utc": "2026-09-09 16:36"
      },
      "geometry": {
        "type": "Point",
        "coordinates": [
          76.9225488,
          10.9819257
        ]
      }
    },
    {
      "type": "Feature",
      "properties": {
        "osm_id": "way/498985098",
        "name": "Lakshmi Kalyanamandapam",
        "kind": "community_centre",
        "category": "community",
        "source": "OpenStreetMap contributors",
        "captured_utc": "2026-09-09 16:36"
      },
      "geometry": {
        "type": "Point",
        "coordinates": [
          76.9802387,
          10.9676158
        ]
      }
    },
    {
      "type": "Feature",
      "properties": {
        "osm_id": "way/498985099",
        "name": "Medicine Point",
        "kind": "hospital",
        "category": "health",
        "source": "OpenStreetMap contributors",
        "captured_utc": "2026-09-09 16:36"
      },
      "geometry": {
        "type": "Point",
        "coordinates": [
          76.9785734,
          10.9681553
        ]
      }
    },
    {
      "type": "Feature",
      "properties": {
        "osm_id": "way/498988409",
        "name": "Boat House Park",
        "kind": "park",
        "category": "recreation",
        "source": "OpenStreetMap contributors",
        "captured_utc": "2026-09-09 16:36"
      },
      "geometry": {
        "type": "Point",
        "coordinates": [
          77.0195942,
          10.9982491
        ]
      }
    },
    {
      "type": "Feature",
      "properties": {
        "osm_id": "way/498988417",
        "name": "Coimbatore Child Trust Hospital",
        "kind": "hospital",
        "category": "health",
        "source": "OpenStreetMap contributors",
        "captured_utc": "2026-09-09 16:36"
      },
      "geometry": {
        "type": "Point",
        "coordinates": [
          77.0170667,
          10.9978875
        ]
      }
    },
    {
      "type": "Feature",
      "properties": {
        "osm_id": "way/500026800",
        "name": "Recreation",
        "kind": "stadium",
        "category": "recreation",
        "source": "OpenStreetMap contributors",
        "captured_utc": "2026-09-09 16:36"
      },
      "geometry": {
        "type": "Point",
        "coordinates": [
          77.0021516,
          10.9976303
        ]
      }
    },
    {
      "type": "Feature",
      "properties": {
        "osm_id": "way/501125927",
        "name": "PSG Institute of Medical sciences & research",
        "kind": "college",
        "category": "education",
        "source": "OpenStreetMap contributors",
        "captured_utc": "2026-09-09 16:36"
      },
      "geometry": {
        "type": "Point",
        "coordinates": [
          77.0088913,
          11.0187794
        ]
      }
    },
    {
      "type": "Feature",
      "properties": {
        "osm_id": "way/501930655",
        "name": "District Central Library",
        "kind": "library",
        "category": "community",
        "source": "OpenStreetMap contributors",
        "captured_utc": "2026-09-09 16:36"
      },
      "geometry": {
        "type": "Point",
        "coordinates": [
          76.9483158,
          11.0146264
        ]
      }
    },
    {
      "type": "Feature",
      "properties": {
        "osm_id": "way/503495686",
        "name": "PRS Grounds",
        "kind": "playground",
        "category": "recreation",
        "source": "OpenStreetMap contributors",
        "captured_utc": "2026-09-09 16:36"
      },
      "geometry": {
        "type": "Point",
        "coordinates": [
          76.9768103,
          11.0092449
        ]
      }
    },
    {
      "type": "Feature",
      "properties": {
        "osm_id": "way/506390719",
        "name": "Gandhipuram Central Bus Stand",
        "kind": "bus_station",
        "category": "mobility",
        "source": "OpenStreetMap contributors",
        "captured_utc": "2026-09-09 16:36"
      },
      "geometry": {
        "type": "Point",
        "coordinates": [
          76.9669157,
          11.0141242
        ]
      }
    },
    {
      "type": "Feature",
      "properties": {
        "osm_id": "way/506390723",
        "name": "Gandhipuram Town Bus Stand",
        "kind": "bus_station",
        "category": "mobility",
        "source": "OpenStreetMap contributors",
        "captured_utc": "2026-09-09 16:36"
      },
      "geometry": {
        "type": "Point",
        "coordinates": [
          76.969216,
          11.0164009
        ]
      }
    },
    {
      "type": "Feature",
      "properties": {
        "osm_id": "way/506409029",
        "name": "Omni bus stand",
        "kind": "bus_station",
        "category": "mobility",
        "source": "OpenStreetMap contributors",
        "captured_utc": "2026-09-09 16:36"
      },
      "geometry": {
        "type": "Point",
        "coordinates": [
          76.9715046,
          11.0229495
        ]
      }
    },
    {
      "type": "Feature",
      "properties": {
        "osm_id": "way/506409030",
        "name": "Sri Ramakrishna Hospital",
        "kind": "hospital",
        "category": "health",
        "source": "OpenStreetMap contributors",
        "captured_utc": "2026-09-09 16:36"
      },
      "geometry": {
        "type": "Point",
        "coordinates": [
          76.976512,
          11.0236015
        ]
      }
    },
    {
      "type": "Feature",
      "properties": {
        "osm_id": "way/506409032",
        "name": "Recreation",
        "kind": "pitch",
        "category": "recreation",
        "source": "OpenStreetMap contributors",
        "captured_utc": "2026-09-09 16:36"
      },
      "geometry": {
        "type": "Point",
        "coordinates": [
          76.9694233,
          11.0065713
        ]
      }
    },
    {
      "type": "Feature",
      "properties": {
        "osm_id": "way/510067114",
        "name": "Govt Higher Secondary School",
        "kind": "school",
        "category": "education",
        "source": "OpenStreetMap contributors",
        "captured_utc": "2026-09-09 16:36"
      },
      "geometry": {
        "type": "Point",
        "coordinates": [
          76.9666498,
          10.9095946
        ]
      }
    },
    {
      "type": "Feature",
      "properties": {
        "osm_id": "way/510067122",
        "name": "Rathinam Intl Public School",
        "kind": "school",
        "category": "education",
        "source": "OpenStreetMap contributors",
        "captured_utc": "2026-09-09 16:36"
      },
      "geometry": {
        "type": "Point",
        "coordinates": [
          76.9727038,
          10.9284274
        ]
      }
    },
    {
      "type": "Feature",
      "properties": {
        "osm_id": "way/528938316",
        "name": "Amrita Playground",
        "kind": "pitch",
        "category": "recreation",
        "source": "OpenStreetMap contributors",
        "captured_utc": "2026-09-09 16:36"
      },
      "geometry": {
        "type": "Point",
        "coordinates": [
          76.9029719,
          10.9027422
        ]
      }
    },
    {
      "type": "Feature",
      "properties": {
        "osm_id": "way/531088146",
        "name": "Recreation",
        "kind": "playground",
        "category": "recreation",
        "source": "OpenStreetMap contributors",
        "captured_utc": "2026-09-09 16:36"
      },
      "geometry": {
        "type": "Point",
        "coordinates": [
          76.8996033,
          10.9011785
        ]
      }
    },
    {
      "type": "Feature",
      "properties": {
        "osm_id": "way/531088166",
        "name": "Recreation",
        "kind": "pitch",
        "category": "recreation",
        "source": "OpenStreetMap contributors",
        "captured_utc": "2026-09-09 16:36"
      },
      "geometry": {
        "type": "Point",
        "coordinates": [
          76.9043143,
          10.9008768
        ]
      }
    },
    {
      "type": "Feature",
      "properties": {
        "osm_id": "way/532977894",
        "name": "Kovaipudur Childrens Park",
        "kind": "park",
        "category": "recreation",
        "source": "OpenStreetMap contributors",
        "captured_utc": "2026-09-09 16:36"
      },
      "geometry": {
        "type": "Point",
        "coordinates": [
          76.9386897,
          10.9429797
        ]
      }
    },
    {
      "type": "Feature",
      "properties": {
        "osm_id": "way/533339311",
        "name": "C S Academy International School",
        "kind": "college",
        "category": "education",
        "source": "OpenStreetMap contributors",
        "captured_utc": "2026-09-09 16:36"
      },
      "geometry": {
        "type": "Point",
        "coordinates": [
          76.9217435,
          10.929718
        ]
      }
    },
    {
      "type": "Feature",
      "properties": {
        "osm_id": "way/533339313",
        "name": "Sri Krishna College of Technology",
        "kind": "college",
        "category": "education",
        "source": "OpenStreetMap contributors",
        "captured_utc": "2026-09-09 16:36"
      },
      "geometry": {
        "type": "Point",
        "coordinates": [
          76.9240192,
          10.9257911
        ]
      }
    },
    {
      "type": "Feature",
      "properties": {
        "osm_id": "way/571496251",
        "name": "corporation children park",
        "kind": "park",
        "category": "recreation",
        "source": "OpenStreetMap contributors",
        "captured_utc": "2026-09-09 16:36"
      },
      "geometry": {
        "type": "Point",
        "coordinates": [
          76.9442803,
          11.0825485
        ]
      }
    },
    {
      "type": "Feature",
      "properties": {
        "osm_id": "way/572985517",
        "name": "Dragon J's ROOM",
        "kind": "park",
        "category": "recreation",
        "source": "OpenStreetMap contributors",
        "captured_utc": "2026-09-09 16:36"
      },
      "geometry": {
        "type": "Point",
        "coordinates": [
          76.9614116,
          10.939447
        ]
      }
    },
    {
      "type": "Feature",
      "properties": {
        "osm_id": "way/573256180",
        "name": "RKV Secondary School-Pirivu",
        "kind": "school",
        "category": "education",
        "source": "OpenStreetMap contributors",
        "captured_utc": "2026-09-09 16:36"
      },
      "geometry": {
        "type": "Point",
        "coordinates": [
          76.9521295,
          10.9525393
        ]
      }
    },
    {
      "type": "Feature",
      "properties": {
        "osm_id": "way/573256962",
        "name": "Nehru College of Aeronautics & Applied Science",
        "kind": "college",
        "category": "education",
        "source": "OpenStreetMap contributors",
        "captured_utc": "2026-09-09 16:36"
      },
      "geometry": {
        "type": "Point",
        "coordinates": [
          76.9545333,
          10.9554086
        ]
      }
    },
    {
      "type": "Feature",
      "properties": {
        "osm_id": "way/588404847",
        "name": "Reliance Garden Municipal Park",
        "kind": "park",
        "category": "recreation",
        "source": "OpenStreetMap contributors",
        "captured_utc": "2026-09-09 16:36"
      },
      "geometry": {
        "type": "Point",
        "coordinates": [
          77.030878,
          11.00315
        ]
      }
    },
    {
      "type": "Feature",
      "properties": {
        "osm_id": "way/588412148",
        "name": "Corporation Park",
        "kind": "park",
        "category": "recreation",
        "source": "OpenStreetMap contributors",
        "captured_utc": "2026-09-09 16:36"
      },
      "geometry": {
        "type": "Point",
        "coordinates": [
          76.9585248,
          11.0043322
        ]
      }
    },
    {
      "type": "Feature",
      "properties": {
        "osm_id": "way/588414044",
        "name": "Nehru Park",
        "kind": "park",
        "category": "recreation",
        "source": "OpenStreetMap contributors",
        "captured_utc": "2026-09-09 16:36"
      },
      "geometry": {
        "type": "Point",
        "coordinates": [
          76.9856494,
          10.9973871
        ]
      }
    },
    {
      "type": "Feature",
      "properties": {
        "osm_id": "way/590898366",
        "name": "Krishna Priya Mahal",
        "kind": "community_centre",
        "category": "community",
        "source": "OpenStreetMap contributors",
        "captured_utc": "2026-09-09 16:36"
      },
      "geometry": {
        "type": "Point",
        "coordinates": [
          77.0690304,
          11.0075387
        ]
      }
    },
    {
      "type": "Feature",
      "properties": {
        "osm_id": "way/592275141",
        "name": "Sri Krishna College of Engineering",
        "kind": "college",
        "category": "education",
        "source": "OpenStreetMap contributors",
        "captured_utc": "2026-09-09 16:36"
      },
      "geometry": {
        "type": "Point",
        "coordinates": [
          76.9573834,
          10.9369575
        ]
      }
    },
    {
      "type": "Feature",
      "properties": {
        "osm_id": "way/592282592",
        "name": "Kuniamuthur High School",
        "kind": "school",
        "category": "education",
        "source": "OpenStreetMap contributors",
        "captured_utc": "2026-09-09 16:36"
      },
      "geometry": {
        "type": "Point",
        "coordinates": [
          76.9569118,
          10.9680886
        ]
      }
    },
    {
      "type": "Feature",
      "properties": {
        "osm_id": "way/592753260",
        "name": "Recreation",
        "kind": "park",
        "category": "recreation",
        "source": "OpenStreetMap contributors",
        "captured_utc": "2026-09-09 16:36"
      },
      "geometry": {
        "type": "Point",
        "coordinates": [
          76.9460102,
          10.9858564
        ]
      }
    },
    {
      "type": "Feature",
      "properties": {
        "osm_id": "way/592764467",
        "name": "Recreation",
        "kind": "park",
        "category": "recreation",
        "source": "OpenStreetMap contributors",
        "captured_utc": "2026-09-09 16:36"
      },
      "geometry": {
        "type": "Point",
        "coordinates": [
          76.9886065,
          11.0100092
        ]
      }
    },
    {
      "type": "Feature",
      "properties": {
        "osm_id": "way/592906257",
        "name": "Recreation",
        "kind": "park",
        "category": "recreation",
        "source": "OpenStreetMap contributors",
        "captured_utc": "2026-09-09 16:36"
      },
      "geometry": {
        "type": "Point",
        "coordinates": [
          76.9702121,
          11.0060056
        ]
      }
    },
    {
      "type": "Feature",
      "properties": {
        "osm_id": "way/593038867",
        "name": "Recreation",
        "kind": "park",
        "category": "recreation",
        "source": "OpenStreetMap contributors",
        "captured_utc": "2026-09-09 16:36"
      },
      "geometry": {
        "type": "Point",
        "coordinates": [
          76.9734349,
          11.0009869
        ]
      }
    },
    {
      "type": "Feature",
      "properties": {
        "osm_id": "way/593038870",
        "name": "Recreation",
        "kind": "park",
        "category": "recreation",
        "source": "OpenStreetMap contributors",
        "captured_utc": "2026-09-09 16:36"
      },
      "geometry": {
        "type": "Point",
        "coordinates": [
          76.9735768,
          11.0011994
        ]
      }
    },
    {
      "type": "Feature",
      "properties": {
        "osm_id": "way/593038872",
        "name": "Recreation",
        "kind": "park",
        "category": "recreation",
        "source": "OpenStreetMap contributors",
        "captured_utc": "2026-09-09 16:36"
      },
      "geometry": {
        "type": "Point",
        "coordinates": [
          76.9734526,
          11.0007937
        ]
      }
    },
    {
      "type": "Feature",
      "properties": {
        "osm_id": "way/593038874",
        "name": "Recreation",
        "kind": "park",
        "category": "recreation",
        "source": "OpenStreetMap contributors",
        "captured_utc": "2026-09-09 16:36"
      },
      "geometry": {
        "type": "Point",
        "coordinates": [
          76.9731757,
          11.0010158
        ]
      }
    },
    {
      "type": "Feature",
      "properties": {
        "osm_id": "way/593071385",
        "name": "Chinmaya Vidyalaya",
        "kind": "school",
        "category": "education",
        "source": "OpenStreetMap contributors",
        "captured_utc": "2026-09-09 16:36"
      },
      "geometry": {
        "type": "Point",
        "coordinates": [
          76.8984548,
          11.0251479
        ]
      }
    },
    {
      "type": "Feature",
      "properties": {
        "osm_id": "way/593412907",
        "name": "P.R.Sidha Naidu Memorial Matriculation School",
        "kind": "school",
        "category": "education",
        "source": "OpenStreetMap contributors",
        "captured_utc": "2026-09-09 16:36"
      },
      "geometry": {
        "type": "Point",
        "coordinates": [
          76.9765594,
          11.0221095
        ]
      }
    },
    {
      "type": "Feature",
      "properties": {
        "osm_id": "way/594392961",
        "name": "Recreation",
        "kind": "park",
        "category": "recreation",
        "source": "OpenStreetMap contributors",
        "captured_utc": "2026-09-09 16:36"
      },
      "geometry": {
        "type": "Point",
        "coordinates": [
          76.9500666,
          10.9999245
        ]
      }
    },
    {
      "type": "Feature",
      "properties": {
        "osm_id": "way/594656061",
        "name": "Tamilnadu fire and rescue services",
        "kind": "fire_station",
        "category": "civic",
        "source": "OpenStreetMap contributors",
        "captured_utc": "2026-09-09 16:36"
      },
      "geometry": {
        "type": "Point",
        "coordinates": [
          76.9485156,
          11.0440949
        ]
      }
    },
    {
      "type": "Feature",
      "properties": {
        "osm_id": "way/594820444",
        "name": "KPM M HSS Coimbatore",
        "kind": "school",
        "category": "education",
        "source": "OpenStreetMap contributors",
        "captured_utc": "2026-09-09 16:36"
      },
      "geometry": {
        "type": "Point",
        "coordinates": [
          76.9789068,
          10.9339263
        ]
      }
    },
    {
      "type": "Feature",
      "properties": {
        "osm_id": "way/640186866",
        "name": "Sri Sakthi Matriculation Higher Secondary School",
        "kind": "school",
        "category": "education",
        "source": "OpenStreetMap contributors",
        "captured_utc": "2026-09-09 16:36"
      },
      "geometry": {
        "type": "Point",
        "coordinates": [
          77.0228459,
          10.9363705
        ]
      }
    },
    {
      "type": "Feature",
      "properties": {
        "osm_id": "way/640186875",
        "name": "The Samhita Academy-Coimbatore",
        "kind": "college",
        "category": "education",
        "source": "OpenStreetMap contributors",
        "captured_utc": "2026-09-09 16:36"
      },
      "geometry": {
        "type": "Point",
        "coordinates": [
          77.0102708,
          10.9259321
        ]
      }
    },
    {
      "type": "Feature",
      "properties": {
        "osm_id": "way/640187448",
        "name": "Shri Nehru Mahavidyalaya College of Arts & Science",
        "kind": "college",
        "category": "education",
        "source": "OpenStreetMap contributors",
        "captured_utc": "2026-09-09 16:36"
      },
      "geometry": {
        "type": "Point",
        "coordinates": [
          77.0091317,
          10.9207086
        ]
      }
    },
    {
      "type": "Feature",
      "properties": {
        "osm_id": "way/640190764",
        "name": "Global Pathways International School",
        "kind": "school",
        "category": "education",
        "source": "OpenStreetMap contributors",
        "captured_utc": "2026-09-09 16:36"
      },
      "geometry": {
        "type": "Point",
        "coordinates": [
          77.0419313,
          10.9058287
        ]
      }
    },
    {
      "type": "Feature",
      "properties": {
        "osm_id": "way/640191051",
        "name": "Karpagam Academy of Higher Education",
        "kind": "college",
        "category": "education",
        "source": "OpenStreetMap contributors",
        "captured_utc": "2026-09-09 16:36"
      },
      "geometry": {
        "type": "Point",
        "coordinates": [
          76.9882369,
          10.9175939
        ]
      }
    },
    {
      "type": "Feature",
      "properties": {
        "osm_id": "way/640191052",
        "name": "Karpagam Polytechnic College",
        "kind": "college",
        "category": "education",
        "source": "OpenStreetMap contributors",
        "captured_utc": "2026-09-09 16:36"
      },
      "geometry": {
        "type": "Point",
        "coordinates": [
          76.99131,
          10.9185202
        ]
      }
    },
    {
      "type": "Feature",
      "properties": {
        "osm_id": "way/640199278",
        "name": "Suguna Group of Institutions",
        "kind": "university",
        "category": "education",
        "source": "OpenStreetMap contributors",
        "captured_utc": "2026-09-09 16:36"
      },
      "geometry": {
        "type": "Point",
        "coordinates": [
          77.0323105,
          11.0506228
        ]
      }
    },
    {
      "type": "Feature",
      "properties": {
        "osm_id": "way/640199279",
        "name": "Suguna PIP School",
        "kind": "school",
        "category": "education",
        "source": "OpenStreetMap contributors",
        "captured_utc": "2026-09-09 16:36"
      },
      "geometry": {
        "type": "Point",
        "coordinates": [
          77.0314152,
          11.0506349
        ]
      }
    },
    {
      "type": "Feature",
      "properties": {
        "osm_id": "way/640199280",
        "name": "Suguna College of Engg & Polytechnic",
        "kind": "university",
        "category": "education",
        "source": "OpenStreetMap contributors",
        "captured_utc": "2026-09-09 16:36"
      },
      "geometry": {
        "type": "Point",
        "coordinates": [
          77.0322958,
          11.0501473
        ]
      }
    },
    {
      "type": "Feature",
      "properties": {
        "osm_id": "way/640199281",
        "name": "Recreation",
        "kind": "pitch",
        "category": "recreation",
        "source": "OpenStreetMap contributors",
        "captured_utc": "2026-09-09 16:36"
      },
      "geometry": {
        "type": "Point",
        "coordinates": [
          77.033056,
          11.0502743
        ]
      }
    },
    {
      "type": "Feature",
      "properties": {
        "osm_id": "way/640199282",
        "name": "Recreation",
        "kind": "pitch",
        "category": "recreation",
        "source": "OpenStreetMap contributors",
        "captured_utc": "2026-09-09 16:36"
      },
      "geometry": {
        "type": "Point",
        "coordinates": [
          77.0332999,
          11.0502847
        ]
      }
    },
    {
      "type": "Feature",
      "properties": {
        "osm_id": "way/640199284",
        "name": "Play Grounds",
        "kind": "pitch",
        "category": "recreation",
        "source": "OpenStreetMap contributors",
        "captured_utc": "2026-09-09 16:36"
      },
      "geometry": {
        "type": "Point",
        "coordinates": [
          77.0330379,
          11.0509643
        ]
      }
    },
    {
      "type": "Feature",
      "properties": {
        "osm_id": "way/640201443",
        "name": "Suguna Driving School",
        "kind": "school",
        "category": "education",
        "source": "OpenStreetMap contributors",
        "captured_utc": "2026-09-09 16:36"
      },
      "geometry": {
        "type": "Point",
        "coordinates": [
          77.0344455,
          11.0509805
        ]
      }
    },
    {
      "type": "Feature",
      "properties": {
        "osm_id": "way/640201445",
        "name": "Suguna Auditorium",
        "kind": "community_centre",
        "category": "community",
        "source": "OpenStreetMap contributors",
        "captured_utc": "2026-09-09 16:36"
      },
      "geometry": {
        "type": "Point",
        "coordinates": [
          77.036517,
          11.0471268
        ]
      }
    },
    {
      "type": "Feature",
      "properties": {
        "osm_id": "way/640201446",
        "name": "Suguna Marriage Hall",
        "kind": "community_centre",
        "category": "community",
        "source": "OpenStreetMap contributors",
        "captured_utc": "2026-09-09 16:36"
      },
      "geometry": {
        "type": "Point",
        "coordinates": [
          77.0357303,
          11.0475161
        ]
      }
    },
    {
      "type": "Feature",
      "properties": {
        "osm_id": "way/640203448",
        "name": "Park Global School",
        "kind": "school",
        "category": "education",
        "source": "OpenStreetMap contributors",
        "captured_utc": "2026-09-09 16:36"
      },
      "geometry": {
        "type": "Point",
        "coordinates": [
          77.038601,
          11.0424178
        ]
      }
    },
    {
      "type": "Feature",
      "properties": {
        "osm_id": "way/640205582",
        "name": "Sardar Vallabhbhai Patel International School of Textiles & Management",
        "kind": "school",
        "category": "education",
        "source": "OpenStreetMap contributors",
        "captured_utc": "2026-09-09 16:36"
      },
      "geometry": {
        "type": "Point",
        "coordinates": [
          77.0082319,
          11.0253598
        ]
      }
    },
    {
      "type": "Feature",
      "properties": {
        "osm_id": "way/640205722",
        "name": "PSG Sarva Jana Higher Secondary School",
        "kind": "school",
        "category": "education",
        "source": "OpenStreetMap contributors",
        "captured_utc": "2026-09-09 16:36"
      },
      "geometry": {
        "type": "Point",
        "coordinates": [
          77.0040432,
          11.0227214
        ]
      }
    },
    {
      "type": "Feature",
      "properties": {
        "osm_id": "way/640205741",
        "name": "PSG Institute of Management",
        "kind": "college",
        "category": "education",
        "source": "OpenStreetMap contributors",
        "captured_utc": "2026-09-09 16:36"
      },
      "geometry": {
        "type": "Point",
        "coordinates": [
          77.0030943,
          11.0228112
        ]
      }
    },
    {
      "type": "Feature",
      "properties": {
        "osm_id": "way/640205921",
        "name": "PSG Grounds",
        "kind": "college",
        "category": "education",
        "source": "OpenStreetMap contributors",
        "captured_utc": "2026-09-09 16:36"
      },
      "geometry": {
        "type": "Point",
        "coordinates": [
          77.0047109,
          11.0203887
        ]
      }
    },
    {
      "type": "Feature",
      "properties": {
        "osm_id": "way/640733239",
        "name": "Gedee Public School",
        "kind": "school",
        "category": "education",
        "source": "OpenStreetMap contributors",
        "captured_utc": "2026-09-09 16:36"
      },
      "geometry": {
        "type": "Point",
        "coordinates": [
          76.991224,
          10.9349543
        ]
      }
    },
    {
      "type": "Feature",
      "properties": {
        "osm_id": "way/640746754",
        "name": "St. Marys School of Nursing",
        "kind": "school",
        "category": "education",
        "source": "OpenStreetMap contributors",
        "captured_utc": "2026-09-09 16:36"
      },
      "geometry": {
        "type": "Point",
        "coordinates": [
          76.9861535,
          10.9621924
        ]
      }
    },
    {
      "type": "Feature",
      "properties": {
        "osm_id": "way/640746755",
        "name": "St. Marys Hospital",
        "kind": "hospital",
        "category": "health",
        "source": "OpenStreetMap contributors",
        "captured_utc": "2026-09-09 16:36"
      },
      "geometry": {
        "type": "Point",
        "coordinates": [
          76.9865689,
          10.9625619
        ]
      }
    },
    {
      "type": "Feature",
      "properties": {
        "osm_id": "way/642860093",
        "name": "SBOA Matriculation Higher Secondary School",
        "kind": "school",
        "category": "education",
        "source": "OpenStreetMap contributors",
        "captured_utc": "2026-09-09 16:36"
      },
      "geometry": {
        "type": "Point",
        "coordinates": [
          76.9400907,
          10.9999245
        ]
      }
    },
    {
      "type": "Feature",
      "properties": {
        "osm_id": "way/651640776",
        "name": "Seventh Day Adventist Matriculation School",
        "kind": "school",
        "category": "education",
        "source": "OpenStreetMap contributors",
        "captured_utc": "2026-09-09 16:36"
      },
      "geometry": {
        "type": "Point",
        "coordinates": [
          76.9617807,
          11.0078041
        ]
      }
    },
    {
      "type": "Feature",
      "properties": {
        "osm_id": "way/651641257",
        "name": "Global Ortho & Trauma Hospital",
        "kind": "hospital",
        "category": "health",
        "source": "OpenStreetMap contributors",
        "captured_utc": "2026-09-09 16:36"
      },
      "geometry": {
        "type": "Point",
        "coordinates": [
          76.9661375,
          11.0108233
        ]
      }
    },
    {
      "type": "Feature",
      "properties": {
        "osm_id": "way/656868566",
        "name": "Thudiyalur weekly market",
        "kind": "marketplace",
        "category": "other",
        "source": "OpenStreetMap contributors",
        "captured_utc": "2026-09-09 16:36"
      },
      "geometry": {
        "type": "Point",
        "coordinates": [
          76.9421998,
          11.081423
        ]
      }
    },
    {
      "type": "Feature",
      "properties": {
        "osm_id": "way/656868567",
        "name": "tudiyalur daily market",
        "kind": "marketplace",
        "category": "other",
        "source": "OpenStreetMap contributors",
        "captured_utc": "2026-09-09 16:36"
      },
      "geometry": {
        "type": "Point",
        "coordinates": [
          76.9416802,
          11.0811865
        ]
      }
    },
    {
      "type": "Feature",
      "properties": {
        "osm_id": "way/656868782",
        "name": "tudiyalur cattle market",
        "kind": "marketplace",
        "category": "other",
        "source": "OpenStreetMap contributors",
        "captured_utc": "2026-09-09 16:36"
      },
      "geometry": {
        "type": "Point",
        "coordinates": [
          76.9426497,
          11.081311
        ]
      }
    },
    {
      "type": "Feature",
      "properties": {
        "osm_id": "way/668646361",
        "name": "ICPH International Center for Child and Public Health",
        "kind": "doctors",
        "category": "health",
        "source": "OpenStreetMap contributors",
        "captured_utc": "2026-09-09 16:36"
      },
      "geometry": {
        "type": "Point",
        "coordinates": [
          76.929176,
          10.9494641
        ]
      }
    },
    {
      "type": "Feature",
      "properties": {
        "osm_id": "way/676189598",
        "name": "KPN School Ground",
        "kind": "school",
        "category": "education",
        "source": "OpenStreetMap contributors",
        "captured_utc": "2026-09-09 16:36"
      },
      "geometry": {
        "type": "Point",
        "coordinates": [
          76.9836351,
          10.9649187
        ]
      }
    },
    {
      "type": "Feature",
      "properties": {
        "osm_id": "way/676193762",
        "name": "Asharam Matriculation Higher Secondary School",
        "kind": "school",
        "category": "education",
        "source": "OpenStreetMap contributors",
        "captured_utc": "2026-09-09 16:36"
      },
      "geometry": {
        "type": "Point",
        "coordinates": [
          76.9300918,
          10.9535326
        ]
      }
    },
    {
      "type": "Feature",
      "properties": {
        "osm_id": "way/676197749",
        "name": "Recreation",
        "kind": "playground",
        "category": "recreation",
        "source": "OpenStreetMap contributors",
        "captured_utc": "2026-09-09 16:36"
      },
      "geometry": {
        "type": "Point",
        "coordinates": [
          76.9215449,
          10.9287759
        ]
      }
    },
    {
      "type": "Feature",
      "properties": {
        "osm_id": "way/676199999",
        "name": "Government Higher Secondary School",
        "kind": "school",
        "category": "education",
        "source": "OpenStreetMap contributors",
        "captured_utc": "2026-09-09 16:36"
      },
      "geometry": {
        "type": "Point",
        "coordinates": [
          76.9215684,
          10.9531458
        ]
      }
    },
    {
      "type": "Feature",
      "properties": {
        "osm_id": "way/676200804",
        "name": "Childrens Park",
        "kind": "park",
        "category": "recreation",
        "source": "OpenStreetMap contributors",
        "captured_utc": "2026-09-09 16:36"
      },
      "geometry": {
        "type": "Point",
        "coordinates": [
          76.9235451,
          10.9549971
        ]
      }
    },
    {
      "type": "Feature",
      "properties": {
        "osm_id": "way/676200805",
        "name": "Sundakamuthur Government Hospital",
        "kind": "hospital",
        "category": "health",
        "source": "OpenStreetMap contributors",
        "captured_utc": "2026-09-09 16:36"
      },
      "geometry": {
        "type": "Point",
        "coordinates": [
          76.9241442,
          10.9559428
        ]
      }
    },
    {
      "type": "Feature",
      "properties": {
        "osm_id": "way/678830304",
        "name": "GMC & ESI Hospitals",
        "kind": "hospital",
        "category": "health",
        "source": "OpenStreetMap contributors",
        "captured_utc": "2026-09-09 16:36"
      },
      "geometry": {
        "type": "Point",
        "coordinates": [
          77.0227178,
          11.0087369
        ]
      }
    },
    {
      "type": "Feature",
      "properties": {
        "osm_id": "way/678830511",
        "name": "Recreation",
        "kind": "playground",
        "category": "recreation",
        "source": "OpenStreetMap contributors",
        "captured_utc": "2026-09-09 16:36"
      },
      "geometry": {
        "type": "Point",
        "coordinates": [
          77.0218388,
          11.0093131
        ]
      }
    },
    {
      "type": "Feature",
      "properties": {
        "osm_id": "way/678833312",
        "name": "Recreation",
        "kind": "park",
        "category": "recreation",
        "source": "OpenStreetMap contributors",
        "captured_utc": "2026-09-09 16:36"
      },
      "geometry": {
        "type": "Point",
        "coordinates": [
          76.9851911,
          10.997849
        ]
      }
    },
    {
      "type": "Feature",
      "properties": {
        "osm_id": "way/685341899",
        "name": "Coimbatore Corporation primary school",
        "kind": "school",
        "category": "education",
        "source": "OpenStreetMap contributors",
        "captured_utc": "2026-09-09 16:36"
      },
      "geometry": {
        "type": "Point",
        "coordinates": [
          76.8632671,
          11.043591
        ]
      }
    },
    {
      "type": "Feature",
      "properties": {
        "osm_id": "way/685342422",
        "name": "vadavalli police station",
        "kind": "police",
        "category": "civic",
        "source": "OpenStreetMap contributors",
        "captured_utc": "2026-09-09 16:36"
      },
      "geometry": {
        "type": "Point",
        "coordinates": [
          76.8949051,
          11.0452875
        ]
      }
    },
    {
      "type": "Feature",
      "properties": {
        "osm_id": "way/686744601",
        "name": "Dr.Sengaliappan Nursing Home, Coimbatore",
        "kind": "hospital",
        "category": "health",
        "source": "OpenStreetMap contributors",
        "captured_utc": "2026-09-09 16:36"
      },
      "geometry": {
        "type": "Point",
        "coordinates": [
          76.9501348,
          11.0272375
        ]
      }
    },
    {
      "type": "Feature",
      "properties": {
        "osm_id": "way/699905435",
        "name": "PSG Institute of Technology and Applied Research",
        "kind": "college",
        "category": "education",
        "source": "OpenStreetMap contributors",
        "captured_utc": "2026-09-09 16:36"
      },
      "geometry": {
        "type": "Point",
        "coordinates": [
          77.0945744,
          11.0677118
        ]
      }
    },
    {
      "type": "Feature",
      "properties": {
        "osm_id": "way/722755592",
        "name": "Ganapathy Maanagar Playground",
        "kind": "pitch",
        "category": "recreation",
        "source": "OpenStreetMap contributors",
        "captured_utc": "2026-09-09 16:36"
      },
      "geometry": {
        "type": "Point",
        "coordinates": [
          76.9974727,
          11.0493888
        ]
      }
    },
    {
      "type": "Feature",
      "properties": {
        "osm_id": "way/722755594",
        "name": "4th Block Badminton Court",
        "kind": "playground",
        "category": "recreation",
        "source": "OpenStreetMap contributors",
        "captured_utc": "2026-09-09 16:36"
      },
      "geometry": {
        "type": "Point",
        "coordinates": [
          76.9958037,
          11.04894
        ]
      }
    },
    {
      "type": "Feature",
      "properties": {
        "osm_id": "way/735262108",
        "name": "Health",
        "kind": "hospital",
        "category": "health",
        "source": "OpenStreetMap contributors",
        "captured_utc": "2026-09-09 16:36"
      },
      "geometry": {
        "type": "Point",
        "coordinates": [
          76.9716078,
          11.0002506
        ]
      }
    },
    {
      "type": "Feature",
      "properties": {
        "osm_id": "way/738467952",
        "name": "Sri Ramakrishna Hospital, Coimbatore",
        "kind": "hospital",
        "category": "health",
        "source": "OpenStreetMap contributors",
        "captured_utc": "2026-09-09 16:36"
      },
      "geometry": {
        "type": "Point",
        "coordinates": [
          76.9776867,
          11.0231718
        ]
      }
    },
    {
      "type": "Feature",
      "properties": {
        "osm_id": "way/739720633",
        "name": "N M Hospital",
        "kind": "hospital",
        "category": "health",
        "source": "OpenStreetMap contributors",
        "captured_utc": "2026-09-09 16:36"
      },
      "geometry": {
        "type": "Point",
        "coordinates": [
          76.9994702,
          10.9981109
        ]
      }
    },
    {
      "type": "Feature",
      "properties": {
        "osm_id": "way/740030307",
        "name": "Health",
        "kind": "hospital",
        "category": "health",
        "source": "OpenStreetMap contributors",
        "captured_utc": "2026-09-09 16:36"
      },
      "geometry": {
        "type": "Point",
        "coordinates": [
          77.0714157,
          11.00692
        ]
      }
    },
    {
      "type": "Feature",
      "properties": {
        "osm_id": "way/740151967",
        "name": "Kovai Diabetes Speciality Centre and Hospital",
        "kind": "hospital",
        "category": "health",
        "source": "OpenStreetMap contributors",
        "captured_utc": "2026-09-09 16:36"
      },
      "geometry": {
        "type": "Point",
        "coordinates": [
          76.961461,
          11.0159446
        ]
      }
    },
    {
      "type": "Feature",
      "properties": {
        "osm_id": "way/740646248",
        "name": "M. V. Eye Care Centre",
        "kind": "hospital",
        "category": "health",
        "source": "OpenStreetMap contributors",
        "captured_utc": "2026-09-09 16:36"
      },
      "geometry": {
        "type": "Point",
        "coordinates": [
          76.962954,
          11.0128979
        ]
      }
    },
    {
      "type": "Feature",
      "properties": {
        "osm_id": "way/740883509",
        "name": "Dr N S Palaniappan Nursing Home",
        "kind": "hospital",
        "category": "health",
        "source": "OpenStreetMap contributors",
        "captured_utc": "2026-09-09 16:36"
      },
      "geometry": {
        "type": "Point",
        "coordinates": [
          76.9662789,
          11.0078696
        ]
      }
    },
    {
      "type": "Feature",
      "properties": {
        "osm_id": "way/740884933",
        "name": "Seesha Karunya Community Hospital",
        "kind": "hospital",
        "category": "health",
        "source": "OpenStreetMap contributors",
        "captured_utc": "2026-09-09 16:36"
      },
      "geometry": {
        "type": "Point",
        "coordinates": [
          76.9594132,
          11.0160493
        ]
      }
    },
    {
      "type": "Feature",
      "properties": {
        "osm_id": "way/741020155",
        "name": "Ganga Medical Centre and Hospitals Pvt. Ltd ,Ramnagar",
        "kind": "hospital",
        "category": "health",
        "source": "OpenStreetMap contributors",
        "captured_utc": "2026-09-09 16:36"
      },
      "geometry": {
        "type": "Point",
        "coordinates": [
          76.9595292,
          11.0158471
        ]
      }
    },
    {
      "type": "Feature",
      "properties": {
        "osm_id": "way/750000763",
        "name": "Recreation",
        "kind": "pitch",
        "category": "recreation",
        "source": "OpenStreetMap contributors",
        "captured_utc": "2026-09-09 16:36"
      },
      "geometry": {
        "type": "Point",
        "coordinates": [
          77.0287541,
          11.1053865
        ]
      }
    },
    {
      "type": "Feature",
      "properties": {
        "osm_id": "way/750000764",
        "name": "Recreation",
        "kind": "pitch",
        "category": "recreation",
        "source": "OpenStreetMap contributors",
        "captured_utc": "2026-09-09 16:36"
      },
      "geometry": {
        "type": "Point",
        "coordinates": [
          77.0281654,
          11.1054753
        ]
      }
    },
    {
      "type": "Feature",
      "properties": {
        "osm_id": "way/750002368",
        "name": "Kumaran Medical Center-Multispeciality Hospital",
        "kind": "hospital",
        "category": "health",
        "source": "OpenStreetMap contributors",
        "captured_utc": "2026-09-09 16:36"
      },
      "geometry": {
        "type": "Point",
        "coordinates": [
          77.0238004,
          11.10729
        ]
      }
    },
    {
      "type": "Feature",
      "properties": {
        "osm_id": "way/750474567",
        "name": "Mullai Hall",
        "kind": "community_centre",
        "category": "community",
        "source": "OpenStreetMap contributors",
        "captured_utc": "2026-09-09 16:36"
      },
      "geometry": {
        "type": "Point",
        "coordinates": [
          77.0214418,
          11.1024486
        ]
      }
    },
    {
      "type": "Feature",
      "properties": {
        "osm_id": "way/750474568",
        "name": "Kurinji Hall",
        "kind": "community_centre",
        "category": "community",
        "source": "OpenStreetMap contributors",
        "captured_utc": "2026-09-09 16:36"
      },
      "geometry": {
        "type": "Point",
        "coordinates": [
          77.0215277,
          11.1032945
        ]
      }
    },
    {
      "type": "Feature",
      "properties": {
        "osm_id": "way/751811802",
        "name": "Udaya Nagar Park",
        "kind": "park",
        "category": "recreation",
        "source": "OpenStreetMap contributors",
        "captured_utc": "2026-09-09 16:36"
      },
      "geometry": {
        "type": "Point",
        "coordinates": [
          77.0050092,
          11.0520126
        ]
      }
    },
    {
      "type": "Feature",
      "properties": {
        "osm_id": "way/751811805",
        "name": "Nethaji Childrens Park",
        "kind": "park",
        "category": "recreation",
        "source": "OpenStreetMap contributors",
        "captured_utc": "2026-09-09 16:36"
      },
      "geometry": {
        "type": "Point",
        "coordinates": [
          77.0103272,
          11.0523
        ]
      }
    },
    {
      "type": "Feature",
      "properties": {
        "osm_id": "way/777638186",
        "name": "Jeevan Clinic and Hospital, Coimbatore",
        "kind": "hospital",
        "category": "health",
        "source": "OpenStreetMap contributors",
        "captured_utc": "2026-09-09 16:36"
      },
      "geometry": {
        "type": "Point",
        "coordinates": [
          76.9670503,
          11.0199095
        ]
      }
    },
    {
      "type": "Feature",
      "properties": {
        "osm_id": "way/777638193",
        "name": "Coimbatore Corporation Maternity Centre",
        "kind": "hospital",
        "category": "health",
        "source": "OpenStreetMap contributors",
        "captured_utc": "2026-09-09 16:36"
      },
      "geometry": {
        "type": "Point",
        "coordinates": [
          76.9669045,
          11.0068131
        ]
      }
    },
    {
      "type": "Feature",
      "properties": {
        "osm_id": "way/785634529",
        "name": "Vidhya Bharathi Hall",
        "kind": "community_centre",
        "category": "community",
        "source": "OpenStreetMap contributors",
        "captured_utc": "2026-09-09 16:36"
      },
      "geometry": {
        "type": "Point",
        "coordinates": [
          76.9385873,
          11.0210047
        ]
      }
    },
    {
      "type": "Feature",
      "properties": {
        "osm_id": "way/827849997",
        "name": "Kanchi Nagar Park",
        "kind": "park",
        "category": "recreation",
        "source": "OpenStreetMap contributors",
        "captured_utc": "2026-09-09 16:36"
      },
      "geometry": {
        "type": "Point",
        "coordinates": [
          77.0181461,
          11.0497407
        ]
      }
    },
    {
      "type": "Feature",
      "properties": {
        "osm_id": "way/840630245",
        "name": "Aiswarya Clinic",
        "kind": "hospital",
        "category": "health",
        "source": "OpenStreetMap contributors",
        "captured_utc": "2026-09-09 16:36"
      },
      "geometry": {
        "type": "Point",
        "coordinates": [
          76.9655596,
          11.0228396
        ]
      }
    },
    {
      "type": "Feature",
      "properties": {
        "osm_id": "way/840630290",
        "name": "Nithya Hospital",
        "kind": "hospital",
        "category": "health",
        "source": "OpenStreetMap contributors",
        "captured_utc": "2026-09-09 16:36"
      },
      "geometry": {
        "type": "Point",
        "coordinates": [
          76.9665454,
          11.0210653
        ]
      }
    },
    {
      "type": "Feature",
      "properties": {
        "osm_id": "way/850442300",
        "name": "Temple Grounds",
        "kind": "park",
        "category": "recreation",
        "source": "OpenStreetMap contributors",
        "captured_utc": "2026-09-09 16:36"
      },
      "geometry": {
        "type": "Point",
        "coordinates": [
          77.0170674,
          11.0544514
        ]
      }
    },
    {
      "type": "Feature",
      "properties": {
        "osm_id": "way/850443528",
        "name": "7th Bus Stop Government Park",
        "kind": "park",
        "category": "recreation",
        "source": "OpenStreetMap contributors",
        "captured_utc": "2026-09-09 16:36"
      },
      "geometry": {
        "type": "Point",
        "coordinates": [
          77.0230311,
          11.0527948
        ]
      }
    },
    {
      "type": "Feature",
      "properties": {
        "osm_id": "way/850444295",
        "name": "Children's park",
        "kind": "park",
        "category": "recreation",
        "source": "OpenStreetMap contributors",
        "captured_utc": "2026-09-09 16:36"
      },
      "geometry": {
        "type": "Point",
        "coordinates": [
          77.0189142,
          11.0485063
        ]
      }
    },
    {
      "type": "Feature",
      "properties": {
        "osm_id": "way/850453834",
        "name": "Vignesh nagar park",
        "kind": "park",
        "category": "recreation",
        "source": "OpenStreetMap contributors",
        "captured_utc": "2026-09-09 16:36"
      },
      "geometry": {
        "type": "Point",
        "coordinates": [
          77.0181903,
          11.0512751
        ]
      }
    },
    {
      "type": "Feature",
      "properties": {
        "osm_id": "way/850454699",
        "name": "Vignesh nagar extension park",
        "kind": "park",
        "category": "recreation",
        "source": "OpenStreetMap contributors",
        "captured_utc": "2026-09-09 16:36"
      },
      "geometry": {
        "type": "Point",
        "coordinates": [
          77.0191952,
          11.0509443
        ]
      }
    },
    {
      "type": "Feature",
      "properties": {
        "osm_id": "way/854415006",
        "name": "Shri chaithanya Techno School",
        "kind": "school",
        "category": "education",
        "source": "OpenStreetMap contributors",
        "captured_utc": "2026-09-09 16:36"
      },
      "geometry": {
        "type": "Point",
        "coordinates": [
          76.9672178,
          11.0066005
        ]
      }
    },
    {
      "type": "Feature",
      "properties": {
        "osm_id": "way/854429844",
        "name": "VOC Children Park",
        "kind": "playground",
        "category": "recreation",
        "source": "OpenStreetMap contributors",
        "captured_utc": "2026-09-09 16:36"
      },
      "geometry": {
        "type": "Point",
        "coordinates": [
          76.9705587,
          11.005306
        ]
      }
    },
    {
      "type": "Feature",
      "properties": {
        "osm_id": "way/865705478",
        "name": "PSG College Library",
        "kind": "library",
        "category": "community",
        "source": "OpenStreetMap contributors",
        "captured_utc": "2026-09-09 16:36"
      },
      "geometry": {
        "type": "Point",
        "coordinates": [
          77.0333768,
          11.0337088
        ]
      }
    },
    {
      "type": "Feature",
      "properties": {
        "osm_id": "way/865705479",
        "name": "Indoor Auditorium",
        "kind": "sports_centre",
        "category": "recreation",
        "source": "OpenStreetMap contributors",
        "captured_utc": "2026-09-09 16:36"
      },
      "geometry": {
        "type": "Point",
        "coordinates": [
          77.0353114,
          11.0332371
        ]
      }
    },
    {
      "type": "Feature",
      "properties": {
        "osm_id": "way/902447096",
        "name": "Singanallur Bus Stand",
        "kind": "bus_station",
        "category": "mobility",
        "source": "OpenStreetMap contributors",
        "captured_utc": "2026-09-09 16:36"
      },
      "geometry": {
        "type": "Point",
        "coordinates": [
          77.0290914,
          11.0024206
        ]
      }
    },
    {
      "type": "Feature",
      "properties": {
        "osm_id": "way/923519789",
        "name": "Civic & safety",
        "kind": "police",
        "category": "civic",
        "source": "OpenStreetMap contributors",
        "captured_utc": "2026-09-09 16:36"
      },
      "geometry": {
        "type": "Point",
        "coordinates": [
          76.9516544,
          11.0266436
        ]
      }
    },
    {
      "type": "Feature",
      "properties": {
        "osm_id": "way/965143864",
        "name": "RAK's Pallikoodam",
        "kind": "school",
        "category": "education",
        "source": "OpenStreetMap contributors",
        "captured_utc": "2026-09-09 16:36"
      },
      "geometry": {
        "type": "Point",
        "coordinates": [
          77.0329064,
          11.0381253
        ]
      }
    },
    {
      "type": "Feature",
      "properties": {
        "osm_id": "way/973218948",
        "name": "Recreation",
        "kind": "park",
        "category": "recreation",
        "source": "OpenStreetMap contributors",
        "captured_utc": "2026-09-09 16:36"
      },
      "geometry": {
        "type": "Point",
        "coordinates": [
          76.9798648,
          11.0735917
        ]
      }
    },
    {
      "type": "Feature",
      "properties": {
        "osm_id": "way/973219176",
        "name": "Recreation",
        "kind": "park",
        "category": "recreation",
        "source": "OpenStreetMap contributors",
        "captured_utc": "2026-09-09 16:36"
      },
      "geometry": {
        "type": "Point",
        "coordinates": [
          76.9792957,
          11.0735219
        ]
      }
    },
    {
      "type": "Feature",
      "properties": {
        "osm_id": "way/973220217",
        "name": "Tennis Court",
        "kind": "pitch",
        "category": "recreation",
        "source": "OpenStreetMap contributors",
        "captured_utc": "2026-09-09 16:36"
      },
      "geometry": {
        "type": "Point",
        "coordinates": [
          76.979754,
          11.0742205
        ]
      }
    },
    {
      "type": "Feature",
      "properties": {
        "osm_id": "way/1016623992",
        "name": "Civic & safety",
        "kind": "fire_station",
        "category": "civic",
        "source": "OpenStreetMap contributors",
        "captured_utc": "2026-09-09 16:36"
      },
      "geometry": {
        "type": "Point",
        "coordinates": [
          77.0429357,
          11.0341728
        ]
      }
    },
    {
      "type": "Feature",
      "properties": {
        "osm_id": "way/1067550491",
        "name": "Education",
        "kind": "college",
        "category": "education",
        "source": "OpenStreetMap contributors",
        "captured_utc": "2026-09-09 16:36"
      },
      "geometry": {
        "type": "Point",
        "coordinates": [
          76.9786042,
          10.9346345
        ]
      }
    },
    {
      "type": "Feature",
      "properties": {
        "osm_id": "way/1132032492",
        "name": "Vinayaka Medicals",
        "kind": "pharmacy",
        "category": "health",
        "source": "OpenStreetMap contributors",
        "captured_utc": "2026-09-09 16:36"
      },
      "geometry": {
        "type": "Point",
        "coordinates": [
          76.9247768,
          11.0182339
        ]
      }
    },
    {
      "type": "Feature",
      "properties": {
        "osm_id": "way/1135660104",
        "name": "Kannampalayam Post Office",
        "kind": "post_office",
        "category": "civic",
        "source": "OpenStreetMap contributors",
        "captured_utc": "2026-09-09 16:36"
      },
      "geometry": {
        "type": "Point",
        "coordinates": [
          77.0975251,
          10.9930249
        ]
      }
    },
    {
      "type": "Feature",
      "properties": {
        "osm_id": "way/1137265505",
        "name": "Walking park",
        "kind": "park",
        "category": "recreation",
        "source": "OpenStreetMap contributors",
        "captured_utc": "2026-09-09 16:36"
      },
      "geometry": {
        "type": "Point",
        "coordinates": [
          77.0159143,
          11.0549013
        ]
      }
    },
    {
      "type": "Feature",
      "properties": {
        "osm_id": "way/1137265792",
        "name": "water tank",
        "kind": "park",
        "category": "recreation",
        "source": "OpenStreetMap contributors",
        "captured_utc": "2026-09-09 16:36"
      },
      "geometry": {
        "type": "Point",
        "coordinates": [
          77.0152073,
          11.0512913
        ]
      }
    },
    {
      "type": "Feature",
      "properties": {
        "osm_id": "way/1137266216",
        "name": "Recreation",
        "kind": "park",
        "category": "recreation",
        "source": "OpenStreetMap contributors",
        "captured_utc": "2026-09-09 16:36"
      },
      "geometry": {
        "type": "Point",
        "coordinates": [
          77.0189045,
          11.0534296
        ]
      }
    },
    {
      "type": "Feature",
      "properties": {
        "osm_id": "way/1137269681",
        "name": "Xavier Ground",
        "kind": "playground",
        "category": "recreation",
        "source": "OpenStreetMap contributors",
        "captured_utc": "2026-09-09 16:36"
      },
      "geometry": {
        "type": "Point",
        "coordinates": [
          77.0178201,
          11.0557569
        ]
      }
    },
    {
      "type": "Feature",
      "properties": {
        "osm_id": "way/1137269792",
        "name": "Recreation",
        "kind": "park",
        "category": "recreation",
        "source": "OpenStreetMap contributors",
        "captured_utc": "2026-09-09 16:36"
      },
      "geometry": {
        "type": "Point",
        "coordinates": [
          77.0168249,
          11.0564247
        ]
      }
    },
    {
      "type": "Feature",
      "properties": {
        "osm_id": "way/1137329401",
        "name": "Recreation",
        "kind": "park",
        "category": "recreation",
        "source": "OpenStreetMap contributors",
        "captured_utc": "2026-09-09 16:36"
      },
      "geometry": {
        "type": "Point",
        "coordinates": [
          77.0251153,
          11.047934
        ]
      }
    },
    {
      "type": "Feature",
      "properties": {
        "osm_id": "way/1137330298",
        "name": "murugan nagar park",
        "kind": "park",
        "category": "recreation",
        "source": "OpenStreetMap contributors",
        "captured_utc": "2026-09-09 16:36"
      },
      "geometry": {
        "type": "Point",
        "coordinates": [
          77.0241544,
          11.0559954
        ]
      }
    },
    {
      "type": "Feature",
      "properties": {
        "osm_id": "way/1137330405",
        "name": "Recreation",
        "kind": "park",
        "category": "recreation",
        "source": "OpenStreetMap contributors",
        "captured_utc": "2026-09-09 16:36"
      },
      "geometry": {
        "type": "Point",
        "coordinates": [
          77.0220891,
          11.0561352
        ]
      }
    },
    {
      "type": "Feature",
      "properties": {
        "osm_id": "way/1137332428",
        "name": "Recreation",
        "kind": "park",
        "category": "recreation",
        "source": "OpenStreetMap contributors",
        "captured_utc": "2026-09-09 16:36"
      },
      "geometry": {
        "type": "Point",
        "coordinates": [
          77.0196823,
          11.0522492
        ]
      }
    },
    {
      "type": "Feature",
      "properties": {
        "osm_id": "way/1137350672",
        "name": "Recreation",
        "kind": "park",
        "category": "recreation",
        "source": "OpenStreetMap contributors",
        "captured_utc": "2026-09-09 16:36"
      },
      "geometry": {
        "type": "Point",
        "coordinates": [
          77.0189805,
          11.0524989
        ]
      }
    },
    {
      "type": "Feature",
      "properties": {
        "osm_id": "way/1137354261",
        "name": "Recreation",
        "kind": "park",
        "category": "recreation",
        "source": "OpenStreetMap contributors",
        "captured_utc": "2026-09-09 16:36"
      },
      "geometry": {
        "type": "Point",
        "coordinates": [
          77.0173302,
          11.0569775
        ]
      }
    },
    {
      "type": "Feature",
      "properties": {
        "osm_id": "way/1137665031",
        "name": "Recreation",
        "kind": "park",
        "category": "recreation",
        "source": "OpenStreetMap contributors",
        "captured_utc": "2026-09-09 16:36"
      },
      "geometry": {
        "type": "Point",
        "coordinates": [
          77.0195505,
          11.0544112
        ]
      }
    },
    {
      "type": "Feature",
      "properties": {
        "osm_id": "way/1137808814",
        "name": "Recreation",
        "kind": "park",
        "category": "recreation",
        "source": "OpenStreetMap contributors",
        "captured_utc": "2026-09-09 16:36"
      },
      "geometry": {
        "type": "Point",
        "coordinates": [
          76.9976523,
          11.0416871
        ]
      }
    },
    {
      "type": "Feature",
      "properties": {
        "osm_id": "way/1137830197",
        "name": "Vincent Matric",
        "kind": "school",
        "category": "education",
        "source": "OpenStreetMap contributors",
        "captured_utc": "2026-09-09 16:36"
      },
      "geometry": {
        "type": "Point",
        "coordinates": [
          77.0032939,
          11.0461708
        ]
      }
    },
    {
      "type": "Feature",
      "properties": {
        "osm_id": "way/1149210619",
        "name": "Recreation",
        "kind": "park",
        "category": "recreation",
        "source": "OpenStreetMap contributors",
        "captured_utc": "2026-09-09 16:36"
      },
      "geometry": {
        "type": "Point",
        "coordinates": [
          77.0300878,
          11.0026429
        ]
      }
    },
    {
      "type": "Feature",
      "properties": {
        "osm_id": "way/1149353353",
        "name": "E1 Singanallur Police Station",
        "kind": "police",
        "category": "civic",
        "source": "OpenStreetMap contributors",
        "captured_utc": "2026-09-09 16:36"
      },
      "geometry": {
        "type": "Point",
        "coordinates": [
          77.0296891,
          11.0003996
        ]
      }
    },
    {
      "type": "Feature",
      "properties": {
        "osm_id": "way/1149353354",
        "name": "Civic & safety",
        "kind": "police",
        "category": "civic",
        "source": "OpenStreetMap contributors",
        "captured_utc": "2026-09-09 16:36"
      },
      "geometry": {
        "type": "Point",
        "coordinates": [
          77.0296247,
          11.0001594
        ]
      }
    },
    {
      "type": "Feature",
      "properties": {
        "osm_id": "way/1149353355",
        "name": "Civic & safety",
        "kind": "police",
        "category": "civic",
        "source": "OpenStreetMap contributors",
        "captured_utc": "2026-09-09 16:36"
      },
      "geometry": {
        "type": "Point",
        "coordinates": [
          77.0296799,
          11.0000407
        ]
      }
    },
    {
      "type": "Feature",
      "properties": {
        "osm_id": "way/1149353356",
        "name": "Civic & safety",
        "kind": "police",
        "category": "civic",
        "source": "OpenStreetMap contributors",
        "captured_utc": "2026-09-09 16:36"
      },
      "geometry": {
        "type": "Point",
        "coordinates": [
          77.0297109,
          10.999916
        ]
      }
    },
    {
      "type": "Feature",
      "properties": {
        "osm_id": "way/1149353357",
        "name": "Civic & safety",
        "kind": "police",
        "category": "civic",
        "source": "OpenStreetMap contributors",
        "captured_utc": "2026-09-09 16:36"
      },
      "geometry": {
        "type": "Point",
        "coordinates": [
          77.0298438,
          11.0001463
        ]
      }
    },
    {
      "type": "Feature",
      "properties": {
        "osm_id": "way/1153858248",
        "name": "Sai Tapovanam",
        "kind": "park",
        "category": "recreation",
        "source": "OpenStreetMap contributors",
        "captured_utc": "2026-09-09 16:36"
      },
      "geometry": {
        "type": "Point",
        "coordinates": [
          77.0295479,
          11.0474233
        ]
      }
    },
    {
      "type": "Feature",
      "properties": {
        "osm_id": "way/1157856931",
        "name": "Football ground",
        "kind": "pitch",
        "category": "recreation",
        "source": "OpenStreetMap contributors",
        "captured_utc": "2026-09-09 16:36"
      },
      "geometry": {
        "type": "Point",
        "coordinates": [
          77.0279424,
          11.0267209
        ]
      }
    },
    {
      "type": "Feature",
      "properties": {
        "osm_id": "way/1157856932",
        "name": "Cricket ground",
        "kind": "pitch",
        "category": "recreation",
        "source": "OpenStreetMap contributors",
        "captured_utc": "2026-09-09 16:36"
      },
      "geometry": {
        "type": "Point",
        "coordinates": [
          77.0276771,
          11.0264787
        ]
      }
    },
    {
      "type": "Feature",
      "properties": {
        "osm_id": "way/1157856933",
        "name": "Kho Kho ground",
        "kind": "pitch",
        "category": "recreation",
        "source": "OpenStreetMap contributors",
        "captured_utc": "2026-09-09 16:36"
      },
      "geometry": {
        "type": "Point",
        "coordinates": [
          77.0274156,
          11.0259932
        ]
      }
    },
    {
      "type": "Feature",
      "properties": {
        "osm_id": "way/1157856936",
        "name": "Education",
        "kind": "college",
        "category": "education",
        "source": "OpenStreetMap contributors",
        "captured_utc": "2026-09-09 16:36"
      },
      "geometry": {
        "type": "Point",
        "coordinates": [
          77.0288397,
          11.0267837
        ]
      }
    },
    {
      "type": "Feature",
      "properties": {
        "osm_id": "way/1159633730",
        "name": "Dr. V. Ramakrishnan Clinic",
        "kind": "clinic",
        "category": "health",
        "source": "OpenStreetMap contributors",
        "captured_utc": "2026-09-09 16:36"
      },
      "geometry": {
        "type": "Point",
        "coordinates": [
          77.081108,
          11.0086635
        ]
      }
    },
    {
      "type": "Feature",
      "properties": {
        "osm_id": "way/1160866889",
        "name": "Recreation",
        "kind": "park",
        "category": "recreation",
        "source": "OpenStreetMap contributors",
        "captured_utc": "2026-09-09 16:36"
      },
      "geometry": {
        "type": "Point",
        "coordinates": [
          77.0155491,
          11.0495708
        ]
      }
    },
    {
      "type": "Feature",
      "properties": {
        "osm_id": "way/1160884998",
        "name": "NRI Garden park",
        "kind": "park",
        "category": "recreation",
        "source": "OpenStreetMap contributors",
        "captured_utc": "2026-09-09 16:36"
      },
      "geometry": {
        "type": "Point",
        "coordinates": [
          77.0206518,
          11.0484205
        ]
      }
    },
    {
      "type": "Feature",
      "properties": {
        "osm_id": "way/1161018030",
        "name": "Udhaya nagar park",
        "kind": "park",
        "category": "recreation",
        "source": "OpenStreetMap contributors",
        "captured_utc": "2026-09-09 16:36"
      },
      "geometry": {
        "type": "Point",
        "coordinates": [
          77.01167,
          11.0487268
        ]
      }
    },
    {
      "type": "Feature",
      "properties": {
        "osm_id": "way/1161018305",
        "name": "Udhaya nagar resident association park",
        "kind": "park",
        "category": "recreation",
        "source": "OpenStreetMap contributors",
        "captured_utc": "2026-09-09 16:36"
      },
      "geometry": {
        "type": "Point",
        "coordinates": [
          77.0129132,
          11.0498382
        ]
      }
    },
    {
      "type": "Feature",
      "properties": {
        "osm_id": "way/1161020135",
        "name": "Recreation",
        "kind": "pitch",
        "category": "recreation",
        "source": "OpenStreetMap contributors",
        "captured_utc": "2026-09-09 16:36"
      },
      "geometry": {
        "type": "Point",
        "coordinates": [
          77.016059,
          11.0579646
        ]
      }
    },
    {
      "type": "Feature",
      "properties": {
        "osm_id": "way/1161698306",
        "name": "Maharaja Nagar Park",
        "kind": "park",
        "category": "recreation",
        "source": "OpenStreetMap contributors",
        "captured_utc": "2026-09-09 16:36"
      },
      "geometry": {
        "type": "Point",
        "coordinates": [
          77.0313515,
          11.0548563
        ]
      }
    },
    {
      "type": "Feature",
      "properties": {
        "osm_id": "way/1161702204",
        "name": "APJ Abdul Kalam Memorial Park",
        "kind": "park",
        "category": "recreation",
        "source": "OpenStreetMap contributors",
        "captured_utc": "2026-09-09 16:36"
      },
      "geometry": {
        "type": "Point",
        "coordinates": [
          77.0286482,
          11.0540063
        ]
      }
    },
    {
      "type": "Feature",
      "properties": {
        "osm_id": "way/1162623830",
        "name": "Mounasamy nagar Park",
        "kind": "park",
        "category": "recreation",
        "source": "OpenStreetMap contributors",
        "captured_utc": "2026-09-09 16:36"
      },
      "geometry": {
        "type": "Point",
        "coordinates": [
          77.0186015,
          11.0570502
        ]
      }
    },
    {
      "type": "Feature",
      "properties": {
        "osm_id": "way/1168966245",
        "name": "Covai S3",
        "kind": "social_facility",
        "category": "community",
        "source": "OpenStreetMap contributors",
        "captured_utc": "2026-09-09 16:36"
      },
      "geometry": {
        "type": "Point",
        "coordinates": [
          76.8967855,
          10.963289
        ]
      }
    },
    {
      "type": "Feature",
      "properties": {
        "osm_id": "way/1171969157",
        "name": "Health",
        "kind": "hospital",
        "category": "health",
        "source": "OpenStreetMap contributors",
        "captured_utc": "2026-09-09 16:36"
      },
      "geometry": {
        "type": "Point",
        "coordinates": [
          77.0672508,
          11.0570355
        ]
      }
    },
    {
      "type": "Feature",
      "properties": {
        "osm_id": "way/1179956459",
        "name": "Kalaignar Karunanidhi Institute of Technology",
        "kind": "college",
        "category": "education",
        "source": "OpenStreetMap contributors",
        "captured_utc": "2026-09-09 16:36"
      },
      "geometry": {
        "type": "Point",
        "coordinates": [
          77.0842214,
          10.9992121
        ]
      }
    },
    {
      "type": "Feature",
      "properties": {
        "osm_id": "way/1210976885",
        "name": "Recreation",
        "kind": "sports_centre",
        "category": "recreation",
        "source": "OpenStreetMap contributors",
        "captured_utc": "2026-09-09 16:36"
      },
      "geometry": {
        "type": "Point",
        "coordinates": [
          76.8989238,
          10.9063763
        ]
      }
    },
    {
      "type": "Feature",
      "properties": {
        "osm_id": "way/1231884734",
        "name": "Community",
        "kind": "community_centre",
        "category": "community",
        "source": "OpenStreetMap contributors",
        "captured_utc": "2026-09-09 16:36"
      },
      "geometry": {
        "type": "Point",
        "coordinates": [
          76.9329738,
          11.0101066
        ]
      }
    },
    {
      "type": "Feature",
      "properties": {
        "osm_id": "way/1232732276",
        "name": "\u0b86\u0ba3\u0bcd\u0b9f\u0bb5\u0bb0\u0bcd \u0b9a\u0bc6\u0b95\u0bcd\u0b95\u0bc1 \u0b86\u0baf\u0bbf\u0bb2\u0bcd \u0bb8\u0bcd\u0b9f\u0bcb\u0bb0\u0bcd",
        "kind": "pharmacy",
        "category": "health",
        "source": "OpenStreetMap contributors",
        "captured_utc": "2026-09-09 16:36"
      },
      "geometry": {
        "type": "Point",
        "coordinates": [
          76.9047261,
          11.024885
        ]
      }
    },
    {
      "type": "Feature",
      "properties": {
        "osm_id": "way/1233058276",
        "name": "Shivanjali's Temple Of Fine Arts",
        "kind": "arts_centre",
        "category": "community",
        "source": "OpenStreetMap contributors",
        "captured_utc": "2026-09-09 16:36"
      },
      "geometry": {
        "type": "Point",
        "coordinates": [
          76.9134481,
          11.0234159
        ]
      }
    },
    {
      "type": "Feature",
      "properties": {
        "osm_id": "way/1233871626",
        "name": "Education",
        "kind": "school",
        "category": "education",
        "source": "OpenStreetMap contributors",
        "captured_utc": "2026-09-09 16:36"
      },
      "geometry": {
        "type": "Point",
        "coordinates": [
          77.0230531,
          11.0415239
        ]
      }
    },
    {
      "type": "Feature",
      "properties": {
        "osm_id": "way/1234334631",
        "name": "Education",
        "kind": "college",
        "category": "education",
        "source": "OpenStreetMap contributors",
        "captured_utc": "2026-09-09 16:36"
      },
      "geometry": {
        "type": "Point",
        "coordinates": [
          76.9746876,
          10.999226
        ]
      }
    },
    {
      "type": "Feature",
      "properties": {
        "osm_id": "way/1234334633",
        "name": "GAC Men's Hostel Ground",
        "kind": "pitch",
        "category": "recreation",
        "source": "OpenStreetMap contributors",
        "captured_utc": "2026-09-09 16:36"
      },
      "geometry": {
        "type": "Point",
        "coordinates": [
          76.9744697,
          10.999424
        ]
      }
    },
    {
      "type": "Feature",
      "properties": {
        "osm_id": "way/1234526253",
        "name": "Recreation",
        "kind": "pitch",
        "category": "recreation",
        "source": "OpenStreetMap contributors",
        "captured_utc": "2026-09-09 16:36"
      },
      "geometry": {
        "type": "Point",
        "coordinates": [
          76.9729717,
          10.9990602
        ]
      }
    },
    {
      "type": "Feature",
      "properties": {
        "osm_id": "way/1234537694",
        "name": "Recreation",
        "kind": "park",
        "category": "recreation",
        "source": "OpenStreetMap contributors",
        "captured_utc": "2026-09-09 16:36"
      },
      "geometry": {
        "type": "Point",
        "coordinates": [
          76.974047,
          10.9989746
        ]
      }
    },
    {
      "type": "Feature",
      "properties": {
        "osm_id": "way/1234537695",
        "name": "Recreation",
        "kind": "park",
        "category": "recreation",
        "source": "OpenStreetMap contributors",
        "captured_utc": "2026-09-09 16:36"
      },
      "geometry": {
        "type": "Point",
        "coordinates": [
          76.9744354,
          10.9986873
        ]
      }
    },
    {
      "type": "Feature",
      "properties": {
        "osm_id": "way/1234537696",
        "name": "Recreation",
        "kind": "park",
        "category": "recreation",
        "source": "OpenStreetMap contributors",
        "captured_utc": "2026-09-09 16:36"
      },
      "geometry": {
        "type": "Point",
        "coordinates": [
          76.9741753,
          10.9986691
        ]
      }
    },
    {
      "type": "Feature",
      "properties": {
        "osm_id": "way/1234537703",
        "name": "Recreation",
        "kind": "park",
        "category": "recreation",
        "source": "OpenStreetMap contributors",
        "captured_utc": "2026-09-09 16:36"
      },
      "geometry": {
        "type": "Point",
        "coordinates": [
          76.9816525,
          10.9997351
        ]
      }
    },
    {
      "type": "Feature",
      "properties": {
        "osm_id": "way/1234546578",
        "name": "NCC Obstacles Training Track",
        "kind": "sports_centre",
        "category": "recreation",
        "source": "OpenStreetMap contributors",
        "captured_utc": "2026-09-09 16:36"
      },
      "geometry": {
        "type": "Point",
        "coordinates": [
          76.9745351,
          10.9996885
        ]
      }
    },
    {
      "type": "Feature",
      "properties": {
        "osm_id": "way/1234546579",
        "name": "Recreation",
        "kind": "pitch",
        "category": "recreation",
        "source": "OpenStreetMap contributors",
        "captured_utc": "2026-09-09 16:36"
      },
      "geometry": {
        "type": "Point",
        "coordinates": [
          76.9743336,
          10.9995018
        ]
      }
    },
    {
      "type": "Feature",
      "properties": {
        "osm_id": "way/1234546580",
        "name": "Recreation",
        "kind": "pitch",
        "category": "recreation",
        "source": "OpenStreetMap contributors",
        "captured_utc": "2026-09-09 16:36"
      },
      "geometry": {
        "type": "Point",
        "coordinates": [
          76.9744764,
          10.9995031
        ]
      }
    },
    {
      "type": "Feature",
      "properties": {
        "osm_id": "way/1234546582",
        "name": "Recreation",
        "kind": "pitch",
        "category": "recreation",
        "source": "OpenStreetMap contributors",
        "captured_utc": "2026-09-09 16:36"
      },
      "geometry": {
        "type": "Point",
        "coordinates": [
          76.9748647,
          10.9995729
        ]
      }
    },
    {
      "type": "Feature",
      "properties": {
        "osm_id": "way/1234546587",
        "name": "Recreation",
        "kind": "pitch",
        "category": "recreation",
        "source": "OpenStreetMap contributors",
        "captured_utc": "2026-09-09 16:36"
      },
      "geometry": {
        "type": "Point",
        "coordinates": [
          76.9749663,
          10.9991939
        ]
      }
    },
    {
      "type": "Feature",
      "properties": {
        "osm_id": "way/1234546593",
        "name": "Recreation",
        "kind": "pitch",
        "category": "recreation",
        "source": "OpenStreetMap contributors",
        "captured_utc": "2026-09-09 16:36"
      },
      "geometry": {
        "type": "Point",
        "coordinates": [
          76.9724491,
          10.9980359
        ]
      }
    },
    {
      "type": "Feature",
      "properties": {
        "osm_id": "way/1234548079",
        "name": "Government Arts College Campus",
        "kind": "college",
        "category": "education",
        "source": "OpenStreetMap contributors",
        "captured_utc": "2026-09-09 16:36"
      },
      "geometry": {
        "type": "Point",
        "coordinates": [
          76.9726412,
          10.9985728
        ]
      }
    },
    {
      "type": "Feature",
      "properties": {
        "osm_id": "way/1234645168",
        "name": "KGM Hospital, Chinniampalayam",
        "kind": "hospital",
        "category": "health",
        "source": "OpenStreetMap contributors",
        "captured_utc": "2026-09-09 16:36"
      },
      "geometry": {
        "type": "Point",
        "coordinates": [
          77.067239,
          11.0570076
        ]
      }
    },
    {
      "type": "Feature",
      "properties": {
        "osm_id": "way/1236579854",
        "name": "Recreation",
        "kind": "pitch",
        "category": "recreation",
        "source": "OpenStreetMap contributors",
        "captured_utc": "2026-09-09 16:36"
      },
      "geometry": {
        "type": "Point",
        "coordinates": [
          76.9871247,
          11.0802971
        ]
      }
    },
    {
      "type": "Feature",
      "properties": {
        "osm_id": "way/1236856168",
        "name": "Community",
        "kind": "community_centre",
        "category": "community",
        "source": "OpenStreetMap contributors",
        "captured_utc": "2026-09-09 16:36"
      },
      "geometry": {
        "type": "Point",
        "coordinates": [
          76.9551267,
          11.0148243
        ]
      }
    },
    {
      "type": "Feature",
      "properties": {
        "osm_id": "way/1237329086",
        "name": "Gandhimanagar Police Station",
        "kind": "police",
        "category": "civic",
        "source": "OpenStreetMap contributors",
        "captured_utc": "2026-09-09 16:36"
      },
      "geometry": {
        "type": "Point",
        "coordinates": [
          77.0062037,
          11.0412789
        ]
      }
    },
    {
      "type": "Feature",
      "properties": {
        "osm_id": "way/1237548963",
        "name": "Health",
        "kind": "pharmacy",
        "category": "health",
        "source": "OpenStreetMap contributors",
        "captured_utc": "2026-09-09 16:36"
      },
      "geometry": {
        "type": "Point",
        "coordinates": [
          76.9171006,
          11.0215454
        ]
      }
    },
    {
      "type": "Feature",
      "properties": {
        "osm_id": "way/1239571346",
        "name": "Health",
        "kind": "pharmacy",
        "category": "health",
        "source": "OpenStreetMap contributors",
        "captured_utc": "2026-09-09 16:36"
      },
      "geometry": {
        "type": "Point",
        "coordinates": [
          76.9024528,
          11.0252636
        ]
      }
    },
    {
      "type": "Feature",
      "properties": {
        "osm_id": "way/1239571485",
        "name": "Health",
        "kind": "pharmacy",
        "category": "health",
        "source": "OpenStreetMap contributors",
        "captured_utc": "2026-09-09 16:36"
      },
      "geometry": {
        "type": "Point",
        "coordinates": [
          76.9015743,
          11.025116
        ]
      }
    },
    {
      "type": "Feature",
      "properties": {
        "osm_id": "way/1240248192",
        "name": "Krishna Nursing Home",
        "kind": "hospital",
        "category": "health",
        "source": "OpenStreetMap contributors",
        "captured_utc": "2026-09-09 16:36"
      },
      "geometry": {
        "type": "Point",
        "coordinates": [
          76.9595053,
          11.0153062
        ]
      }
    },
    {
      "type": "Feature",
      "properties": {
        "osm_id": "way/1240249370",
        "name": "Avinashilingam Elimentry School",
        "kind": "school",
        "category": "education",
        "source": "OpenStreetMap contributors",
        "captured_utc": "2026-09-09 16:36"
      },
      "geometry": {
        "type": "Point",
        "coordinates": [
          76.9527651,
          11.0186311
        ]
      }
    },
    {
      "type": "Feature",
      "properties": {
        "osm_id": "way/1241139022",
        "name": "Lisieux Matriculation Higher Secondary School",
        "kind": "school",
        "category": "education",
        "source": "OpenStreetMap contributors",
        "captured_utc": "2026-09-09 16:36"
      },
      "geometry": {
        "type": "Point",
        "coordinates": [
          76.9428642,
          11.0213449
        ]
      }
    },
    {
      "type": "Feature",
      "properties": {
        "osm_id": "way/1246140277",
        "name": "KGISL Institute of Information Management",
        "kind": "school",
        "category": "education",
        "source": "OpenStreetMap contributors",
        "captured_utc": "2026-09-09 16:36"
      },
      "geometry": {
        "type": "Point",
        "coordinates": [
          76.997046,
          11.0834393
        ]
      }
    },
    {
      "type": "Feature",
      "properties": {
        "osm_id": "way/1248290356",
        "name": "GRG Matriculation Higher Secondary School",
        "kind": "school",
        "category": "education",
        "source": "OpenStreetMap contributors",
        "captured_utc": "2026-09-09 16:36"
      },
      "geometry": {
        "type": "Point",
        "coordinates": [
          77.0172608,
          11.0262054
        ]
      }
    },
    {
      "type": "Feature",
      "properties": {
        "osm_id": "way/1248294171",
        "name": "Silambam Adimurai Class",
        "kind": "dancing_school",
        "category": "other",
        "source": "OpenStreetMap contributors",
        "captured_utc": "2026-09-09 16:36"
      },
      "geometry": {
        "type": "Point",
        "coordinates": [
          77.0049027,
          11.0173469
        ]
      }
    },
    {
      "type": "Feature",
      "properties": {
        "osm_id": "way/1249191629",
        "name": "Semozhi Poonga",
        "kind": "park",
        "category": "recreation",
        "source": "OpenStreetMap contributors",
        "captured_utc": "2026-09-09 16:36"
      },
      "geometry": {
        "type": "Point",
        "coordinates": [
          76.9993833,
          11.0105454
        ]
      }
    },
    {
      "type": "Feature",
      "properties": {
        "osm_id": "way/1249640585",
        "name": "NSR Cancer Centre",
        "kind": "clinic",
        "category": "health",
        "source": "OpenStreetMap contributors",
        "captured_utc": "2026-09-09 16:36"
      },
      "geometry": {
        "type": "Point",
        "coordinates": [
          76.9862308,
          11.0121496
        ]
      }
    },
    {
      "type": "Feature",
      "properties": {
        "osm_id": "way/1251096265",
        "name": "Coporation Girls Higher Secondary School",
        "kind": "school",
        "category": "education",
        "source": "OpenStreetMap contributors",
        "captured_utc": "2026-09-09 16:36"
      },
      "geometry": {
        "type": "Point",
        "coordinates": [
          76.9610313,
          11.0136909
        ]
      }
    },
    {
      "type": "Feature",
      "properties": {
        "osm_id": "way/1251096900",
        "name": "Education",
        "kind": "college",
        "category": "education",
        "source": "OpenStreetMap contributors",
        "captured_utc": "2026-09-09 16:36"
      },
      "geometry": {
        "type": "Point",
        "coordinates": [
          76.9768931,
          11.0244864
        ]
      }
    },
    {
      "type": "Feature",
      "properties": {
        "osm_id": "way/1252504736",
        "name": "Amma unavagam",
        "kind": "social_facility",
        "category": "community",
        "source": "OpenStreetMap contributors",
        "captured_utc": "2026-09-09 16:36"
      },
      "geometry": {
        "type": "Point",
        "coordinates": [
          76.9515915,
          11.030468
        ]
      }
    },
    {
      "type": "Feature",
      "properties": {
        "osm_id": "way/1252960262",
        "name": "Lenin Ortho Clinic",
        "kind": "clinic",
        "category": "health",
        "source": "OpenStreetMap contributors",
        "captured_utc": "2026-09-09 16:36"
      },
      "geometry": {
        "type": "Point",
        "coordinates": [
          77.0272274,
          11.0069398
        ]
      }
    },
    {
      "type": "Feature",
      "properties": {
        "osm_id": "way/1252960440",
        "name": "AB Child Care Hospital",
        "kind": "hospital",
        "category": "health",
        "source": "OpenStreetMap contributors",
        "captured_utc": "2026-09-09 16:36"
      },
      "geometry": {
        "type": "Point",
        "coordinates": [
          77.028744,
          11.0006913
        ]
      }
    },
    {
      "type": "Feature",
      "properties": {
        "osm_id": "way/1252960651",
        "name": "Jhayakhar Clinic",
        "kind": "clinic",
        "category": "health",
        "source": "OpenStreetMap contributors",
        "captured_utc": "2026-09-09 16:36"
      },
      "geometry": {
        "type": "Point",
        "coordinates": [
          77.0257616,
          11.0070941
        ]
      }
    },
    {
      "type": "Feature",
      "properties": {
        "osm_id": "way/1252961263",
        "name": "Martin Homoeopathy",
        "kind": "hospital",
        "category": "health",
        "source": "OpenStreetMap contributors",
        "captured_utc": "2026-09-09 16:36"
      },
      "geometry": {
        "type": "Point",
        "coordinates": [
          77.027114,
          11.0051006
        ]
      }
    },
    {
      "type": "Feature",
      "properties": {
        "osm_id": "way/1252961373",
        "name": "Happy Kids Clinic",
        "kind": "clinic",
        "category": "health",
        "source": "OpenStreetMap contributors",
        "captured_utc": "2026-09-09 16:36"
      },
      "geometry": {
        "type": "Point",
        "coordinates": [
          77.0254131,
          11.0061278
        ]
      }
    },
    {
      "type": "Feature",
      "properties": {
        "osm_id": "way/1253555262",
        "name": "Church Ground",
        "kind": "playground",
        "category": "recreation",
        "source": "OpenStreetMap contributors",
        "captured_utc": "2026-09-09 16:36"
      },
      "geometry": {
        "type": "Point",
        "coordinates": [
          76.9879638,
          10.9589914
        ]
      }
    },
    {
      "type": "Feature",
      "properties": {
        "osm_id": "way/1295947801",
        "name": "Children's Park",
        "kind": "park",
        "category": "recreation",
        "source": "OpenStreetMap contributors",
        "captured_utc": "2026-09-09 16:36"
      },
      "geometry": {
        "type": "Point",
        "coordinates": [
          76.9474465,
          10.9650756
        ]
      }
    },
    {
      "type": "Feature",
      "properties": {
        "osm_id": "way/1297679596",
        "name": "Volleyball Court",
        "kind": "pitch",
        "category": "recreation",
        "source": "OpenStreetMap contributors",
        "captured_utc": "2026-09-09 16:36"
      },
      "geometry": {
        "type": "Point",
        "coordinates": [
          76.9527768,
          10.9678278
        ]
      }
    },
    {
      "type": "Feature",
      "properties": {
        "osm_id": "way/1305268672",
        "name": "Amrita Vidyalayam",
        "kind": "school",
        "category": "education",
        "source": "OpenStreetMap contributors",
        "captured_utc": "2026-09-09 16:36"
      },
      "geometry": {
        "type": "Point",
        "coordinates": [
          77.0533114,
          11.0676357
        ]
      }
    },
    {
      "type": "Feature",
      "properties": {
        "osm_id": "way/1305268681",
        "name": "Education",
        "kind": "school",
        "category": "education",
        "source": "OpenStreetMap contributors",
        "captured_utc": "2026-09-09 16:36"
      },
      "geometry": {
        "type": "Point",
        "coordinates": [
          77.0552539,
          11.0717718
        ]
      }
    },
    {
      "type": "Feature",
      "properties": {
        "osm_id": "way/1305508643",
        "name": "GRD-CPF Matriculation Higher Secondary School",
        "kind": "school",
        "category": "education",
        "source": "OpenStreetMap contributors",
        "captured_utc": "2026-09-09 16:36"
      },
      "geometry": {
        "type": "Point",
        "coordinates": [
          77.0928672,
          11.061734
        ]
      }
    },
    {
      "type": "Feature",
      "properties": {
        "osm_id": "way/1305508645",
        "name": "Sri Vivekananda Matriculation Higher Secondary School",
        "kind": "school",
        "category": "education",
        "source": "OpenStreetMap contributors",
        "captured_utc": "2026-09-09 16:36"
      },
      "geometry": {
        "type": "Point",
        "coordinates": [
          77.0572126,
          11.054695
        ]
      }
    },
    {
      "type": "Feature",
      "properties": {
        "osm_id": "way/1305572964",
        "name": "SNR College Cricket Stadium",
        "kind": "pitch",
        "category": "recreation",
        "source": "OpenStreetMap contributors",
        "captured_utc": "2026-09-09 16:36"
      },
      "geometry": {
        "type": "Point",
        "coordinates": [
          76.9854651,
          11.0226541
        ]
      }
    },
    {
      "type": "Feature",
      "properties": {
        "osm_id": "way/1309435418",
        "name": "Education",
        "kind": "school",
        "category": "education",
        "source": "OpenStreetMap contributors",
        "captured_utc": "2026-09-09 16:36"
      },
      "geometry": {
        "type": "Point",
        "coordinates": [
          76.9673187,
          11.0220662
        ]
      }
    },
    {
      "type": "Feature",
      "properties": {
        "osm_id": "way/1311199045",
        "name": "Punarnava Ayurveda",
        "kind": "hospital",
        "category": "health",
        "source": "OpenStreetMap contributors",
        "captured_utc": "2026-09-09 16:36"
      },
      "geometry": {
        "type": "Point",
        "coordinates": [
          76.9995841,
          10.9830163
        ]
      }
    },
    {
      "type": "Feature",
      "properties": {
        "osm_id": "way/1311700635",
        "name": "Tamil Semmozhi Memorial Park",
        "kind": "park",
        "category": "recreation",
        "source": "OpenStreetMap contributors",
        "captured_utc": "2026-09-09 16:36"
      },
      "geometry": {
        "type": "Point",
        "coordinates": [
          77.0013574,
          10.9945338
        ]
      }
    },
    {
      "type": "Feature",
      "properties": {
        "osm_id": "way/1348530473",
        "name": "Chettipalayam Police Station",
        "kind": "police",
        "category": "civic",
        "source": "OpenStreetMap contributors",
        "captured_utc": "2026-09-09 16:36"
      },
      "geometry": {
        "type": "Point",
        "coordinates": [
          77.0377395,
          10.9174713
        ]
      }
    },
    {
      "type": "Feature",
      "properties": {
        "osm_id": "way/1372030826",
        "name": "Recreation",
        "kind": "park",
        "category": "recreation",
        "source": "OpenStreetMap contributors",
        "captured_utc": "2026-09-09 16:36"
      },
      "geometry": {
        "type": "Point",
        "coordinates": [
          76.9416549,
          11.0228548
        ]
      }
    },
    {
      "type": "Feature",
      "properties": {
        "osm_id": "way/1378109962",
        "name": "Volleyball",
        "kind": "pitch",
        "category": "recreation",
        "source": "OpenStreetMap contributors",
        "captured_utc": "2026-09-09 16:36"
      },
      "geometry": {
        "type": "Point",
        "coordinates": [
          76.9899719,
          11.0794002
        ]
      }
    },
    {
      "type": "Feature",
      "properties": {
        "osm_id": "way/1378109965",
        "name": "Kabaddi",
        "kind": "playground",
        "category": "recreation",
        "source": "OpenStreetMap contributors",
        "captured_utc": "2026-09-09 16:36"
      },
      "geometry": {
        "type": "Point",
        "coordinates": [
          76.9887709,
          11.0790291
        ]
      }
    },
    {
      "type": "Feature",
      "properties": {
        "osm_id": "way/1378109969",
        "name": "Recreation",
        "kind": "pitch",
        "category": "recreation",
        "source": "OpenStreetMap contributors",
        "captured_utc": "2026-09-09 16:36"
      },
      "geometry": {
        "type": "Point",
        "coordinates": [
          76.9877321,
          11.0767127
        ]
      }
    },
    {
      "type": "Feature",
      "properties": {
        "osm_id": "way/1380073110",
        "name": "Kabaddi Ground",
        "kind": "playground",
        "category": "recreation",
        "source": "OpenStreetMap contributors",
        "captured_utc": "2026-09-09 16:36"
      },
      "geometry": {
        "type": "Point",
        "coordinates": [
          77.0265058,
          11.0269589
        ]
      }
    },
    {
      "type": "Feature",
      "properties": {
        "osm_id": "way/1380073111",
        "name": "Ball Badminton Court",
        "kind": "playground",
        "category": "recreation",
        "source": "OpenStreetMap contributors",
        "captured_utc": "2026-09-09 16:36"
      },
      "geometry": {
        "type": "Point",
        "coordinates": [
          77.0265878,
          11.0267057
        ]
      }
    },
    {
      "type": "Feature",
      "properties": {
        "osm_id": "way/1385752911",
        "name": "Coimbatore Fire Staion",
        "kind": "fire_station",
        "category": "civic",
        "source": "OpenStreetMap contributors",
        "captured_utc": "2026-09-09 16:36"
      },
      "geometry": {
        "type": "Point",
        "coordinates": [
          76.9685119,
          10.9979554
        ]
      }
    },
    {
      "type": "Feature",
      "properties": {
        "osm_id": "way/1395642473",
        "name": "Recreation",
        "kind": "pitch",
        "category": "recreation",
        "source": "OpenStreetMap contributors",
        "captured_utc": "2026-09-09 16:36"
      },
      "geometry": {
        "type": "Point",
        "coordinates": [
          76.9400936,
          10.9435693
        ]
      }
    },
    {
      "type": "Feature",
      "properties": {
        "osm_id": "way/1411586110",
        "name": "Aarogya Kudumbam",
        "kind": "social_facility",
        "category": "community",
        "source": "OpenStreetMap contributors",
        "captured_utc": "2026-09-09 16:36"
      },
      "geometry": {
        "type": "Point",
        "coordinates": [
          76.8200937,
          11.0760837
        ]
      }
    },
    {
      "type": "Feature",
      "properties": {
        "osm_id": "way/1425995762",
        "name": "Amrita playground - Agastya/Gautama bhavanam",
        "kind": "playground",
        "category": "recreation",
        "source": "OpenStreetMap contributors",
        "captured_utc": "2026-09-09 16:36"
      },
      "geometry": {
        "type": "Point",
        "coordinates": [
          76.894324,
          10.9012907
        ]
      }
    },
    {
      "type": "Feature",
      "properties": {
        "osm_id": "way/1429001829",
        "name": "Brahmam Hall",
        "kind": "community_centre",
        "category": "community",
        "source": "OpenStreetMap contributors",
        "captured_utc": "2026-09-09 16:36"
      },
      "geometry": {
        "type": "Point",
        "coordinates": [
          77.0341004,
          11.0341107
        ]
      }
    },
    {
      "type": "Feature",
      "properties": {
        "osm_id": "way/1429305137",
        "name": "PSG Tennis Court",
        "kind": "pitch",
        "category": "recreation",
        "source": "OpenStreetMap contributors",
        "captured_utc": "2026-09-09 16:36"
      },
      "geometry": {
        "type": "Point",
        "coordinates": [
          77.0339771,
          11.0317902
        ]
      }
    },
    {
      "type": "Feature",
      "properties": {
        "osm_id": "way/1429519443",
        "name": "Football Ground",
        "kind": "pitch",
        "category": "recreation",
        "source": "OpenStreetMap contributors",
        "captured_utc": "2026-09-09 16:36"
      },
      "geometry": {
        "type": "Point",
        "coordinates": [
          77.0331012,
          11.0311643
        ]
      }
    },
    {
      "type": "Feature",
      "properties": {
        "osm_id": "way/1429522509",
        "name": "Basketball Court",
        "kind": "pitch",
        "category": "recreation",
        "source": "OpenStreetMap contributors",
        "captured_utc": "2026-09-09 16:36"
      },
      "geometry": {
        "type": "Point",
        "coordinates": [
          77.0362773,
          11.0320986
        ]
      }
    },
    {
      "type": "Feature",
      "properties": {
        "osm_id": "way/1433713905",
        "name": "Hockey Court",
        "kind": "pitch",
        "category": "recreation",
        "source": "OpenStreetMap contributors",
        "captured_utc": "2026-09-09 16:36"
      },
      "geometry": {
        "type": "Point",
        "coordinates": [
          77.0339742,
          11.0312386
        ]
      }
    },
    {
      "type": "Feature",
      "properties": {
        "osm_id": "way/1434826798",
        "name": "Kho Kho Court",
        "kind": "pitch",
        "category": "recreation",
        "source": "OpenStreetMap contributors",
        "captured_utc": "2026-09-09 16:36"
      },
      "geometry": {
        "type": "Point",
        "coordinates": [
          77.0339741,
          11.03071
        ]
      }
    },
    {
      "type": "Feature",
      "properties": {
        "osm_id": "way/1434827467",
        "name": "Volleyball Court",
        "kind": "pitch",
        "category": "recreation",
        "source": "OpenStreetMap contributors",
        "captured_utc": "2026-09-09 16:36"
      },
      "geometry": {
        "type": "Point",
        "coordinates": [
          77.0362469,
          11.0324165
        ]
      }
    },
    {
      "type": "Feature",
      "properties": {
        "osm_id": "way/1443866756",
        "name": "Karpagam Play Grounds",
        "kind": "college",
        "category": "education",
        "source": "OpenStreetMap contributors",
        "captured_utc": "2026-09-09 16:36"
      },
      "geometry": {
        "type": "Point",
        "coordinates": [
          76.9823246,
          10.9075802
        ]
      }
    },
    {
      "type": "Feature",
      "properties": {
        "osm_id": "way/1443876955",
        "name": "Education",
        "kind": "college",
        "category": "education",
        "source": "OpenStreetMap contributors",
        "captured_utc": "2026-09-09 16:36"
      },
      "geometry": {
        "type": "Point",
        "coordinates": [
          76.9747511,
          10.9309018
        ]
      }
    },
    {
      "type": "Feature",
      "properties": {
        "osm_id": "way/1443878498",
        "name": "PERKS Matriculation Higher Secondary School",
        "kind": "school",
        "category": "education",
        "source": "OpenStreetMap contributors",
        "captured_utc": "2026-09-09 16:36"
      },
      "geometry": {
        "type": "Point",
        "coordinates": [
          77.0169833,
          11.0017539
        ]
      }
    },
    {
      "type": "Feature",
      "properties": {
        "osm_id": "way/1443879780",
        "name": "SSVM World School",
        "kind": "school",
        "category": "education",
        "source": "OpenStreetMap contributors",
        "captured_utc": "2026-09-09 16:36"
      },
      "geometry": {
        "type": "Point",
        "coordinates": [
          77.0421386,
          10.9852775
        ]
      }
    },
    {
      "type": "Feature",
      "properties": {
        "osm_id": "way/1443883519",
        "name": "Recreation",
        "kind": "playground",
        "category": "recreation",
        "source": "OpenStreetMap contributors",
        "captured_utc": "2026-09-09 16:36"
      },
      "geometry": {
        "type": "Point",
        "coordinates": [
          76.9913357,
          10.9366815
        ]
      }
    },
    {
      "type": "Feature",
      "properties": {
        "osm_id": "way/1447852909",
        "name": "Peepal Prodigy Senior Secondary School",
        "kind": "school",
        "category": "education",
        "source": "OpenStreetMap contributors",
        "captured_utc": "2026-09-09 16:36"
      },
      "geometry": {
        "type": "Point",
        "coordinates": [
          76.9612734,
          10.9306335
        ]
      }
    },
    {
      "type": "Feature",
      "properties": {
        "osm_id": "way/1447852910",
        "name": "Recreation",
        "kind": "pitch",
        "category": "recreation",
        "source": "OpenStreetMap contributors",
        "captured_utc": "2026-09-09 16:36"
      },
      "geometry": {
        "type": "Point",
        "coordinates": [
          76.960755,
          10.9296953
        ]
      }
    },
    {
      "type": "Feature",
      "properties": {
        "osm_id": "way/1447859384",
        "name": "Doon Public School",
        "kind": "school",
        "category": "education",
        "source": "OpenStreetMap contributors",
        "captured_utc": "2026-09-09 16:36"
      },
      "geometry": {
        "type": "Point",
        "coordinates": [
          76.978156,
          10.9955726
        ]
      }
    },
    {
      "type": "Feature",
      "properties": {
        "osm_id": "way/1447859385",
        "name": "Vivekalaya Matriculation Higher Secondary School",
        "kind": "school",
        "category": "education",
        "source": "OpenStreetMap contributors",
        "captured_utc": "2026-09-09 16:36"
      },
      "geometry": {
        "type": "Point",
        "coordinates": [
          76.9786059,
          10.9962881
        ]
      }
    },
    {
      "type": "Feature",
      "properties": {
        "osm_id": "way/1447859779",
        "name": "Kovai Vidya Mandir School",
        "kind": "school",
        "category": "education",
        "source": "OpenStreetMap contributors",
        "captured_utc": "2026-09-09 16:36"
      },
      "geometry": {
        "type": "Point",
        "coordinates": [
          77.0540271,
          11.0468602
        ]
      }
    },
    {
      "type": "Feature",
      "properties": {
        "osm_id": "way/1447860087",
        "name": "Coimbatore Public School",
        "kind": "school",
        "category": "education",
        "source": "OpenStreetMap contributors",
        "captured_utc": "2026-09-09 16:36"
      },
      "geometry": {
        "type": "Point",
        "coordinates": [
          76.9704943,
          11.0918186
        ]
      }
    },
    {
      "type": "Feature",
      "properties": {
        "osm_id": "way/1447860559",
        "name": "Vidya Niketan Public School",
        "kind": "school",
        "category": "education",
        "source": "OpenStreetMap contributors",
        "captured_utc": "2026-09-09 16:36"
      },
      "geometry": {
        "type": "Point",
        "coordinates": [
          76.9905849,
          11.0097643
        ]
      }
    },
    {
      "type": "Feature",
      "properties": {
        "osm_id": "way/1447866444",
        "name": "Vibgyor High School",
        "kind": "school",
        "category": "education",
        "source": "OpenStreetMap contributors",
        "captured_utc": "2026-09-09 16:36"
      },
      "geometry": {
        "type": "Point",
        "coordinates": [
          77.0252325,
          11.0122706
        ]
      }
    },
    {
      "type": "Feature",
      "properties": {
        "osm_id": "way/1447866676",
        "name": "Harvee School",
        "kind": "school",
        "category": "education",
        "source": "OpenStreetMap contributors",
        "captured_utc": "2026-09-09 16:36"
      },
      "geometry": {
        "type": "Point",
        "coordinates": [
          76.9539063,
          10.9667401
        ]
      }
    },
    {
      "type": "Feature",
      "properties": {
        "osm_id": "way/1447867414",
        "name": "National Model Senior Secondary School",
        "kind": "school",
        "category": "education",
        "source": "OpenStreetMap contributors",
        "captured_utc": "2026-09-09 16:36"
      },
      "geometry": {
        "type": "Point",
        "coordinates": [
          77.0121461,
          11.0174375
        ]
      }
    },
    {
      "type": "Feature",
      "properties": {
        "osm_id": "way/1447871413",
        "name": "Camford International School",
        "kind": "school",
        "category": "education",
        "source": "OpenStreetMap contributors",
        "captured_utc": "2026-09-09 16:36"
      },
      "geometry": {
        "type": "Point",
        "coordinates": [
          76.9683332,
          11.0513571
        ]
      }
    },
    {
      "type": "Feature",
      "properties": {
        "osm_id": "way/1447871414",
        "name": "Recreation",
        "kind": "pitch",
        "category": "recreation",
        "source": "OpenStreetMap contributors",
        "captured_utc": "2026-09-09 16:36"
      },
      "geometry": {
        "type": "Point",
        "coordinates": [
          76.96779,
          11.0514018
        ]
      }
    },
    {
      "type": "Feature",
      "properties": {
        "osm_id": "way/1447874173",
        "name": "Anan Kids Academy Play School",
        "kind": "school",
        "category": "education",
        "source": "OpenStreetMap contributors",
        "captured_utc": "2026-09-09 16:36"
      },
      "geometry": {
        "type": "Point",
        "coordinates": [
          77.0351863,
          11.0662133
        ]
      }
    },
    {
      "type": "Feature",
      "properties": {
        "osm_id": "way/1447876823",
        "name": "Avatar Public School",
        "kind": "school",
        "category": "education",
        "source": "OpenStreetMap contributors",
        "captured_utc": "2026-09-09 16:36"
      },
      "geometry": {
        "type": "Point",
        "coordinates": [
          77.0217744,
          10.92908
        ]
      }
    },
    {
      "type": "Feature",
      "properties": {
        "osm_id": "way/1447877769",
        "name": "Bharathiya Vidya Bhavan Matric Higher Secondary",
        "kind": "school",
        "category": "education",
        "source": "OpenStreetMap contributors",
        "captured_utc": "2026-09-09 16:36"
      },
      "geometry": {
        "type": "Point",
        "coordinates": [
          76.949679,
          11.0129545
        ]
      }
    },
    {
      "type": "Feature",
      "properties": {
        "osm_id": "way/1447880258",
        "name": "Delhi Public School Coimbatore",
        "kind": "school",
        "category": "education",
        "source": "OpenStreetMap contributors",
        "captured_utc": "2026-09-09 16:36"
      },
      "geometry": {
        "type": "Point",
        "coordinates": [
          76.8700061,
          11.011111
        ]
      }
    },
    {
      "type": "Feature",
      "properties": {
        "osm_id": "way/1448235140",
        "name": "Kumaraguru College of Technology",
        "kind": "college",
        "category": "education",
        "source": "OpenStreetMap contributors",
        "captured_utc": "2026-09-09 16:36"
      },
      "geometry": {
        "type": "Point",
        "coordinates": [
          76.9885481,
          11.0775628
        ]
      }
    },
    {
      "type": "Feature",
      "properties": {
        "osm_id": "way/1448243053",
        "name": "Recreation",
        "kind": "playground",
        "category": "recreation",
        "source": "OpenStreetMap contributors",
        "captured_utc": "2026-09-09 16:36"
      },
      "geometry": {
        "type": "Point",
        "coordinates": [
          76.9517177,
          10.9084934
        ]
      }
    },
    {
      "type": "Feature",
      "properties": {
        "osm_id": "way/1460005482",
        "name": "Podanur Police Station",
        "kind": "police",
        "category": "civic",
        "source": "OpenStreetMap contributors",
        "captured_utc": "2026-09-09 16:36"
      },
      "geometry": {
        "type": "Point",
        "coordinates": [
          76.9854655,
          10.9658795
        ]
      }
    },
    {
      "type": "Feature",
      "properties": {
        "osm_id": "way/1460007334",
        "name": "Islamiyah Matriculation Higher Secondary School",
        "kind": "school",
        "category": "education",
        "source": "OpenStreetMap contributors",
        "captured_utc": "2026-09-09 16:36"
      },
      "geometry": {
        "type": "Point",
        "coordinates": [
          76.9646993,
          10.9750035
        ]
      }
    },
    {
      "type": "Feature",
      "properties": {
        "osm_id": "way/1460012655",
        "name": "Sangamam Marriage Hall",
        "kind": "community_centre",
        "category": "community",
        "source": "OpenStreetMap contributors",
        "captured_utc": "2026-09-09 16:36"
      },
      "geometry": {
        "type": "Point",
        "coordinates": [
          76.9685915,
          10.9713759
        ]
      }
    },
    {
      "type": "Feature",
      "properties": {
        "osm_id": "way/1460012656",
        "name": "Fatima Marriage Hall",
        "kind": "community_centre",
        "category": "community",
        "source": "OpenStreetMap contributors",
        "captured_utc": "2026-09-09 16:36"
      },
      "geometry": {
        "type": "Point",
        "coordinates": [
          76.9692208,
          10.9711615
        ]
      }
    },
    {
      "type": "Feature",
      "properties": {
        "osm_id": "way/1460012657",
        "name": "Texcity College of Nursing",
        "kind": "college",
        "category": "education",
        "source": "OpenStreetMap contributors",
        "captured_utc": "2026-09-09 16:36"
      },
      "geometry": {
        "type": "Point",
        "coordinates": [
          76.9713304,
          10.9708945
        ]
      }
    },
    {
      "type": "Feature",
      "properties": {
        "osm_id": "way/1460012658",
        "name": "Befit Badminton Court",
        "kind": "pitch",
        "category": "recreation",
        "source": "OpenStreetMap contributors",
        "captured_utc": "2026-09-09 16:36"
      },
      "geometry": {
        "type": "Point",
        "coordinates": [
          76.9743863,
          10.9716213
        ]
      }
    },
    {
      "type": "Feature",
      "properties": {
        "osm_id": "way/1460012659",
        "name": "PVG Thirumana Hall",
        "kind": "community_centre",
        "category": "community",
        "source": "OpenStreetMap contributors",
        "captured_utc": "2026-09-09 16:36"
      },
      "geometry": {
        "type": "Point",
        "coordinates": [
          76.9751602,
          10.9695908
        ]
      }
    },
    {
      "type": "Feature",
      "properties": {
        "osm_id": "way/1460012660",
        "name": "Thendra Hall",
        "kind": "community_centre",
        "category": "community",
        "source": "OpenStreetMap contributors",
        "captured_utc": "2026-09-09 16:36"
      },
      "geometry": {
        "type": "Point",
        "coordinates": [
          76.9753637,
          10.9681697
        ]
      }
    },
    {
      "type": "Feature",
      "properties": {
        "osm_id": "way/1460013056",
        "name": "Sengotiah School Grounds",
        "kind": "school",
        "category": "education",
        "source": "OpenStreetMap contributors",
        "captured_utc": "2026-09-09 16:36"
      },
      "geometry": {
        "type": "Point",
        "coordinates": [
          76.9784538,
          10.9552217
        ]
      }
    },
    {
      "type": "Feature",
      "properties": {
        "osm_id": "way/1460014818",
        "name": "Dubai Mahal",
        "kind": "community_centre",
        "category": "community",
        "source": "OpenStreetMap contributors",
        "captured_utc": "2026-09-09 16:36"
      },
      "geometry": {
        "type": "Point",
        "coordinates": [
          76.9700122,
          10.9109871
        ]
      }
    },
    {
      "type": "Feature",
      "properties": {
        "osm_id": "way/1464556860",
        "name": "MVS Mahal",
        "kind": "community_centre",
        "category": "community",
        "source": "OpenStreetMap contributors",
        "captured_utc": "2026-09-09 16:36"
      },
      "geometry": {
        "type": "Point",
        "coordinates": [
          76.9726951,
          10.9032944
        ]
      }
    },
    {
      "type": "Feature",
      "properties": {
        "osm_id": "way/1464559288",
        "name": "MKS Cricket Ground",
        "kind": "pitch",
        "category": "recreation",
        "source": "OpenStreetMap contributors",
        "captured_utc": "2026-09-09 16:36"
      },
      "geometry": {
        "type": "Point",
        "coordinates": [
          76.9982498,
          10.9290908
        ]
      }
    },
    {
      "type": "Feature",
      "properties": {
        "osm_id": "way/1464561917",
        "name": "Sri Abhirami College of Pharmacy",
        "kind": "college",
        "category": "education",
        "source": "OpenStreetMap contributors",
        "captured_utc": "2026-09-09 16:36"
      },
      "geometry": {
        "type": "Point",
        "coordinates": [
          76.9833733,
          10.9130784
        ]
      }
    },
    {
      "type": "Feature",
      "properties": {
        "osm_id": "way/1464562131",
        "name": "Sri Abhirami College of Nursing",
        "kind": "college",
        "category": "education",
        "source": "OpenStreetMap contributors",
        "captured_utc": "2026-09-09 16:36"
      },
      "geometry": {
        "type": "Point",
        "coordinates": [
          76.9821031,
          10.9145353
        ]
      }
    },
    {
      "type": "Feature",
      "properties": {
        "osm_id": "way/1468144814",
        "name": "P N Mahal",
        "kind": "community_centre",
        "category": "community",
        "source": "OpenStreetMap contributors",
        "captured_utc": "2026-09-09 16:36"
      },
      "geometry": {
        "type": "Point",
        "coordinates": [
          76.9693142,
          10.961716
        ]
      }
    },
    {
      "type": "Feature",
      "properties": {
        "osm_id": "way/1468147278",
        "name": "Community",
        "kind": "community_centre",
        "category": "community",
        "source": "OpenStreetMap contributors",
        "captured_utc": "2026-09-09 16:36"
      },
      "geometry": {
        "type": "Point",
        "coordinates": [
          76.9552791,
          10.9712737
        ]
      }
    },
    {
      "type": "Feature",
      "properties": {
        "osm_id": "way/1468147279",
        "name": "Noor Sait Matricultion School",
        "kind": "school",
        "category": "education",
        "source": "OpenStreetMap contributors",
        "captured_utc": "2026-09-09 16:36"
      },
      "geometry": {
        "type": "Point",
        "coordinates": [
          76.9501509,
          10.9703441
        ]
      }
    },
    {
      "type": "Feature",
      "properties": {
        "osm_id": "way/1468147282",
        "name": "GHHS Kurichi School",
        "kind": "school",
        "category": "education",
        "source": "OpenStreetMap contributors",
        "captured_utc": "2026-09-09 16:36"
      },
      "geometry": {
        "type": "Point",
        "coordinates": [
          76.962811,
          10.9599928
        ]
      }
    },
    {
      "type": "Feature",
      "properties": {
        "osm_id": "way/1468149230",
        "name": "Nirmala Matha Convent School-ICSE/ISC",
        "kind": "school",
        "category": "education",
        "source": "OpenStreetMap contributors",
        "captured_utc": "2026-09-09 16:36"
      },
      "geometry": {
        "type": "Point",
        "coordinates": [
          76.9617067,
          10.9563957
        ]
      }
    },
    {
      "type": "Feature",
      "properties": {
        "osm_id": "way/1468160426",
        "name": "TN Police Battallion",
        "kind": "police",
        "category": "civic",
        "source": "OpenStreetMap contributors",
        "captured_utc": "2026-09-09 16:36"
      },
      "geometry": {
        "type": "Point",
        "coordinates": [
          76.9391242,
          10.9414244
        ]
      }
    },
    {
      "type": "Feature",
      "properties": {
        "osm_id": "way/1481158131",
        "name": "Health Center & EDC",
        "kind": "hospital",
        "category": "health",
        "source": "OpenStreetMap contributors",
        "captured_utc": "2026-09-09 16:36"
      },
      "geometry": {
        "type": "Point",
        "coordinates": [
          77.0354641,
          11.0327607
        ]
      }
    },
    {
      "type": "Feature",
      "properties": {
        "osm_id": "way/1483770820",
        "name": "GRG Playground",
        "kind": "playground",
        "category": "recreation",
        "source": "OpenStreetMap contributors",
        "captured_utc": "2026-09-09 16:36"
      },
      "geometry": {
        "type": "Point",
        "coordinates": [
          77.0075815,
          11.0280785
        ]
      }
    },
    {
      "type": "Feature",
      "properties": {
        "osm_id": "way/1484071499",
        "name": "Sports Arena",
        "kind": "pitch",
        "category": "recreation",
        "source": "OpenStreetMap contributors",
        "captured_utc": "2026-09-09 16:36"
      },
      "geometry": {
        "type": "Point",
        "coordinates": [
          77.0081675,
          11.0279425
        ]
      }
    },
    {
      "type": "Feature",
      "properties": {
        "osm_id": "way/1484822231",
        "name": "NISE playgroud",
        "kind": "playground",
        "category": "recreation",
        "source": "OpenStreetMap contributors",
        "captured_utc": "2026-09-09 16:36"
      },
      "geometry": {
        "type": "Point",
        "coordinates": [
          77.0083338,
          11.0304499
        ]
      }
    },
    {
      "type": "Feature",
      "properties": {
        "osm_id": "way/1486337346",
        "name": "N BLOCK Ground",
        "kind": "playground",
        "category": "recreation",
        "source": "OpenStreetMap contributors",
        "captured_utc": "2026-09-09 16:36"
      },
      "geometry": {
        "type": "Point",
        "coordinates": [
          77.0029013,
          11.0220679
        ]
      }
    },
    {
      "type": "Feature",
      "properties": {
        "osm_id": "way/1486485687",
        "name": "PSG Medical College Cricket ground",
        "kind": "pitch",
        "category": "recreation",
        "source": "OpenStreetMap contributors",
        "captured_utc": "2026-09-09 16:36"
      },
      "geometry": {
        "type": "Point",
        "coordinates": [
          77.0108444,
          11.0145833
        ]
      }
    },
    {
      "type": "Feature",
      "properties": {
        "osm_id": "way/1486808704",
        "name": "Children park",
        "kind": "park",
        "category": "recreation",
        "source": "OpenStreetMap contributors",
        "captured_utc": "2026-09-09 16:36"
      },
      "geometry": {
        "type": "Point",
        "coordinates": [
          76.9383365,
          11.0685826
        ]
      }
    },
    {
      "type": "Feature",
      "properties": {
        "osm_id": "way/1486808705",
        "name": "TenniMaSh Academy",
        "kind": "sports_centre",
        "category": "recreation",
        "source": "OpenStreetMap contributors",
        "captured_utc": "2026-09-09 16:36"
      },
      "geometry": {
        "type": "Point",
        "coordinates": [
          76.9377372,
          11.067841
        ]
      }
    },
    {
      "type": "Feature",
      "properties": {
        "osm_id": "way/1486808706",
        "name": "Vidya Vikasini Institutions",
        "kind": "school",
        "category": "education",
        "source": "OpenStreetMap contributors",
        "captured_utc": "2026-09-09 16:36"
      },
      "geometry": {
        "type": "Point",
        "coordinates": [
          76.9416853,
          11.0701312
        ]
      }
    },
    {
      "type": "Feature",
      "properties": {
        "osm_id": "way/1487718752",
        "name": "Bragathi Hospital",
        "kind": "hospital",
        "category": "health",
        "source": "OpenStreetMap contributors",
        "captured_utc": "2026-09-09 16:36"
      },
      "geometry": {
        "type": "Point",
        "coordinates": [
          76.9770891,
          11.0215972
        ]
      }
    },
    {
      "type": "Feature",
      "properties": {
        "osm_id": "way/1494998246",
        "name": "Education",
        "kind": "school",
        "category": "education",
        "source": "OpenStreetMap contributors",
        "captured_utc": "2026-09-09 16:36"
      },
      "geometry": {
        "type": "Point",
        "coordinates": [
          77.0232502,
          11.0191746
        ]
      }
    },
    {
      "type": "Feature",
      "properties": {
        "osm_id": "way/1494998247",
        "name": "Education",
        "kind": "school",
        "category": "education",
        "source": "OpenStreetMap contributors",
        "captured_utc": "2026-09-09 16:36"
      },
      "geometry": {
        "type": "Point",
        "coordinates": [
          77.0236149,
          11.0179681
        ]
      }
    },
    {
      "type": "Feature",
      "properties": {
        "osm_id": "way/1528968056",
        "name": "Adwaith Thought Academy",
        "kind": "school",
        "category": "education",
        "source": "OpenStreetMap contributors",
        "captured_utc": "2026-09-09 16:36"
      },
      "geometry": {
        "type": "Point",
        "coordinates": [
          77.0038371,
          11.0054949
        ]
      }
    },
    {
      "type": "Feature",
      "properties": {
        "osm_id": "way/1528969449",
        "name": "Heart care Hospital - Dr. Balaji",
        "kind": "hospital",
        "category": "health",
        "source": "OpenStreetMap contributors",
        "captured_utc": "2026-09-09 16:36"
      },
      "geometry": {
        "type": "Point",
        "coordinates": [
          77.0044787,
          11.0142508
        ]
      }
    },
    {
      "type": "Feature",
      "properties": {
        "osm_id": "way/1528970689",
        "name": "Little Flower Children School",
        "kind": "school",
        "category": "education",
        "source": "OpenStreetMap contributors",
        "captured_utc": "2026-09-09 16:36"
      },
      "geometry": {
        "type": "Point",
        "coordinates": [
          77.0062995,
          11.0138056
        ]
      }
    },
    {
      "type": "Feature",
      "properties": {
        "osm_id": "way/1528973359",
        "name": "Sarvam Institute of ENT & Research",
        "kind": "hospital",
        "category": "health",
        "source": "OpenStreetMap contributors",
        "captured_utc": "2026-09-09 16:36"
      },
      "geometry": {
        "type": "Point",
        "coordinates": [
          76.9996666,
          10.998825
        ]
      }
    },
    {
      "type": "Feature",
      "properties": {
        "osm_id": "way/1531580314",
        "name": "Lil Pallikudam School",
        "kind": "school",
        "category": "education",
        "source": "OpenStreetMap contributors",
        "captured_utc": "2026-09-09 16:36"
      },
      "geometry": {
        "type": "Point",
        "coordinates": [
          76.9709522,
          11.0035492
        ]
      }
    },
    {
      "type": "Feature",
      "properties": {
        "osm_id": "way/1531582973",
        "name": "ELGI School",
        "kind": "school",
        "category": "education",
        "source": "OpenStreetMap contributors",
        "captured_utc": "2026-09-09 16:36"
      },
      "geometry": {
        "type": "Point",
        "coordinates": [
          77.0059316,
          10.9663666
        ]
      }
    },
    {
      "type": "Feature",
      "properties": {
        "osm_id": "way/1531583835",
        "name": "Nachi Muthu Gounder Rukmani Ammal Elementary School",
        "kind": "school",
        "category": "education",
        "source": "OpenStreetMap contributors",
        "captured_utc": "2026-09-09 16:36"
      },
      "geometry": {
        "type": "Point",
        "coordinates": [
          77.0049453,
          10.9655286
        ]
      }
    },
    {
      "type": "Feature",
      "properties": {
        "osm_id": "way/1531592719",
        "name": "SBIOA Public Senior Secondary School",
        "kind": "school",
        "category": "education",
        "source": "OpenStreetMap contributors",
        "captured_utc": "2026-09-09 16:36"
      },
      "geometry": {
        "type": "Point",
        "coordinates": [
          77.0580987,
          10.9759362
        ]
      }
    },
    {
      "type": "Feature",
      "properties": {
        "osm_id": "way/1532382039",
        "name": "Education",
        "kind": "school",
        "category": "education",
        "source": "OpenStreetMap contributors",
        "captured_utc": "2026-09-09 16:36"
      },
      "geometry": {
        "type": "Point",
        "coordinates": [
          76.8435127,
          10.9923896
        ]
      }
    },
    {
      "type": "Feature",
      "properties": {
        "osm_id": "way/1532396115",
        "name": "Sri Ramakrishna Institute Of Technology",
        "kind": "college",
        "category": "education",
        "source": "OpenStreetMap contributors",
        "captured_utc": "2026-09-09 16:36"
      },
      "geometry": {
        "type": "Point",
        "coordinates": [
          76.8996674,
          10.944631
        ]
      }
    },
    {
      "type": "Feature",
      "properties": {
        "osm_id": "way/1536179352",
        "name": "Geethanjali Matriculation Sxhool",
        "kind": "school",
        "category": "education",
        "source": "OpenStreetMap contributors",
        "captured_utc": "2026-09-09 16:36"
      },
      "geometry": {
        "type": "Point",
        "coordinates": [
          77.0231783,
          11.0410384
        ]
      }
    },
    {
      "type": "Feature",
      "properties": {
        "osm_id": "way/1543194285",
        "name": "Annai Meenakshi College of Nursing",
        "kind": "college",
        "category": "education",
        "source": "OpenStreetMap contributors",
        "captured_utc": "2026-09-09 16:36"
      },
      "geometry": {
        "type": "Point",
        "coordinates": [
          76.9698836,
          10.9284611
        ]
      }
    },
    {
      "type": "Feature",
      "properties": {
        "osm_id": "way/1543204091",
        "name": "Sri Ramakrishna College of Arts & Science",
        "kind": "college",
        "category": "education",
        "source": "OpenStreetMap contributors",
        "captured_utc": "2026-09-09 16:36"
      },
      "geometry": {
        "type": "Point",
        "coordinates": [
          76.9870351,
          11.0226103
        ]
      }
    },
    {
      "type": "Feature",
      "properties": {
        "osm_id": "way/1543204092",
        "name": "Sri Ramakrishna Dental Hospital",
        "kind": "college",
        "category": "education",
        "source": "OpenStreetMap contributors",
        "captured_utc": "2026-09-09 16:36"
      },
      "geometry": {
        "type": "Point",
        "coordinates": [
          76.9882956,
          11.0222761
        ]
      }
    },
    {
      "type": "Feature",
      "properties": {
        "osm_id": "way/1544399138",
        "name": "ECE Department",
        "kind": "college",
        "category": "education",
        "source": "OpenStreetMap contributors",
        "captured_utc": "2026-09-09 16:36"
      },
      "geometry": {
        "type": "Point",
        "coordinates": [
          77.0930992,
          11.0655311
        ]
      }
    },
    {
      "type": "Feature",
      "properties": {
        "osm_id": "way/1551251020",
        "name": "SNS Institutions",
        "kind": "college",
        "category": "education",
        "source": "OpenStreetMap contributors",
        "captured_utc": "2026-09-09 16:36"
      },
      "geometry": {
        "type": "Point",
        "coordinates": [
          76.9677919,
          11.0837485
        ]
      }
    },
    {
      "type": "Feature",
      "properties": {
        "osm_id": "way/1551253099",
        "name": "SNS Institutions",
        "kind": "college",
        "category": "education",
        "source": "OpenStreetMap contributors",
        "captured_utc": "2026-09-09 16:36"
      },
      "geometry": {
        "type": "Point",
        "coordinates": [
          77.0272607,
          11.1016825
        ]
      }
    },
    {
      "type": "Feature",
      "properties": {
        "osm_id": "way/1557249442",
        "name": "Pukra Super Speciality Hospital",
        "kind": "hospital",
        "category": "health",
        "source": "OpenStreetMap contributors",
        "captured_utc": "2026-09-09 16:36"
      },
      "geometry": {
        "type": "Point",
        "coordinates": [
          77.075448,
          11.0189594
        ]
      }
    },
    {
      "type": "Feature",
      "properties": {
        "osm_id": "way/1557254473",
        "name": "JP Multi Speciality Hospital",
        "kind": "hospital",
        "category": "health",
        "source": "OpenStreetMap contributors",
        "captured_utc": "2026-09-09 16:36"
      },
      "geometry": {
        "type": "Point",
        "coordinates": [
          77.0838318,
          11.0113514
        ]
      }
    },
    {
      "type": "Feature",
      "properties": {
        "osm_id": "way/1557254474",
        "name": "Ortho Hospital",
        "kind": "hospital",
        "category": "health",
        "source": "OpenStreetMap contributors",
        "captured_utc": "2026-09-09 16:36"
      },
      "geometry": {
        "type": "Point",
        "coordinates": [
          77.0805883,
          11.0098744
        ]
      }
    },
    {
      "type": "Feature",
      "properties": {
        "osm_id": "way/1557254475",
        "name": "Sri Krishna Hospital",
        "kind": "hospital",
        "category": "health",
        "source": "OpenStreetMap contributors",
        "captured_utc": "2026-09-09 16:36"
      },
      "geometry": {
        "type": "Point",
        "coordinates": [
          77.0801547,
          11.0094525
        ]
      }
    },
    {
      "type": "Feature",
      "properties": {
        "osm_id": "way/1557254476",
        "name": "Padmavathy Hall",
        "kind": "community_centre",
        "category": "community",
        "source": "OpenStreetMap contributors",
        "captured_utc": "2026-09-09 16:36"
      },
      "geometry": {
        "type": "Point",
        "coordinates": [
          77.0786981,
          11.0090204
        ]
      }
    },
    {
      "type": "Feature",
      "properties": {
        "osm_id": "way/1557511882",
        "name": "LNV College of Arts & Science",
        "kind": "college",
        "category": "education",
        "source": "OpenStreetMap contributors",
        "captured_utc": "2026-09-09 16:36"
      },
      "geometry": {
        "type": "Point",
        "coordinates": [
          77.0150532,
          10.9408713
        ]
      }
    },
    {
      "type": "Feature",
      "properties": {
        "osm_id": "way/1557522767",
        "name": "Royal Care Hospital",
        "kind": "hospital",
        "category": "health",
        "source": "OpenStreetMap contributors",
        "captured_utc": "2026-09-09 16:36"
      },
      "geometry": {
        "type": "Point",
        "coordinates": [
          77.089759,
          11.0590438
        ]
      }
    },
    {
      "type": "Feature",
      "properties": {
        "osm_id": "relation/2294115",
        "name": "Health",
        "kind": "hospital",
        "category": "health",
        "source": "OpenStreetMap contributors",
        "captured_utc": "2026-09-09 16:36"
      },
      "geometry": {
        "type": "Point",
        "coordinates": [
          76.9973976,
          11.0825607
        ]
      }
    },
    {
      "type": "Feature",
      "properties": {
        "osm_id": "relation/2294124",
        "name": "Admin Block",
        "kind": "college",
        "category": "education",
        "source": "OpenStreetMap contributors",
        "captured_utc": "2026-09-09 16:36"
      },
      "geometry": {
        "type": "Point",
        "coordinates": [
          76.9895175,
          11.0776231
        ]
      }
    },
    {
      "type": "Feature",
      "properties": {
        "osm_id": "relation/2294158",
        "name": "Education",
        "kind": "college",
        "category": "education",
        "source": "OpenStreetMap contributors",
        "captured_utc": "2026-09-09 16:36"
      },
      "geometry": {
        "type": "Point",
        "coordinates": [
          76.9972969,
          11.0815554
        ]
      }
    },
    {
      "type": "Feature",
      "properties": {
        "osm_id": "relation/2294163",
        "name": "CMS College of Science and Commerce",
        "kind": "college",
        "category": "education",
        "source": "OpenStreetMap contributors",
        "captured_utc": "2026-09-09 16:36"
      },
      "geometry": {
        "type": "Point",
        "coordinates": [
          76.9813076,
          11.0739908
        ]
      }
    },
    {
      "type": "Feature",
      "properties": {
        "osm_id": "relation/2295479",
        "name": "G. Kuppuswamy Naidu Memorial Hospital",
        "kind": "hospital",
        "category": "health",
        "source": "OpenStreetMap contributors",
        "captured_utc": "2026-09-09 16:36"
      },
      "geometry": {
        "type": "Point",
        "coordinates": [
          76.980748,
          11.0119015
        ]
      }
    },
    {
      "type": "Feature",
      "properties": {
        "osm_id": "relation/2295480",
        "name": "Health",
        "kind": "hospital",
        "category": "health",
        "source": "OpenStreetMap contributors",
        "captured_utc": "2026-09-09 16:36"
      },
      "geometry": {
        "type": "Point",
        "coordinates": [
          76.9803086,
          11.0128666
        ]
      }
    },
    {
      "type": "Feature",
      "properties": {
        "osm_id": "relation/2644649",
        "name": "GRD School",
        "kind": "school",
        "category": "education",
        "source": "OpenStreetMap contributors",
        "captured_utc": "2026-09-09 16:36"
      },
      "geometry": {
        "type": "Point",
        "coordinates": [
          77.0310469,
          11.0339067
        ]
      }
    },
    {
      "type": "Feature",
      "properties": {
        "osm_id": "relation/5195472",
        "name": "Gopal Naidu School",
        "kind": "school",
        "category": "education",
        "source": "OpenStreetMap contributors",
        "captured_utc": "2026-09-09 16:36"
      },
      "geometry": {
        "type": "Point",
        "coordinates": [
          76.9937419,
          11.0273471
        ]
      }
    },
    {
      "type": "Feature",
      "properties": {
        "osm_id": "relation/7908018",
        "name": "Tamil Nadu Agricultural University",
        "kind": "university",
        "category": "education",
        "source": "OpenStreetMap contributors",
        "captured_utc": "2026-09-09 16:36"
      },
      "geometry": {
        "type": "Point",
        "coordinates": [
          76.9314878,
          11.0155457
        ]
      }
    },
    {
      "type": "Feature",
      "properties": {
        "osm_id": "relation/9099421",
        "name": "\u0b9c\u0bb5\u0bb9\u0bb0\u0bcd\u0bb2\u0bbe\u0bb2\u0bcd \u0ba8\u0bc7\u0bb0\u0bc1 \u0bb8\u0bcd\u0b9f\u0bc7\u0b9f\u0bbf\u0baf\u0bae\u0bcd, \u0b95\u0bcb\u0bb5\u0bc8",
        "kind": "stadium",
        "category": "recreation",
        "source": "OpenStreetMap contributors",
        "captured_utc": "2026-09-09 16:36"
      },
      "geometry": {
        "type": "Point",
        "coordinates": [
          76.9694134,
          11.0065786
        ]
      }
    },
    {
      "type": "Feature",
      "properties": {
        "osm_id": "relation/11817364",
        "name": "Aravind Eye Hospital - Peelamedu, Coimbatore",
        "kind": "hospital",
        "category": "health",
        "source": "OpenStreetMap contributors",
        "captured_utc": "2026-09-09 16:36"
      },
      "geometry": {
        "type": "Point",
        "coordinates": [
          77.0328714,
          11.0356018
        ]
      }
    },
    {
      "type": "Feature",
      "properties": {
        "osm_id": "relation/15431111",
        "name": "Water tank park",
        "kind": "park",
        "category": "recreation",
        "source": "OpenStreetMap contributors",
        "captured_utc": "2026-09-09 16:36"
      },
      "geometry": {
        "type": "Point",
        "coordinates": [
          77.0163068,
          11.0524495
        ]
      }
    },
    {
      "type": "Feature",
      "properties": {
        "osm_id": "relation/15712588",
        "name": "Cheran Maa Nagar Park",
        "kind": "park",
        "category": "recreation",
        "source": "OpenStreetMap contributors",
        "captured_utc": "2026-09-09 16:36"
      },
      "geometry": {
        "type": "Point",
        "coordinates": [
          77.0160859,
          11.0534098
        ]
      }
    },
    {
      "type": "Feature",
      "properties": {
        "osm_id": "relation/18147569",
        "name": "Recreation",
        "kind": "park",
        "category": "recreation",
        "source": "OpenStreetMap contributors",
        "captured_utc": "2026-09-09 16:36"
      },
      "geometry": {
        "type": "Point",
        "coordinates": [
          76.9535729,
          11.0170635
        ]
      }
    },
    {
      "type": "Feature",
      "properties": {
        "osm_id": "relation/19848205",
        "name": "Karpagam Institute of Technology",
        "kind": "college",
        "category": "education",
        "source": "OpenStreetMap contributors",
        "captured_utc": "2026-09-09 16:36"
      },
      "geometry": {
        "type": "Point",
        "coordinates": [
          76.9796503,
          10.9085711
        ]
      }
    }
  ]
}